FAC_SEQ_NUM,FAC_TYP_CD,FACTYPDESC,INFRASTRUC,PRESSR_ZN_NM,PRESSR_ZN_QTY,SIZE_NUM,SMPL_TYP_CD,FEED_SRC_NM,MAPNG_STAT_CD,FNCTNL_CD,OWNERSHIP_CD,OWNERSHIP_CD_DESC,STRT_ADDR_TYP_CD,DIV_MAINT_BY_CD,DIV_DESC,INTERCEPTOR_IND,STA_PRIM_NUM,STA_SCNDRY_NUM,FAC_NAME,ACTL_INST_DT_IND,INST_DT,LOCN_DESC_TXT,OLD_SPLASH1_DWO_ID,OLD_SPLASH1_WORK_ORDR_ID,GPS_SURVEYOR_IND,GPS_X_COORD_NUM,GPS_Y_COORD_NUM,FAC_STAT_CD,MAP_ID,FLD_BK_PAGE_NUM,FLD_BK_GRID_NUM,THOMAS_BROTHERS_CD,STRT_NUM,STRT_PREDIR_CD,STRT_NM,STRT_SFX_CD,STRT_UNIT_NUM,STRT_GATED_COMNTY_IND,NAD83E_NUM,NAD83N_NUM,NAD27E_NUM,NAD27N_NUM,OLD_FAC_SEQ_NUM,SENSITIVE_LAND_IND,GEOMETRY_ORIENTATION,DRAWG_NUM,DRAWG_SHEET_NUM,DRAWG_TYP_CD,DRAWG_TYP_CD_DESC,IAMFLOC,SAPOBJNR
534843,SLOC,SAMPLE LOCATION,W,ALLIED GARDENS,355,0.5,DP,,AS BUILT,Y,SD,CITY OF SAN DIEGO,,WO,WATER OPERATIONS,N,0,0,209 SYS,N,,4605 VANDEVER AVE; (W. END OR PUBLIC PARK) SAMPLE STANCHION,,,N,0,0,A,349,J15S,5,1249J7,4605,,VANDEVER,AV,,,6301791.001,1867336.877,1740406.79,226892.8766,,N,179.54,,,,,UW-WS-TRN-SLOC-S103,IF?0100000000000142318
527280,SLOC,SAMPLE LOCATION,W,ALVARADO,536,0.5,DP,,AS BUILT,Y,SD,CITY OF SAN DIEGO,,WO,WATER OPERATIONS,N,0,0,60 SYS,N,,3902 9TH  AV; FIRE STATION/SAMPLE STANCHION,,,N,0,0,A,703,G19S,2,1269B5,0,,,,,,6282931.47,1853361.837,1721547.164,212917.8373,,N,89.93,,,,,UW-WS-TRN-SLOC-S084,IF?0100000000000142256
539387,SLOC,SAMPLE LOCATION,W,ALVARADO,536,0.5,DP,,AS BUILT,Y,SD,CITY OF SAN DIEGO,,WO,WATER OPERATIONS,N,0,0,170 SYS,N,,S VALENCIA PKWY/WESMEAD ST; SAMPLE STANCHION,,,N,0,0,A,421,K24S,3,1290C5,0,,,,,,6309453.202,1833704.016,1748069.029,193260.0157,,Y,0,,,,,UW-WS-TRN-SLOC-S112,IF?0100000000000142530
5053998,SLOC,SAMPLE LOCATION,W,ALVARADO,536,0.38,DR,,AS BUILT,Y,SD,CITY OF SAN DIEGO,,WO,WATER OPERATIONS,N,0,0,116 SYS,Y,?11?/?19?/?96? ?4?:?00? ?PM,4010 IDAHO ST,,,N,0,0,A,1171,H18S,5,1269D4,0,,,,,,6289579.577,1855403.816,1728195.305,214959.8156,,N,178.23,26314,5,D,,UW-WS-TRN-SLOC-S002,IF?0100000000000141648
5054000,SLOC,SAMPLE LOCATION,W,ALVARADO,536,0.5,DR,,AS BUILT,Y,SD,CITY OF SAN DIEGO,,WO,WATER OPERATIONS,N,0,0,114 SYS,Y,?11?/?19?/?96? ?4?:?00? ?PM,4010 IDAHO ST,,,N,0,0,A,1172,H18S,5,1269D4,0,,,,,,6289580.322,1855613.583,1728196.049,215169.5827,,N,179.52,26314,5,D,,UW-WS-TRN-SLOC-S003,IF?0100000000000141742
5529615,SLOC,SAMPLE LOCATION,W,ALVARADO,536,0,,,AS BUILT,Y,SD,CITY OF SAN DIEGO,,WO,WATER OPERATIONS,N,0,0,144 SYS,N,,BROOKLINE & DATE,,,N,0,0,A,617,J21S,6,1289J2,0,,,,,,6302846.001,1844044.626,1741461.795,203600.626,,N,0,,,,,UW-WS-TRN-SLOC-S294,IF?0100000000000140564
5207085,SLOC,SAMPLE LOCATION,W,ALVARADO,536,0.5,DR,,AS BUILT,Y,SD,CITY OF SAN DIEGO,,WO,WATER OPERATIONS,N,0,0,82 SYS,N,,PUMP STATION CONCRETE VAULT - EAST,,,N,0,0,A,409,M16S,1,1.25E+10,5540,,KIOWA,DR,,,6317071.102,1864804.954,1755686.968,224360.9541,,N,-30.43,,,,,UW-WS-TRN-SLOC-S169,IF?0100000000000141638
5207086,SLOC,SAMPLE LOCATION,W,ALVARADO,536,0.5,DR,,AS BUILT,Y,SD,CITY OF SAN DIEGO,,WO,WATER OPERATIONS,N,0,0,81 SYS,N,,PUMP STATION CONCRETE VAULT - WEST,,,N,0,0,A,410,M16S,1,1.27E+04,5540,,KIOWA,DR,,,6316941.355,1864755.295,1755557.22,224311.2953,,N,-125.28,,,,,UW-WS-TRN-SLOC-S170,IF?0100000000000141966
5207087,SLOC,SAMPLE LOCATION,W,ALVARADO,536,0.5,DR,,AS BUILT,Y,SD,CITY OF SAN DIEGO,,WO,WATER OPERATIONS,N,0,0,90 SYS,N,,EARL THOMAS RESERVOIR,,,N,0,0,A,411,M16S,1,1270F1,5540,,KIOWA,DR,,,6318384.967,1864675.856,1757000.839,224231.8563,,N,0,,,,,UW-WS-TRN-SLOC-S171,IF?0100000000000142115
5207088,SLOC,SAMPLE LOCATION,W,ALVARADO,536,0.5,,,AS BUILT,Y,SD,CITY OF SAN DIEGO,,WO,WATER OPERATIONS,N,0,0,C89,N,,BELOW DAM WEST OF CLEARWELLS,,,N,0,0,A,412,M16S,1,1250F7,5540,,KIOWA,DR,,,6317198.717,1864875.719,1755814.583,224431.7185,,N,0,,,,,UW-WS-TRN-SLOC-S172,IF?0100000000000141869
5207898,SLOC,SAMPLE LOCATION,W,ALVARADO,536,0.5,,,AS BUILT,Y,SD,CITY OF SAN DIEGO,,1,ALVARADO PLANT,N,0,0,85 SYS,N,,AVARADO INFLUENT AT FILTRATION PLANT,,1,N,0,0,A,413,M16S,1,1250F7,0,,,,,,6317931.345,1864820.735,1756547.215,224376.7349,,N,0,,,,,UW-WS-TRN-SLOC-S194,IF?0100000000000141484
5207899,SLOC,SAMPLE LOCATION,W,ALVARADO,536,0.5,,,AS BUILT,Y,SD,CITY OF SAN DIEGO,,1,ALVARADO PLANT,N,0,0,87 SYS,N,,AVARADO EFFLUENT AT FILTRATION PLANT,,1,N,0,0,A,414,M16S,1,1250F7,0,,,,,,6318033.196,1864821.759,1756649.066,224377.7585,,N,0,,,,,UW-WS-TRN-SLOC-S195,IF?0100000000000141605
5503982,SLOC,SAMPLE LOCATION,W,ALVARADO,536,0.5,DP,,AS BUILT,Y,SD,CITY OF SAN DIEGO,,WO,WATER OPERATIONS,N,0,0,285 SYS,N,,JAMACHA RD AND 68TH ST (SE CORNER NEAR PLAYGROUND  OF BOYS CLUB),,,N,0,0,A,900,L22S,6,1.29E+06,15022,,AVNDA VENUSTO,,,,6315216.001,1839205.751,1753831.857,198761.7513,,N,88.91,,,,,UW-WS-TRN-SLOC-S261,IF?0100000000000141180
5529616,SLOC,SAMPLE LOCATION,W,ALVARADO,536,0,,,AS BUILT,Y,SD,CITY OF SAN DIEGO,,,,N,0,0,148 SYS,N,,UPAS & RICHMOND,,,N,0,0,A,1097,G19S,6,1269B6,0,,,,,,6284607.756,1850560.151,1723223.459,210116.1509,,N,-179.75,,,,,UW-WS-TRN-SLOC-S295,IF?0100000000000140608
5534519,SLOC,SAMPLE LOCATION,W,ALVARADO,536,0.5,DP,,AS BUILT,Y,SD,CITY OF SAN DIEGO,,WO,WATER OPERATIONS,N,0,0,153 SYS,N,,5552 GALA AV,,,N,0,0,A,597,K14S,6,1250C5,0,,,,,,6309742.966,1871847.247,1748358.795,231403.2474,,N,45.97,,,,,UW-WS-TRN-SLOC-S305,IF?0100000000000140584
5565664,SLOC,SAMPLE LOCATION,W,ALVARADO,536,0.5,DP,,AS BUILT,Y,SD,CITY OF SAN DIEGO,,WO,WATER OPERATIONS,N,0,0,334 SYS,N,,6070 DIVISION ST,,,N,0,0,A,535,K24S,3,1290C5,15022,,AVNDA VENUSTO,,,,6310056.791,1833525.659,1748672.622,193081.6594,,N,17.2,,,,,UW-WS-TRN-SLOC-S321,IF?0100000000000140527
5503979,SLOC,SAMPLE LOCATION,W,ARCHER,330,0.5,DP,,AS BUILT,Y,SD,CITY OF SAN DIEGO,A,WO,WATER OPERATIONS,N,0,0,273 SYS,N,,DAWES ST & ARCHER ST (SE CORNER),1,,N,0,0,A,893,B13S,2,1247H4,5279,,DAWES,ST,,,6253192.979,1876557.812,1691808.525,236113.8117,,N,178.31,,,,,UW-WS-TRN-SLOC-S258,IF?0100000000000141300
533042,SLOC,SAMPLE LOCATION,W,ARNOLD HILLS,358,0.75,DP,,AS BUILT,Y,SD,CITY OF SAN DIEGO,A,WO,WATER OPERATIONS,N,0,0,239 SYS,N,,1761 PETRA DR,1,,N,0,0,A,617,I21S,5,1289F2,1761,,PETRA,DR,,,6294630.522,1844404.977,1733246.275,203960.977,,N,-42.76,,,,,UW-WS-TRN-SLOC-S096,IF?0100000000000142551
5212266,SLOC,SAMPLE LOCATION,W,ARROYO SORRENTO,470,0.5,DP,,AS BUILT,Y,SD,CITY OF SAN DIEGO,,WO,WATER OPERATIONS,N,0,0,278 SYS,N,,TORREY VIEW CT ACROSS FROM PYXIS,,,N,0,0,A,431,C03S,5,1208A3,0,,,,,,6259824.029,1916275.778,1698439.608,275831.7776,,N,87.42,,,,,UW-WS-TRN-SLOC-S201,IF?0100000000000141777
5205428,SLOC,SAMPLE LOCATION,W,BAY TERRACE,490,0.5,DP,,AS BUILT,Y,SD,CITY OF SAN DIEGO,,WO,WATER OPERATIONS,N,0,0,204 SYS,N,,"LOC PER MARGARET GLASER, 6/30/00",,,N,0,0,A,189,M26S,1,1310F1,2790,,SYLVY,WY,,,6317343.084,1825449.938,1755958.951,185005.9377,,N,0,,,,,UW-WS-TRN-SLOC-S165,IF?0100000000000141835
5529672,SLOC,SAMPLE LOCATION,W,BAY TERRACE,490,0,,,AS BUILT,Y,SD,CITY OF SAN DIEGO,,,,N,0,0,204A SYS,N,,2787 ALTA VIEW DR,,,N,0,0,A,783,M25S,4,1310F1,0,,,,,,6317618.747,1826534.108,1756234.615,186090.1076,,N,75.04,,,,,UW-WS-TRN-SLOC-S297,IF?0100000000000140745
518533,SLOC,SAMPLE LOCATION,W,BAYVIEW,463,0.5,DP,,AS BUILT,Y,SD,CITY OF SAN DIEGO,,WO,WATER OPERATIONS,N,0,0,215 SYS,N,,ACROSS FROM 5105 SOLEDAD RD.  SAMPLE STANCHION,,,N,0,0,A,459,C13S,1,1248A4,0,,,,,,6257544.501,1876505.627,1696160.069,236061.6266,,Y,0,,,,,UW-WS-TRN-SLOC-S068,IF?0100000000000141757
5525476,SLOC,SAMPLE LOCATION,W,BERNARDO HEIGHTS,1020,0,DP,,OPERATIONAL,Y,SD,CITY OF SAN DIEGO,,,,N,0,0,313 SYS,N,,11602 CALLE PARACHO,,,N,0,0,A,891,K05N,2,1170A5,0,,,,,,6307473.314,1944931.191,1746089.131,304487.1909,,N,-69,,,,,UW-WS-TRN-SLOC-S286,IF?0100000000000140690
540068,SLOC,SAMPLE LOCATION,W,BERNARDO OAKS,680,0.5,DP,,AS BUILT,Y,SD,CITY OF SAN DIEGO,,WO,WATER OPERATIONS,N,0,0,67 SYS,N,,POMERADO RD/GRANDEE PL; SAMPLE STANCHION,,1,N,0,0,A,529,L07N,2,1170C2,0,,,,,,6313370.499,1954388.875,1751986.346,313944.8747,,N,49.79,,,,,UW-WS-TRN-SLOC-S115,IF?0100000000000142428
5212287,SLOC,SAMPLE LOCATION,W,BERNARDO OAKS,680,0.5,DP,,AS BUILT,Y,SD,CITY OF SAN DIEGO,F,WO,WATER OPERATIONS,N,0,0,282 SYS,N,,18402 W. BERNARDO DR. STANCHION AT COMMUNITY PARK,,,N,0,0,A,319,K09N,3,1150A6,18402,,WEST BERNARDO,DR,,,6309189.167,1961940.364,1747804.993,321496.3642,,N,88.5,,,,,UW-WS-TRN-SLOC-S204,IF?0100000000000141646
5593629,SLOC,SAMPLE LOCATION,W,BERNARDO OAKS,680,0.5,DP,,AS BUILT,Y,SD,CITY OF SAN DIEGO,F,WO,WATER OPERATIONS,N,0,0,282A SYS,N,,18169 WEST BERNARDO DR; NEXT TO HYD MAPID 14,,,N,0,0,A,320,K09N,3,1150A6,18169,,WEST BERNARDO,DR,,,6309335.289,1962106.673,1747951.115,321662.6732,,N,1.07,,,,,UW-WS-TRN-SLOC-S335,IF?0100000000000140730
540295,SLOC,SAMPLE LOCATION,W,BERNARDO TRAILS,800,0.5,DP,,AS BUILT,Y,SD,CITY OF SAN DIEGO,,WO,WATER OPERATIONS,N,0,0,237 SYS,N,,17910 AVENIDA CORDILLERA,,,N,0,0,A,484,L09N,6,1150D6,17910,,AVNDA CORDILLERA,,,,6315982.001,1960016.25,1754597.861,319572.25,,N,0,,,,,UW-WS-TRN-SLOC-S117,IF?0100000000000142219
5524135,SLOC,SAMPLE LOCATION,W,BLACK MTN RANCH,520,0,DP,,OPERATIONAL,Y,SD,CITY OF SAN DIEGO,A,,,N,0,0,304 SYS,N,,14462 GARDEN TRAIL,,,N,0,0,A,571,G04N,4,1188J1,14462,,GARDEN,TL,,,6281500.489,1939342.844,1720116.176,298898.8445,,Y,-145.74,,,,,UW-WS-TRN-SLOC-S282,IF?0100000000000141267
526676,SLOC,SAMPLE LOCATION,W,CABRILLO PALISADES,635,0.75,DP,,AS BUILT,Y,SD,CITY OF SAN DIEGO,A,WO,WATER OPERATIONS,N,0,0,240 SYS,N,,3387 KEARNY VILLA LN.,1,,N,0,0,A,454,G14S,2,1249B4,3365,,KEARNY VILLA,LN,,,6284099.501,1874063.127,1722715.202,233619.1266,,N,-130.15,,,,,UW-WS-TRN-SLOC-S083,IF?0100000000000142157
5212267,SLOC,SAMPLE LOCATION,W,CARMEL COUNTRY,495,0.5,DP,,AS BUILT,Y,SD,CITY OF SAN DIEGO,F,WO,WATER OPERATIONS,N,0,0,279 SYS,Y,?3?/?15?/?09? ?5?:?00? ?PM,10885 CLOVERHURST WY,,,N,0,0,A,291,E02S,4,1.21E+04,10885,,CLOVERHURST,WY,,,6269706.004,1920195.075,1708321.632,279751.0755,,Y,0,,,,,UW-WS-TRN-SLOC-S202,IF?0100000000000141400
5205450,SLOC,SAMPLE LOCATION,W,CARMEL MALL,920,2,DP,,AS BUILT,Y,SD,CITY OF SAN DIEGO,,WO,WATER OPERATIONS,N,0,0,233 SYS,N,,12119 WORLD TRADE DR,,,N,0,0,A,996,K04N,6,1190A1,12119,,WORLD TRADE,DR,,,6309220.781,1938490.177,1747836.607,298046.1772,,N,0,,,,,UW-WS-TRN-SLOC-S167,IF?0100000000000141759
5205451,SLOC,SAMPLE LOCATION,W,CARMEL MALL,920,0.5,,,AS BUILT,Y,SD,CITY OF SAN DIEGO,,WO,WATER OPERATIONS,N,0,0,236 SYS,N,,15022 AVENIDA VENUSTO,,,N,0,0,A,101,L04N,1,1170B6,15022,,AVNDA VENUSTO,,,,6310959.006,1941921.112,1749574.841,301477.1122,,N,0,,,,,UW-WS-TRN-SLOC-S168,IF?0100000000000141707
517389,SLOC,SAMPLE LOCATION,W,CARMEL VALLEY,330,0.5,DP,,AS BUILT,Y,SD,CITY OF SAN DIEGO,,WO,WATER OPERATIONS,N,0,0,229 SYS,N,,CARMEL PARK DR/DEL MAR GLEN; PUBLIC SCHOOL/SAMPLE STANCHION,,,N,0,0,A,523,C01S,6,1188A7,0,,,,,,6261239.268,1923567.74,1699854.855,283123.7395,,N,-21.11,,,,,UW-WS-TRN-SLOC-S061,IF?0100000000000142194
517513,SLOC,SAMPLE LOCATION,W,CARMEL VALLEY,330,0.5,DP,,AS BUILT,Y,SD,CITY OF SAN DIEGO,,WO,WATER OPERATIONS,N,0,0,228 SYS,N,,3510 VALLEY CENTRE DR  SAMPLE STANCHION,,,N,0,0,A,177,C02S,1,1207J1,3510,,VALLEY CENTRE,DR,,,6258362.989,1921397.457,1696978.561,280953.4573,,N,0,,,,,UW-WS-TRN-SLOC-S063,IF?0100000000000142132
542552,SLOC,SAMPLE LOCATION,W,CARMEL VIEW,346,0.5,DP,,AS BUILT,Y,SD,CITY OF SAN DIEGO,,WO,WATER OPERATIONS,N,0,0,201 SYS,N,,1880 SMYTHE AVE.; SAMPLE STANCHION INFRONT OF SCHOOL,,1,N,0,0,A,462,L36S,3,1350F2,1880,,SMYTHE,AV,,,6315284.501,1785854.124,1753900.358,145410.124,,N,89.73,,,,,UW-WS-TRN-SLOC-S123,IF?0100000000000142521
523533,SLOC,SAMPLE LOCATION,W,CARROLL RIDGE,610,0.75,DP,,AS BUILT,Y,SD,CITY OF SAN DIEGO,,WO,WATER OPERATIONS,N,0,0,241 SYS,N,,9440 CARROLL PARK DR,1,,N,0,0,A,300,F06S,5,1208H7,0,,,,,,6278044.997,1903926.411,1716660.667,263482.4108,,N,0,,,,,UW-WS-TRN-SLOC-S078,IF?0100000000000141932
516913,SLOC,SAMPLE LOCATION,W,CATALINA,462,2,DP,,AS BUILT,Y,SD,CITY OF SAN DIEGO,,WO,WATER OPERATIONS,N,0,0,206 SYS,N,,1055 CATALINA BLVD @ FIRE STATION SAMPLE STANCHION,,,N,0,0,A,682,B21S,3,1288A2,1055,,CATALINA,BL,,,6255844.501,1845247.375,1694460.061,204803.3753,,N,-13.14,,,,,UW-WS-TRN-SLOC-S059,IF?0100000000000141872
5611126,SLOC,SAMPLE LOCATION,W,CATALINA,462,2,DP,,AS BUILT,Y,SD,CITY OF SAN DIEGO,,WO,WATER OPERATIONS,N,0,0,15A SYS,N,,1061 CATALINA BLVD ON OUTLET PIPE; SAMPLE STANCHION,,,N,0,0,A,1144,B21S,3,1288A2,1055,,CATALINA,BL,,,6255850.82,1845298.36,1694466.379,204854.3596,,N,-102.58,,,,,UW-WS-TRN-SLOC-S344,IF?0100000000000141694
544075,SLOC,SAMPLE LOCATION,W,CLIMAX,910,0.75,DP,,AS BUILT,Y,SD,CITY OF SAN DIEGO,,WO,WATER OPERATIONS,N,0,0,242 SYS,N,,7260 BARKER WY,,,N,0,0,A,346,N13S,2,1250J3,8614,,HIGHWOOD,DR,,,6325735.499,1876572.749,1764351.407,236128.7493,,Y,1.41,,,,,UW-WS-TRN-SLOC-S128,IF?0100000000000143452
5585817,SLOC,SAMPLE LOCATION,W,CLIMAX,910,0.5,DP,,AS BUILT,Y,SD,CITY OF SAN DIEGO,F,WO,WATER OPERATIONS,N,0,0,152A SYS,N,,8571 HIGHWOOD DR,,,N,0,0,A,453,N13S,6,1250J4,11911,,CARMEL CREEK,RD,,,6326987.329,1874871.467,1765603.244,234427.4665,,N,-146.25,,,,,UW-WS-TRN-SLOC-S329,IF?0100000000000140753
538257,SLOC,SAMPLE LOCATION,W,COLLEGE CANYON,468,0.5,DP,,AS BUILT,Y,SD,CITY OF SAN DIEGO,F,WO,WATER OPERATIONS,N,0,0,207 SYS,N,,5485 ADOBE FALLS RD,1,,N,0,0,A,286,K16S,1,1270A1,5485,,ADOBE FALLS,RD,,,6306275.499,1865078.999,1744891.31,224634.9993,,N,-141.55,,,,,UW-WS-TRN-SLOC-S110,IF?0100000000000142584
5558872,SLOC,SAMPLE LOCATION,W,CORNISH HILL,360,0.5,,,AS BUILT,Y,SD,CITY OF SAN DIEGO,,,,N,0,0,330 SYS,N,,775 CORNISH DR,,,N,0,0,A,1103,B21S,5,1287H2,0,,,,,,6252956.001,1843522.001,1691571.545,203078.0013,,N,-25.61,,,,,UW-WS-TRN-SLOC-S314,IF?0100000000000140724
544232,SLOC,SAMPLE LOCATION,W,COUNTRY CASUAL,925,0.75,DP,,AS BUILT,Y,SD,CITY OF SAN DIEGO,,WO,WATER OPERATIONS,N,0,0,243 SYS,N,,8709 LAKE ATHABASKA WAY,,,N,0,0,A,587,N14S,6,1251A5,8709,,LAKE ATHABASKA,WY,,,6328056.001,1871381.499,1766671.921,230937.4993,,N,155.91,,,,,UW-WS-TRN-SLOC-S131,IF?0100000000000143477
5204610,SLOC,SAMPLE LOCATION,W,DEL CERRO,656,0.5,DP,,AS BUILT,Y,SD,CITY OF SAN DIEGO,,WO,WATER OPERATIONS,N,0,0,208 SYS,N,,6002 CAMINO RICO SAMPLE STANCHION,,1,N,0,0,A,534,L15S,1,1250C6,6002,,CAM RICO,,,,6310636.49,1869398.494,1749252.323,228954.4941,,N,-57.84,,,,,UW-WS-TRN-SLOC-S155,IF?0100000000000141715
5611779,SLOC,SAMPLE LOCATION,W,DEL CERRO,656,0.38,DP,,AS BUILT,Y,SD,CITY OF SAN DIEGO,,WO,WATER OPERATIONS,N,0,0,208A SYS,Y,?3?/?16?/?11? ?5?:?00? ?PM,ACROSS FROM 6228 WENRICH,,1,N,0,0,A,485,K15S,6,1250C6,6002,,CAM RICO,,,,6310254.747,1867972.021,1748870.579,227528.021,,N,6.84,,,,,UW-WS-TRN-SLOC-S345,IF?0100000000000141398
517512,SLOC,SAMPLE LOCATION,W,DEL MAR HILLS,435,2,DP,,AS BUILT,Y,SD,CITY OF SAN DIEGO,,WO,WATER OPERATIONS,N,0,0,244 SYS,N,,13051 PORTOFINO DR; SAMPLE STANCHION,,,N,0,0,A,176,C02S,1,1207J1,13051,,PORTOFINO,DR,,,6256866.499,1921943.251,1695482.064,281499.2513,,N,0,,,,,UW-WS-TRN-SLOC-S062,IF?0100000000000141935
515541,SLOC,SAMPLE LOCATION,W,DEL MAR TERRACE,328,0.75,DP,,AS BUILT,Y,SD,CITY OF SAN DIEGO,,WO,WATER OPERATIONS,N,0,0,245 SYS,N,,12935 VIA LATINA,,,N,0,0,A,284,B02S,3,1207H1,12935,,VIA LATINA,,,,6255541.499,1921305.876,1694157.057,280861.876,,N,-83.59,,,,,UW-WS-TRN-SLOC-S050,IF?0100000000000141705
5504027,SLOC,SAMPLE LOCATION,W,DENNERY RD,365,0.5,DP,,AS BUILT,Y,SD,CITY OF SAN DIEGO,A,WO,WATER OPERATIONS,N,0,0,300 SYS,N,,5368 TOPSAIL DR,,,N,0,0,A,242,N33S,5,1331A6,5368,,TOPSAIL,DR,,,6325982.664,1794793.33,1764598.574,154349.3301,,Y,1.4,,,,,UW-WS-TRN-SLOC-S270,IF?0100000000000141245
544230,SLOC,SAMPLE LOCATION,W,EAGLE RIDGE,940,0.75,DP,,AS BUILT,Y,SD,CITY OF SAN DIEGO,,WO,WATER OPERATIONS,N,0,0,246 SYS,N,,7928 WING SPAN DR,1,,N,0,0,A,585,N14S,1,1250G4,7928,,WING SPAN,DR,,,6322461.572,1874273.871,1761077.464,233829.8714,,Y,0,,,,,UW-WS-TRN-SLOC-S129,IF?0100000000000142356
523534,SLOC,SAMPLE LOCATION,W,EL CAMINO,470,0.75,DP,,AS BUILT,Y,SD,CITY OF SAN DIEGO,,WO,WATER OPERATIONS,N,0,0,247 SYS,N,,SAMPLE STANCHION,1,,N,0,0,A,301,F06S,6,1208H7,8985,,REHCO,RD,,,6278652.956,1903970.843,1717268.629,263526.8432,,N,81.06,,,,,UW-WS-TRN-SLOC-S079,IF?0100000000000142097
5597029,SLOC,SAMPLE LOCATION,W,EL CAMINO,470,0.75,DP,,AS BUILT,Y,SD,CITY OF SAN DIEGO,,WO,WATER OPERATIONS,N,0,0,247A SYS,N,,9151 REHCO RD. SAMPLE STANCHION,1,,N,0,0,A,788,F06S,3,1208H7,8985,,REHCO,RD,,,6278475.187,1904898.297,1717090.859,264454.2972,,N,-43.52,,,,,UW-WS-TRN-SLOC-S336,IF?0100000000000141625
518534,SLOC,SAMPLE LOCATION,W,FLORAL TERRACE,295,0.75,DP,,AS BUILT,Y,SD,CITY OF SAN DIEGO,,WO,WATER OPERATIONS,N,0,0,248 SYS,N,,2360 BERYL ST,,,N,0,0,A,460,C13S,6,1248B4,2360,,BERYL,ST,,,6260966.499,1875554.501,1699582.084,235110.5013,,N,-8.61,,,,,UW-WS-TRN-SLOC-S069,IF?0100000000000141879
5610457,SLOC,SAMPLE LOCATION,W,FLORAL TERRACE,295,0.75,DP,,AS BUILT,Y,SD,CITY OF SAN DIEGO,,WO,WATER OPERATIONS,N,0,0,248A SYS,N,,2399 BERYL ST,,,N,0,0,A,587,C13S,6,1248B4,2360,,BERYL,ST,,,6261179.344,1875358.829,1699794.93,234914.8287,,N,-77.88,,,,,UW-WS-TRN-SLOC-S343,IF?0100000000000141643
524525,SLOC,SAMPLE LOCATION,W,GLIDDEN,320,0.75,DP,,AS BUILT,Y,SD,CITY OF SAN DIEGO,,WO,WATER OPERATIONS,N,0,0,249 SYS,N,,6309 GLIDDEN ST; SAMPLE STANCHION,1,,N,0,0,A,572,F16S,4,1268H2,6471,,GLIDDEN,ST,,,6275663.222,1863277.969,1714278.88,222833.9692,,N,-176.19,,,,,UW-WS-TRN-SLOC-S081,IF?0100000000000141997
5585435,SLOC,SAMPLE LOCATION,W,GLIDDEN,320,0.75,DP,,AS BUILT,Y,SD,CITY OF SAN DIEGO,,WO,WATER OPERATIONS,N,0,0,249A SYS,N,,6429 GLIDDEN ST; SAMPLE STANCHION,1,,N,0,0,A,850,F16S,4,1268H2,6471,,GLIDDEN,ST,,,6276141.778,1863421.765,1714757.439,222977.7651,,N,-171.48,,,,,UW-WS-TRN-SLOC-S327,IF?0100000000000140590
536213,SLOC,SAMPLE LOCATION,W,GOLF COURSE,1130,0.75,DP,,AS BUILT,Y,SD,CITY OF SAN DIEGO,,WO,WATER OPERATIONS,N,0,0,266 SYS,N,,SHOAL CREEK DR; PUMP STATION/HOSE BIB,,,N,0,0,A,370,K02N,2,1190A3,0,,,,,,6306784.213,1932785.377,1745400.027,292341.3773,,N,0,,,,,UW-WS-TRN-SLOC-S105,IF?0100000000000142594
5504023,SLOC,SAMPLE LOCATION,W,GOLF COURSE,1130,0.5,DP,,AS BUILT,Y,SD,CITY OF SAN DIEGO,,WO,WATER OPERATIONS,N,0,0,290 SYS,N,,14254 BREEZEWAY PL (METER BOX),1,,N,0,0,A,1198,K03N,5,1190A2,10940,,SCRIPPS RANCH,BL,,,6307840.597,1935986.732,1746456.416,295542.7323,,N,0,,,,,UW-WS-TRN-SLOC-S266,IF?0100000000000140953
5525498,SLOC,SAMPLE LOCATION,W,GOLF COURSE,1130,0,DP,,OPERATIONAL,Y,SD,CITY OF SAN DIEGO,A,,,N,0,0,316 SYS,N,,13705 SHOAL SUMMIT DR,,,N,0,0,A,575,K02N,5,1190A3,13705,,SHOAL SUMMIT,DR,,,6308292.188,1932198.596,1746908.01,291754.5958,,Y,0,,,,,UW-WS-TRN-SLOC-S290,IF?0100000000000140630
544503,SLOC,SAMPLE LOCATION,W,HILLSBOROUGH,550,0.5,DP,,AS BUILT,Y,SD,CITY OF SAN DIEGO,F,WO,WATER OPERATIONS,N,0,0,205 SYS,N,,CLOSE TO 1856 MANZANA WAY,,,N,0,0,A,275,N24S,4,1290H6,1856,,MANZANA,WY,,,6323598.297,1830721.45,1762214.195,190277.4501,,N,-64.41,,,,,UW-WS-TRN-SLOC-S132,IF?0100000000000143275
5550619,SLOC,SAMPLE LOCATION,W,IMPERIAL,240,0.75,DP,,AS BUILT,Y,SD,CITY OF SAN DIEGO,F,WO,WATER OPERATIONS,N,0,0,324 SYS,N,,,,,N,0,0,A,742,J23S,1,1289H4,4393,,REDWORKS,DY,,,6299329.354,1836532.9,1737945.13,196088.9003,,N,-2.35,,,,,UW-WS-TRN-SLOC-S310,IF?0100000000000140624
534669,SLOC,SAMPLE LOCATION,W,KEARNY MESA,600,0.75,,,AS BUILT,Y,SD,CITY OF SAN DIEGO,,WO,WATER OPERATIONS,N,0,0,M260,N,,SAMPLE BOX,,,N,0,0,A,618,J12S,6,1249J2,4250,,CARTULINA,RD,,,6303903.609,1879744.724,1742519.408,239300.7244,,N,0,,,,,UW-WS-TRN-SLOC-S100,IF?0100000000000142394
534670,SLOC,SAMPLE LOCATION,W,KEARNY MESA,600,0.5,,,AS BUILT,Y,SD,CITY OF SAN DIEGO,,WO,WATER OPERATIONS,N,0,0,59 SYS,N,,LA CUENTA DR/TIERRASANTA BL; FIRE STATION/SAMPLE STANCHION,,1,N,0,0,A,619,J12S,5,1249H2,0,,,,,,6300959.797,1879397.326,1739575.581,238953.3261,,N,-138.55,,,,,UW-WS-TRN-SLOC-S101,IF?0100000000000142536
5483585,SLOC,SAMPLE LOCATION,W,KEARNY MESA,600,0.5,DP,,AS BUILT,Y,SD,CITY OF SAN DIEGO,,WO,WATER OPERATIONS,N,0,0,78A SYS,N,,6200 CALLE MARISELDA,,1,N,0,0,A,846,J11S,2,1229H7,0,,,,,,6301321.381,1884646.102,1739937.168,244202.1024,,Y,0,,,,,UW-WS-TRN-SLOC-S242,IF?0100000000000141465
517982,SLOC,SAMPLE LOCATION,W,LA JOLLA GARDENS,500,0.75,DP,,AS BUILT,Y,SD,CITY OF SAN DIEGO,,WO,WATER OPERATIONS,N,0,0,250 SYS,N,,7474 CHARMANT DR; SAMPLE STANCHION,,,N,0,0,A,635,C08S,6,1228B3,7474,,CHARMANT,DR,,,6261392.703,1896106.427,1700008.29,255662.4272,,N,-173.45,,,,,UW-WS-TRN-SLOC-S066,IF?0100000000000141860
515117,SLOC,SAMPLE LOCATION,W,LA JOLLA HERMOSA,370,0.5,DP,,AS BUILT,Y,SD,CITY OF SAN DIEGO,,WO,WATER OPERATIONS,N,0,0,178 SYS,N,,1025 W. MUIRLANDS DR.   SAMPLE STANCHION,,,N,0,0,A,544,A11S,2,1247F1,1025,,WEST MUIRLANDS,DR,,,6248105.266,1884848.31,1686720.786,244404.3104,,N,0,,,,,UW-WS-TRN-SLOC-S046,IF?0100000000000141800
515118,SLOC,SAMPLE LOCATION,W,LA JOLLA HERMOSA,370,2,DP,,AS BUILT,Y,SD,CITY OF SAN DIEGO,F,WO,WATER OPERATIONS,N,0,0,216 SYS,N,,5790 CHELSE AVE SAMPLE STANCHION,,,N,0,0,A,569,A12S,5,1247F3,5790,,CHELSEA,AV,,,6247493.199,1878706.312,1686108.716,238262.3123,,N,0,,,,,UW-WS-TRN-SLOC-S047,IF?0100000000000141958
515233,SLOC,SAMPLE LOCATION,W,LA JOLLA MESA VISTA,495,0.75,DP,,AS BUILT,Y,SD,CITY OF SAN DIEGO,,WO,WATER OPERATIONS,N,0,0,251 SYS,N,,5840 RAVENSWOOD RD,,,N,0,0,A,379,A12S,6,1247G3,5840,,RAVENSWOOD,RD,,,6250243.045,1879096.562,1688858.576,238652.5617,,N,89.71,,,,,UW-WS-TRN-SLOC-S048,IF?0100000000000141784
518309,SLOC,SAMPLE LOCATION,W,LA JOLLA PACIFICA,594,0.75,DP,,AS BUILT,Y,SD,CITY OF SAN DIEGO,,WO,WATER OPERATIONS,N,0,0,252 SYS,N,,5897 DESERT VIEW DR (ACROSS STREET),,,N,0,0,A,347,C11S,5,1248A2,5910,,DESERT VIEW,DR,,,6258561.001,1882504.249,1697176.573,242060.2487,,N,0,,,,,UW-WS-TRN-SLOC-S067,IF?0100000000000142053
5609101,SLOC,SAMPLE LOCATION,W,LA JOLLA PACIFICA,594,0.75,DP,,AS BUILT,Y,SD,CITY OF SAN DIEGO,,WO,WATER OPERATIONS,N,0,0,252A SYS,N,,PACIFICA AND SOLEDAD MOUNTAIN,,,N,0,0,A,632,C12S,5,1248A3,5910,,DESERT VIEW,DR,,,6259534.59,1879734.557,1698150.168,239290.5571,,N,168.78,,,,,UW-WS-TRN-SLOC-S342,IF?0100000000000141550
515817,SLOC,SAMPLE LOCATION,W,LA JOLLA SHORES,241,0.5,DP,,AS BUILT,Y,SD,CITY OF SAN DIEGO,,WO,WATER OPERATIONS,N,0,0,219 SYS,N,,ACROSS FROM 8415 EL PASEO GRANDE,,,N,0,0,A,392,B09S,2,1227H4,0,,,,,,6252926.673,1893894.446,1691542.218,253450.4455,,N,87.74,,,,,UW-WS-TRN-SLOC-S055,IF?0100000000000141692
515951,SLOC,SAMPLE LOCATION,W,LA JOLLA SOLEDAD W,925,2,DP,,AS BUILT,Y,SD,CITY OF SAN DIEGO,,WO,WATER OPERATIONS,N,0,0,218 SYS,N,,2110 VIA CASA ALTA @ FIRE STATION SAMPLE STANCHION,,,N,0,0,A,555,B10S,5,1227H7,2110,,VIA CASA ALTA,,,,6254403.999,1886573.875,1693019.551,246129.8747,,N,0,,,,,UW-WS-TRN-SLOC-S056,IF?0100000000000141745
5207494,SLOC,SAMPLE LOCATION,W,LA JOLLA SOLEDAD W,925,0.5,DR,,AS BUILT,Y,SD,CITY OF SAN DIEGO,,WO,WATER OPERATIONS,N,0,0,C14,N,,"6600 BLK LA JOLLA SCENIC DR S/SE OF RESV, SPIGOT ATTACHED TO RAILING",,,N,0,0,A,538,B11S,3,1227J7,0,,,,,,6254955.892,1886104.347,1693571.447,245660.3471,,N,0,,,,,UW-WS-TRN-SLOC-S186,IF?0100000000000141559
514975,SLOC,SAMPLE LOCATION,W,LA JOLLA TOWNE,270,0.5,DP,,AS BUILT,Y,SD,CITY OF SAN DIEGO,,WO,WATER OPERATIONS,N,0,0,48 SYS,N,,COAST BL SOUTH/EADS AV; SAMPLE STANCHION,,1,N,0,0,A,581,A10S,1,1.23E+09,0,,,,,,6246087.001,1889028.875,1684702.512,248584.8747,,N,-30.53,,,,,UW-WS-TRN-SLOC-S045,IF?0100000000000141695
5212289,SLOC,SAMPLE LOCATION,W,LA MIRAGE,500,0.5,DP,,AS BUILT,Y,SD,CITY OF SAN DIEGO,A,WO,WATER OPERATIONS,N,0,0,280 SYS,N,,6542 REFLECTION DR,1,,N,0,0,A,541,I15S,3,1249G6,6542,,REFLECTION,DR,,,6297998.894,1869346.444,1736614.664,228902.4436,,N,89.38,,,,,UW-WS-TRN-SLOC-S206,IF?0100000000000141408
5567525,SLOC,SAMPLE LOCATION,W,LIBERTY STATION,175,0.5,DP,,AS BUILT,Y,SD,CITY OF SAN DIEGO,F,WO,WATER OPERATIONS,N,0,0,338 SYS,N,,2817 WASP WY; SAMPLE STANCHION,,,N,0,0,A,384,D21S,1,1288C1,2817,,WASP,WY,,,6262614.934,1846151.506,1701230.527,205707.5059,,N,-15.93,,,,,UW-WS-TRN-SLOC-S323,IF?0100000000000140655
515542,SLOC,SAMPLE LOCATION,W,LOWER DEL MAR TERR,196,0.5,DP,,AS BUILT,Y,SD,CITY OF SAN DIEGO,,WO,WATER OPERATIONS,N,0,0,66 SYS,N,,VIA CORTINA/VIA APRILIA; SAMPLE STANCHION,,,N,0,0,A,285,B02S,2,1207H1,0,,,,,,6253976.572,1921175.039,1692592.121,280731.0394,,N,94.09,10288,98,D,,UW-WS-TRN-SLOC-S051,IF?0100000000000141809
517215,SLOC,SAMPLE LOCATION,W,LUSK PARK,470,0.5,DP,,AS BUILT,Y,SD,CITY OF SAN DIEGO,,WO,WATER OPERATIONS,N,0,0,179 SYS,N,,13075 HARTFIELD AV @ DEL MAR HEIGHTS SAMPLE STANCHION,,,N,0,0,A,722,C01N,3,1188A5,0,,,,,,6261105.748,1929176.854,1699721.334,288732.8537,,N,-92.55,,,,,UW-WS-TRN-SLOC-S060,IF?0100000000000142036
521589,SLOC,SAMPLE LOCATION,W,LUSK PARK,470,0.5,DP,,AS BUILT,Y,SD,CITY OF SAN DIEGO,F,WO,WATER OPERATIONS,N,0,0,221 SYS,N,,54551/2 OBERLIN DR SAMPLE STANCHION,1,,N,0,0,A,257,E06S,1,1.21E+10,5455,,OBERLIN,DR,,,6270168.658,1905426.414,1708784.289,264982.414,,N,179.88,,,,,UW-WS-TRN-SLOC-S074,IF?0100000000000142084
5212264,SLOC,SAMPLE LOCATION,W,LUSK PARK,470,0.5,DP,,AS BUILT,Y,SD,CITY OF SAN DIEGO,,WO,WATER OPERATIONS,N,0,0,276 SYS,N,,MOORLAND HTS/WILD BLOSSOM TR,1,,N,0,0,A,352,E04S,1,1.21E+07,0,,,,,,6269975.459,1912499.908,1708591.089,272055.9081,,N,0,,,,,UW-WS-TRN-SLOC-S199,IF?0100000000000141486
5503983,SLOC,SAMPLE LOCATION,W,LUSK PARK,470,0.5,DP,,AS BUILT,Y,SD,CITY OF SAN DIEGO,A,WO,WATER OPERATIONS,N,0,0,286 SYS,N,,13510 SWORD WY (BETWEEN REEDLEY AND DRAKEWOOD),,,N,0,0,A,317,D02N,2,1188C3,13510,,SWORD,WY,,,6265797.556,1932830.259,1704413.165,292386.2592,,Y,0,,,,,UW-WS-TRN-SLOC-S262,IF?0100000000000141292
5586105,SLOC,SAMPLE LOCATION,W,LUSK PARK,470,0.5,DP,,AS BUILT,Y,SD,CITY OF SAN DIEGO,A,WO,WATER OPERATIONS,N,0,0,276A SYS,N,,5285 SETTING SUN WY,1,,N,0,0,A,435,E04S,4,1.21E+07,5285,,SETTING SUN,WY,,,6270005.928,1912118.406,1708621.559,271674.4055,,N,-151.85,,,,,UW-WS-TRN-SLOC-S331,IF?0100000000000140570
515456,SLOC,SAMPLE LOCATION,W,MAR VILLA,378,0.75,DP,,AS BUILT,Y,SD,CITY OF SAN DIEGO,,WO,WATER OPERATIONS,N,0,0,253 SYS,N,,13220 CAMINITO MAR VILLA,1,,N,0,0,A,308,B01S,5,1187G7,13220,,CAMTO MAR VILLA,,,,6252553.501,1923447.251,1691169.043,283003.2507,,N,11.75,,,,,UW-WS-TRN-SLOC-S049,IF?0100000000000141867
531325,SLOC,SAMPLE LOCATION,W,MERCY HIGH,750,0.75,DP,,AS BUILT,Y,SD,CITY OF SAN DIEGO,A,WO,WATER OPERATIONS,N,0,0,268 SYS,Y,?5?/?28?/?09? ?5?:?00? ?PM,9604 BABAUTA RD,1,,N,0,0,A,562,I02S,2,1.19E+10,9604,,BABAUTA,RD,,,6294512.713,1922254.888,1733128.466,281810.8885,,N,33.63,,,,,UW-WS-TRN-SLOC-S091,IF?0100000000000142593
529073,SLOC,SAMPLE LOCATION,W,MIRA MESA,625,2,DP,,AS BUILT,Y,SD,CITY OF SAN DIEGO,,WO,WATER OPERATIONS,N,0,0,223 SYS,N,,8441 NEW SALEM ST @ FIRE STATION,,1,N,0,0,A,765,H04S,1,1209C3,8441,,NEW SALEM,ST,,,6287877.323,1914058.862,1726493.042,273614.8615,,N,179.29,,,,,UW-WS-TRN-SLOC-S088,IF?0100000000000142351
5529614,SLOC,SAMPLE LOCATION,W,MIRA MESA,625,0,,,AS BUILT,Y,SD,CITY OF SAN DIEGO,,,,N,0,0,64 SYS,N,,11168 AVENIDA DEL GATO & ZAPATA,,,N,0,0,A,662,G03S,3,1209B2,0,,,,,,6285997.871,1917250.213,1724613.581,276806.2133,,N,94.85,,,,,UW-WS-TRN-SLOC-S293,IF?0100000000000140903
5608615,SLOC,SAMPLE LOCATION,W,MIRA MESA,625,0,DP,,AS BUILT,Y,SD,CITY OF SAN DIEGO,,WO,WATER OPERATIONS,N,0,0,,N,,,,,N,0,0,A,1040,I02S,4,1.21E+04,0,,,,,,6293972.648,1919510.016,1732588.398,279066.0164,,N,0,,,,,UW-WS-TRN-SLOC-S340,IF?0100000000000141548
5608616,SLOC,SAMPLE LOCATION,W,MIRA MESA,625,0,DP,,AS BUILT,Y,SD,CITY OF SAN DIEGO,,WO,WATER OPERATIONS,N,0,0,343 SYS,N,,FLANDERS DR/FLANDERS PL,,,N,0,0,A,810,G04S,5,1209A4,0,,,,,,6283752.487,1911001.381,1722368.186,270557.3812,,N,0,,,,,UW-WS-TRN-SLOC-S341,IF?0100000000000141601
528312,SLOC,SAMPLE LOCATION,W,MIRAMAR,712,0.5,DP,,AS BUILT,Y,SD,CITY OF SAN DIEGO,,WO,WATER OPERATIONS,N,0,0,177 SYS,N,,12350 BLACK MOUNTAIN ROAD(NEXT TO REC BUILDING),,,N,0,0,A,368,H01S,6,1189D6,12350,,BLACK MTN,RD,,,6291655.023,1923822.808,1730270.761,283378.8084,,Y,104.63,,,,,UW-WS-TRN-SLOC-S086,IF?0100000000000142566
531524,SLOC,SAMPLE LOCATION,W,MIRAMAR,712,0.5,DP,,AS BUILT,Y,SD,CITY OF SAN DIEGO,,WO,WATER OPERATIONS,N,0,0,181 SYS,N,,WESTVIEW PKWY/GALVIN AV; SAMPLE STANCHION,,,N,0,0,A,561,I03S,5,1.21E+05,0,,,,,,6294782.379,1915920.528,1733398.133,275476.5282,,N,148.43,,,,,UW-WS-TRN-SLOC-S092,IF?0100000000000142322
531525,SLOC,SAMPLE LOCATION,W,MIRAMAR,712,0.75,DP,,AS BUILT,Y,SD,CITY OF SAN DIEGO,,WO,WATER OPERATIONS,N,0,0,263 SYS,N,,SAMPLE BOX,,,N,0,0,A,562,I03S,6,1209F3,10940,,SCRIPPS RANCH,BL,,,6297071.447,1914934.485,1735687.212,274490.4849,,N,0.1,,,,,UW-WS-TRN-SLOC-S093,IF?0100000000000142365
533534,SLOC,SAMPLE LOCATION,W,MIRAMAR,712,0.5,DP,,AS BUILT,Y,SD,CITY OF SAN DIEGO,,WO,WATER OPERATIONS,N,0,0,232 SYS,N,,MORNING CRK DR/OLD SYCAMORE DR; SAMPLE STANCHION,,,N,0,0,A,324,J01N,6,1189H5,0,,,,,,6302553.169,1927863.757,1741168.962,287419.7566,,N,0,,,,,UW-WS-TRN-SLOC-S097,IF?0100000000000142297
5207090,SLOC,SAMPLE LOCATION,W,MIRAMAR,712,0.5,DR,,AS BUILT,Y,SD,CITY OF SAN DIEGO,,WO,WATER OPERATIONS,N,0,0,5 SYS,N,,NORTH SIDE OF DISTRIBUTION RESERVOIR #2,,,N,0,0,A,813,J04S,2,1209G3,10710,,SCRIPPS LAKE,DR,,,6300543.622,1913028.957,1739159.405,272584.9567,,N,89.33,,,,,UW-WS-TRN-SLOC-S173,IF?0100000000000141922
5207091,SLOC,SAMPLE LOCATION,W,MIRAMAR,712,0.5,DR,,AS BUILT,Y,SD,CITY OF SAN DIEGO,,WO,WATER OPERATIONS,N,0,0,6 SYS,N,,NORTH SIDE OF DISTRIBUTION RESERVOIR #1,,,N,0,0,A,814,J04S,2,1209H3,10710,,SCRIPPS LAKE,DR,,,6301015.292,1913030.03,1739631.077,272586.0295,,N,89.37,,,,,UW-WS-TRN-SLOC-S174,IF?0100000000000142011
5207895,SLOC,SAMPLE LOCATION,W,MIRAMAR,712,0.5,,,AS BUILT,Y,SD,CITY OF SAN DIEGO,,22,MIRMR PLNT/RESERVOIRS,N,0,0,INFLUENT WATER SAMPLE / 1 SYS,N,,MIRAMAR INFLUENT AT FILTRATION PLANT,,1,N,0,0,A,815,J04S,2,1209H4,0,,,,,,6301475.427,1912731.122,1740091.214,272287.122,,N,0,,,,,UW-WS-TRN-SLOC-S191,IF?0100000000000141665
5207896,SLOC,SAMPLE LOCATION,W,MIRAMAR,712,0.5,,,AS BUILT,Y,SD,CITY OF SAN DIEGO,,22,MIRMR PLNT/RESERVOIRS,N,0,0,ENFLUENT WATER SAMPLE / 3 SYS,N,,MIRAMAR EFFLUENT AT FILTRATION PLANT,,1,N,0,0,A,816,J04S,2,1209H4,0,,,,,,6301474.954,1912686.358,1740090.741,272242.3583,,Y,0,,,,,UW-WS-TRN-SLOC-S192,IF?0100000000000141720
5207897,SLOC,SAMPLE LOCATION,W,MIRAMAR,712,0.5,,,AS BUILT,Y,SD,CITY OF SAN DIEGO,,22,MIRMR PLNT/RESERVOIRS,N,0,0,FILTERED WATER SAMPLE / N7,N,,MIRAMAR SETTLED WATER AT FILTRATION PLANT,,,N,0,0,A,817,J04S,2,1209H4,0,,,,,,6301474.432,1912634.974,1740090.22,272190.9738,,Y,0,,,,,UW-WS-TRN-SLOC-S193,IF?0100000000000141771
5503985,SLOC,SAMPLE LOCATION,W,MIRAMAR,712,0.5,DP,,AS BUILT,Y,SD,CITY OF SAN DIEGO,,WO,WATER OPERATIONS,N,0,0,288 SYS,N,,GREENBERG WY & CTE GANSO @ BACKFLOW PREVENTER,,,N,0,0,A,987,H02N,2,1189C3,10940,,SCRIPPS RANCH,BL,,,6289757.539,1933571.68,1728373.268,293127.6798,,N,0,,,,,UW-WS-TRN-SLOC-S264,IF?0100000000000141059
5504024,SLOC,SAMPLE LOCATION,W,MIRAMAR,712,0.5,DP,,AS BUILT,Y,SD,CITY OF SAN DIEGO,F,WO,WATER OPERATIONS,N,0,0,294 SYS,N,,12194 BRANICOLE LN,,,N,0,0,A,709,I01S,5,1189F7,12194,,BRANICOLE,LN,,,6295819.984,1922885.331,1734435.743,282441.3314,,N,0,,,,,UW-WS-TRN-SLOC-S267,IF?0100000000000141032
5504025,SLOC,SAMPLE LOCATION,W,MIRAMAR,712,0.5,DP,,AS BUILT,Y,SD,CITY OF SAN DIEGO,,WO,WATER OPERATIONS,N,0,0,295,N,,11305 AFFINITY CT,,,N,0,0,A,1218,I03S,3,1209F2,10940,,SCRIPPS RANCH,BL,,,6297009.56,1916744.173,1735625.325,276300.1732,,N,0,,,,,UW-WS-TRN-SLOC-S268,IF?0100000000000141079
5207495,SLOC,SAMPLE LOCATION,W,MIRAMAR BOOSTED,1150,0,DR,,AS BUILT,Y,SD,CITY OF SAN DIEGO,,WO,WATER OPERATIONS,N,0,0,238 SYS,N,,11490 WEATHERHILL WAY,,,N,0,0,A,502,J03S,2,1209G1,11490,,WEATHERHILL,WY,,,6300611.539,1918430.722,1739227.322,277986.7218,,Y,0,,,,,UW-WS-TRN-SLOC-S187,IF?0100000000000141656
5212854,SLOC,SAMPLE LOCATION,W,MIRAMAR BOOSTED,1150,0.5,DP,,AS BUILT,Y,SD,CITY OF SAN DIEGO,,WO,WATER OPERATIONS,N,0,0,283 SYS,N,,SCRIPPS RANCH/SPENCERPORT; SAMPLE STANCHION,,,N,0,0,A,503,J03S,2,1209H2,0,,,,,,6300849.948,1916952.188,1739465.732,276508.1883,,N,160.48,,,,,UW-WS-TRN-SLOC-S207,IF?0100000000000141487
5212288,SLOC,SAMPLE LOCATION,W,MISSION CITY,430,0.5,DP,,AS BUILT,Y,SD,CITY OF SAN DIEGO,,WO,WATER OPERATIONS,N,0,0,275 SYS,N,,ACROSS FROM 2531 OLD QUARRY RD,1,,N,0,0,A,519,H15S,6,1.25E+10,0,,,,,,6291631.624,1867189.065,1730247.362,226745.065,,N,-179.89,,,,,UW-WS-TRN-SLOC-S205,IF?0100000000000141698
5212268,SLOC,SAMPLE LOCATION,W,MONTE VERDE,685,0.5,DP,,AS BUILT,Y,SD,CITY OF SAN DIEGO,F,WO,WATER OPERATIONS,N,0,0,281 SYS,N,,6831 MONTE VERDE DR,,,N,0,0,A,537,L13S,6,1.25E+06,6831,,MONTE VERDE,DR,,,6316397.431,1876217.703,1755013.293,235773.7034,,N,135.35,17799,7,D,,UW-WS-TRN-SLOC-S203,IF?0100000000000141594
532047,SLOC,SAMPLE LOCATION,W,MURPHY CANYON,500,0.5,DP,,AS BUILT,Y,SD,CITY OF SAN DIEGO,,WO,WATER OPERATIONS,N,0,0,213 SYS,N,,4455 MURPHY CANYON RD; SAMPLE STANCHION  ,1,,N,0,0,A,307,I12S,2,1249F2,4455,,MURPHY CANYON,RD,,,6294725.758,1881066.677,1733341.512,240622.6765,,N,-84.96,,,,,UW-WS-TRN-SLOC-S094,IF?0100000000000142430
5205421,SLOC,SAMPLE LOCATION,W,NORMAL HEIGHTS,536,0.5,DP,,AS BUILT,Y,SD,CITY OF SAN DIEGO,,WO,WATER OPERATIONS,N,0,0,155 SYS,N,,ADAMS AV & MARLBOROUGH,,1,N,0,0,A,582,I17S,6,1269G3,0,,,,,,6298346.001,1858457.126,1736961.772,218013.126,,N,178.94,,,,,UW-WS-TRN-SLOC-S158,IF?0100000000000141697
521631,SLOC,SAMPLE LOCATION,W,NORTH CITY,610,0.5,DP,,AS BUILT,Y,SD,CITY OF SAN DIEGO,,WO,WATER OPERATIONS,N,0,0,176 SYS,N,,ACROSS FROM 9896 OLSON DR.  SAMPLE STANCHION,1,,N,0,0,A,447,E06S,5,1228F1,9896,,OLSON,DR,,,6271803.645,1903217.936,1710419.284,262773.9364,,N,134.17,,,,,UW-WS-TRN-SLOC-S075,IF?0100000000000141846
5204618,SLOC,SAMPLE LOCATION,W,NORTH CITY,610,0.5,DP,,AS BUILT,Y,SD,CITY OF SAN DIEGO,,WO,WATER OPERATIONS,N,0,0,65 SYS,N,,ACROSS FROM 13911 DURANGO RD,,1,N,0,0,A,281,B01N,5,1187H6,0,,,,,,6253863.501,1927150.627,1692479.05,286706.6266,,Y,91.12,,,,,UW-WS-TRN-SLOC-S157,IF?0100000000000141910
5207116,SLOC,SAMPLE LOCATION,W,NORTH CITY,610,0.5,DR,,AS BUILT,Y,SD,CITY OF SAN DIEGO,,WO,WATER OPERATIONS,N,0,0,C9,N,,AL BAHR DR & SOLEDAD AV WEST OF DISTRIBUTION RESERVOIR,,,N,0,0,A,703,A10S,3,1227F6,0,,,,,,6249445.787,1888510.335,1688061.315,248066.3346,,N,0,,,,,UW-WS-TRN-SLOC-S178,IF?0100000000000141911
5503977,SLOC,SAMPLE LOCATION,W,NORTH CITY,610,0.5,DP,,AS BUILT,Y,SD,CITY OF SAN DIEGO,A,WO,WATER OPERATIONS,N,0,0,49A SYS,N,,JOHN J. HOPKINS & GENERAL ATOMIC,,,N,0,0,A,708,C05S,4,1207J6,10620,,JOHN JAY HOPKINS,DR,,,6257814.452,1906692.106,1696430.021,266248.1063,,Y,105.29,,,,,UW-WS-TRN-SLOC-S256,IF?0100000000000141178
5510255,SLOC,SAMPLE LOCATION,W,NORTH CITY,610,0,,,OPERATIONAL,Y,SD,CITY OF SAN DIEGO,,,,N,0,0,309 SYS,N,,4274 CAMPUS POINT CT. ,,,N,0,0,A,374,D06S,4,1208B7,0,,,,,,6262733.999,1904094.124,1701349.593,263650.124,,N,174.1,,,,,UW-WS-TRN-SLOC-S278,IF?0100000000000140962
5525499,SLOC,SAMPLE LOCATION,W,NORTH CITY,610,0,DP,,OPERATIONAL,Y,SD,CITY OF SAN DIEGO,,,,N,0,0,317 SYS,N,,ACROSS FROM 12608 SPINDLE TOP RD,,,N,0,0,A,688,H01N,5,1189C5,0,,,,,,6289865.837,1926954.57,1728481.566,286510.5702,,N,2.54,,,,,UW-WS-TRN-SLOC-S291,IF?0100000000000140715
5529674,SLOC,SAMPLE LOCATION,W,NORTH CITY,610,0.5,DP,,AS BUILT,Y,SD,CITY OF SAN DIEGO,,WO,WATER OPERATIONS,N,0,0,320 SYS,N,,12501 LA TORTOLA,,,N,0,0,A,710,I01S,2,1189F6,0,,,,,,6296017.09,1925074.8,1734632.85,284630.7999,,N,59.81,,,,,UW-WS-TRN-SLOC-S299,IF?0100000000000140548
5577838,SLOC,SAMPLE LOCATION,W,NORTH CITY,610,0.5,DP,,AS BUILT,Y,SD,CITY OF SAN DIEGO,,WO,WATER OPERATIONS,N,0,0,340 SYS,N,,ACROSS FROM 13880 CREST WY,,,N,0,0,A,353,B01N,5,1187G6,0,,,,,,6253257.287,1926989.938,1691872.833,286545.9377,,Y,-67.64,,,,,UW-WS-TRN-SLOC-S326,IF?0100000000000140585
5564259,SLOC,SAMPLE LOCATION,W,NORTH VILLAGE,730,0.5,DP,,AS BUILT,Y,SD,CITY OF SAN DIEGO,F,WO,WATER OPERATIONS,N,0,0,327 SYS,N,,ACROSS FROM 15625 NEW PARK TR.  SAMPLE STANCHION,,,N,0,0,A,399,H07N,4,1169B3,15625,,NEW PARK,TR,,,6287242.382,1951737.897,1725858.098,311293.897,,Y,-44.33,,,,,UW-WS-TRN-SLOC-S317,IF?0100000000000140594
520513,SLOC,SAMPLE LOCATION,W,NORTHWEST MESA,559,0.5,DP,,AS BUILT,Y,SD,CITY OF SAN DIEGO,,WO,WATER OPERATIONS,N,0,0,57 SYS,N,,IDLEWILD WY/HIDALGO AV; PUBLIC SCHOOL/SAMPLE STANCHION,,,N,0,0,A,432,D11S,4,1248C1,0,,,,,,6263436.001,1883952.126,1702051.598,243508.126,,N,0,,,,,UW-WS-TRN-SLOC-S072,IF?0100000000000142139
523978,SLOC,SAMPLE LOCATION,W,NORTHWEST MESA,559,1,DP,,AS BUILT,Y,SD,CITY OF SAN DIEGO,,WO,WATER OPERATIONS,N,0,0,52 SYS,N,,MT. ABERNATHY AV/CHATEAU DR; LIBRARY/SAMPLE STANCHION,,,N,0,0,A,547,F12S,5,1248H2,0,,,,,,6277507.238,1880243.72,1716122.905,239799.7205,,N,-28.2,,,,,UW-WS-TRN-SLOC-S080,IF?0100000000000141974
5483583,SLOC,SAMPLE LOCATION,W,NORTHWEST MESA,559,0.5,DP,,AS BUILT,Y,SD,CITY OF SAN DIEGO,,WO,WATER OPERATIONS,N,0,0,55A SYS,N,,"5183 ARVINELS AV LOCATION PER MARGARET GLASER, 2/3/04",,1,N,0,0,A,287,F10S,5,1228H7,0,,,,,,6277591.001,1886693.127,1716206.669,246249.1266,,N,-0.83,,,,,UW-WS-TRN-SLOC-S240,IF?0100000000000141306
5483584,SLOC,SAMPLE LOCATION,W,NORTHWEST MESA,559,0.5,DP,,AS BUILT,Y,SD,CITY OF SAN DIEGO,,WO,WATER OPERATIONS,N,0,0,50A SYS,N,,2693 MELBOURNE DR LOCATION PER MARGARET GLASER 2/3/04,,1,N,0,0,A,540,I15S,1,1.25E+09,0,,,,,,6292823.501,1869558.127,1731439.245,229114.1266,,N,-126.79,,,,,UW-WS-TRN-SLOC-S241,IF?0100000000000141341
5550618,SLOC,SAMPLE LOCATION,W,OAKS NORTH,865,0.75,DP,,AS BUILT,Y,SD,CITY OF SAN DIEGO,A,WO,WATER OPERATIONS,N,0,0,336 SYS,N,,17696 MONTERO RD,,,N,0,0,A,698,L07N,3,1170D2,17696,,MONTERO,RD,,,6315694.501,1953822.251,1754310.36,313378.2507,,N,-12.31,,,,,UW-WS-TRN-SLOC-S309,IF?0100000000000140510
544630,SLOC,SAMPLE LOCATION,W,OTAY MESA,590,0.5,DP,,AS BUILT,Y,SD,CITY OF SAN DIEGO,,WO,WATER OPERATIONS,N,0,0,202 SYS,N,,5400 BLK OTAY VALLEY RD PUMP STATION/PETCOCK,,,N,0,0,A,140,O34S,1,1331C6,0,,,,,,6330273.596,1793398.543,1768889.527,152954.5433,,Y,0,,,,,UW-WS-TRN-SLOC-S133,IF?0100000000000143351
5503981,SLOC,SAMPLE LOCATION,W,OTAY MESA,680,0.5,DP,,AS BUILT,Y,SD,CITY OF SAN DIEGO,A,WO,WATER OPERATIONS,N,0,0,284 SYS,N,,OCEAN VIEW HILLS PKWY & SEA DRIFT WY,,,N,0,0,A,521,N34S,4,1330J7,5097,,SEA REEF,PL,,,6323501.594,1790708.36,1762117.492,150264.3596,,N,7.39,,,,,UW-WS-TRN-SLOC-S260,IF?0100000000000141131
5529673,SLOC,SAMPLE LOCATION,W,OTAY MESA,680,0.5,DP,,AS BUILT,Y,SD,CITY OF SAN DIEGO,,WO,WATER OPERATIONS,N,0,0,319 SYS,N,,OTAY TREATMENT PLANT EFFLUENT ENTRY - DISTR SYSTEM,,1,N,0,0,A,519,R32S,3,1332A3,0,,,,,,6351497.096,1801034.403,1790113.134,160590.4029,,Y,0,,,,,UW-WS-TRN-SLOC-S298,IF?0100000000000140801
543978,SLOC,SAMPLE LOCATION,W,OTAY REGULATED,270,0.5,DP,,AS BUILT,Y,SD,CITY OF SAN DIEGO,F,WO,WATER OPERATIONS,N,0,0,131 SYS,N,,EAST PARK AV/SAN YSIDRO BL; SAMPLE STANCHION,,1,N,0,0,A,257,M37S,1,1350G4,125,,EAST PARK,AV,,,6316907.51,1782006.985,1755523.374,141562.9849,,N,0,,,,,UW-WS-TRN-SLOC-S127,IF?0100000000000143361
5204616,SLOC,SAMPLE LOCATION,W,PACIFIC BEACH,307,0.5,DP,,AS BUILT,Y,SD,CITY OF SAN DIEGO,,WO,WATER OPERATIONS,N,0,0,PACIFIC BEACH PIPELINE,N,,INGRAHAM ST & VACATION RD,,,N,0,0,A,99,C16S,5,1268A2,0,,,,,,6258804.501,1862726.624,1697420.075,222282.624,,N,0,,,,,UW-WS-TRN-SLOC-S156,IF?0100000000000141845
5529675,SLOC,SAMPLE LOCATION,W,PACIFIC BEACH,307,0.5,DP,,AS BUILT,Y,SD,CITY OF SAN DIEGO,,WO,WATER OPERATIONS,N,0,0,PACIFIC BEACH PIPELINE,N,,HAINES ST @ FELSPAR ST,,,N,0,0,A,661,C14S,1,1247J5,0,,,,,,6256541.588,1872519.196,1695157.151,232075.1962,,N,0,,,,,UW-WS-TRN-SLOC-S300,IF?0100000000000140589
5592562,SLOC,SAMPLE LOCATION,W,PACIFIC BEACH,307,0.5,DP,,AS BUILT,Y,SD,CITY OF SAN DIEGO,A,WO,WATER OPERATIONS,N,0,0,341 SYS,N,,"LOC IN FRONT OF RESTAURANT, DOCKHOUSE DELI",,,N,0,0,A,333,C18S,2,1268B4,1840,,QUIVIRA,WY,B-1,,6258860,1857549.377,1697475.574,217105.3766,,N,5.49,,,,,UW-WS-TRN-SLOC-S334,IF?0100000000000140793
520758,SLOC,SAMPLE LOCATION,W,PACIFICA,340,0.75,DP,,AS BUILT,Y,SD,CITY OF SAN DIEGO,,WO,WATER OPERATIONS,N,0,0,255 SYS,N,,4949 PACIFICA DR,1,,N,0,0,A,423,D13S,4,1248C4,4949,,PACIFICA,DR,,,6262842.5,1876275.374,1701458.094,235831.374,,Y,-170.58,,,,,UW-WS-TRN-SLOC-S073,IF?0100000000000141897
5205427,SLOC,SAMPLE LOCATION,W,PARADISE HILLS #1,472,0.5,DP,,AS BUILT,Y,SD,CITY OF SAN DIEGO,,WO,WATER OPERATIONS,N,0,0,203 SYS,N,,RIDGEWOOD DR & PINE BLUFF LN IN FRONT OF SCHOOL PER M. GLASER 6/14/00,,,N,0,0,A,534,L24S,5,1290D7,0,,,,,,6312504.629,1830606.929,1751120.472,190162.9291,,Y,8.11,,,,,UW-WS-TRN-SLOC-S164,IF?0100000000000141760
5607579,SLOC,SAMPLE LOCATION,W,PARADISE HILLS #1,472,0.5,DP,,AS BUILT,Y,SD,CITY OF SAN DIEGO,A,WO,WATER OPERATIONS,N,0,0,342 SYS,Y,?7?/?12?/?10? ?5?:?00? ?PM,2883 KEEN DR,,,N,0,0,A,806,L26S,3,1310F2,2883,,KEEN,DR,,,6316039.396,1824634.892,1754655.257,184190.8917,,N,-72.21,,,,,UW-WS-TRN-SLOC-S339,IF?0100000000000141440
542101,SLOC,SAMPLE LOCATION,W,PARADISE HILLS #2,590,0.75,DP,,AS BUILT,Y,SD,CITY OF SAN DIEGO,,WO,WATER OPERATIONS,N,0,0,256 SYS,N,,1808 SEA STAR LANE (HOSEBIB ON BACKFLOW PREV CAGE),1,,N,0,0,A,657,L25S,2,1.29E+10,6610,,POTOMAC,ST,,,6313606.903,1830173.638,1752222.751,189729.6385,,N,-13.17,,,,,UW-WS-TRN-SLOC-S121,IF?0100000000000142309
5205422,SLOC,SAMPLE LOCATION,W,PARADISE MESA,610,0.5,DP,,AS BUILT,Y,SD,CITY OF SAN DIEGO,,WO,WATER OPERATIONS,N,0,0,171 SYS,N,,"6541 BROADWAY  SAMPLE STANCHION
",,,N,0,0,A,681,L22S,2,1290D3,6541,,BROADWAY,,,,6313471.001,1841133.127,1752086.848,200689.1266,,N,0,,,,,UW-WS-TRN-SLOC-S159,IF?0100000000000141750
5207118,SLOC,SAMPLE LOCATION,W,PARADISE MESA,610,0.5,DR,,AS BUILT,Y,SD,CITY OF SAN DIEGO,,WO,WATER OPERATIONS,N,0,0,269 SYS,N,,1513 STATTON CT  PARADISE MESA DISTIBUTION RESERVOIR,,,N,0,0,A,512,M24S,1,1290F6,0,,,,,,6316751.434,1832955.787,1755367.297,192511.7874,,N,0,,,,,UW-WS-TRN-SLOC-S179,IF?0100000000000141991
516392,SLOC,SAMPLE LOCATION,W,PARKVIEW,600,0.75,DP,,AS BUILT,Y,SD,CITY OF SAN DIEGO,,WO,WATER OPERATIONS,N,0,0,257 SYS,N,,ACROSS FROM 1565  CALLE DE CINCO SAMPLE STANCHION,,,N,0,0,A,572,B12S,6,1247J3,5456,,CASTLE HILLS,DR,,,6255238.517,1879386.611,1693854.073,238942.6109,,N,0,,,,,UW-WS-TRN-SLOC-S058,IF?0100000000000142145
528453,SLOC,SAMPLE LOCATION,W,PENASQUITOS,920,0.5,DP,,AS BUILT,Y,SD,CITY OF SAN DIEGO,,WO,WATER OPERATIONS,N,0,0,68 SYS,N,,OVIEDO ST/BLACK MOUNTAIN RD,,,N,0,0,A,620,H02N,3,1189D3,0,,,,,,6292346.001,1933489.751,1730961.742,293045.7507,,Y,0.09,,,,,UW-WS-TRN-SLOC-S087,IF?0100000000000142294
533701,SLOC,SAMPLE LOCATION,W,PENASQUITOS,920,0.5,,,AS BUILT,Y,SD,CITY OF SAN DIEGO,,WO,WATER OPERATIONS,N,0,0,234 SYS,N,,CUCA ST,,,N,0,0,A,257,J02N,2,1189H2,14125,,CUCA,ST,,,6301896.499,1934117.874,1740512.289,293673.874,,N,0,,,,,UW-WS-TRN-SLOC-S098,IF?0100000000000142531
5207119,SLOC,SAMPLE LOCATION,W,PENASQUITOS,920,0,DR,,AS BUILT,Y,SD,CITY OF SAN DIEGO,,WO,WATER OPERATIONS,N,0,0,19 SYS,N,?6?/?16?/?65? ?5?:?00? ?PM,PENASQUITOS DISTIBUTION RESERVOIR,,,N,0,0,A,120,J04N,6,1169H7,0,,,,,,6303359.865,1939516.962,1741975.662,299072.9619,,Y,0,11311,2,D,,UW-WS-TRN-SLOC-S180,IF?0100000000000142046
5587573,SLOC,SAMPLE LOCATION,W,PENASQUITOS,920,0.5,,,AS BUILT,Y,SD,CITY OF SAN DIEGO,,WO,WATER OPERATIONS,N,0,0,234A SYS,N,,14300 CUCA ST,,,N,0,0,A,190,J03N,5,1189H2,14125,,CUCA,ST,,,6302258.301,1935205.272,1740874.092,294761.2723,,N,-21.95,,,,,UW-WS-TRN-SLOC-S333,IF?0100000000000140696
5212265,SLOC,SAMPLE LOCATION,W,PENASQUITOS PARK VW,470,0.5,DP,,AS BUILT,Y,SD,CITY OF SAN DIEGO,,WO,WATER OPERATIONS,N,0,0,277 SYS,N,,PARK VILLAGE RD/CAM RUIZ AT SCHOOL (STANTION),,,N,0,0,A,356,G01S,6,1189B7,0,,,,,,6285468.783,1923219.59,1724084.49,282775.5899,,N,0,,,,,UW-WS-TRN-SLOC-S200,IF?0100000000000141607
5607578,SLOC,SAMPLE LOCATION,W,PENASQUITOS PARK VW,470,0.5,DP,,AS BUILT,Y,SD,CITY OF SAN DIEGO,F,WO,WATER OPERATIONS,N,0,0,277A SYS,N,,12241 CAM DEL SUR @ DORMOUSE,,,N,0,0,A,477,G01S,6,1189A7,12241,,CAM DEL SUR,,,,6285055.121,1923694.888,1723670.827,283250.8885,,N,58,,,,,UW-WS-TRN-SLOC-S338,IF?0100000000000141738
5573678,SLOC,SAMPLE LOCATION,W,PINNACLE,470,0.5,DP,,AS BUILT,Y,SD,CITY OF SAN DIEGO,F,WO,WATER OPERATIONS,N,0,0,339 SYS,N,,11911 CARMEL CREEK RD,,,N,0,0,A,733,C02S,3,1208B1,11911,,CARMEL CREEK,RD,,,6262176.155,1921119.216,1700791.746,280675.2159,,N,0,,,,,UW-WS-TRN-SLOC-S324,IF?0100000000000140797
518987,SLOC,SAMPLE LOCATION,W,POINT LOMA,260,0.5,DP,,AS BUILT,Y,SD,CITY OF SAN DIEGO,F,WO,WATER OPERATIONS,N,0,0,44 SYS,N,,VOLTAIRE ST/EBERS ST; FIRE STATION/SAMPLE STANCHION,,,N,0,0,A,616,C19S,1,1268A6,4711,,VOLTAIRE,ST,,,6256700,1853673.999,1695315.564,213229.9993,,N,0,,,,,UW-WS-TRN-SLOC-S070,IF?0100000000000141876
519412,SLOC,SAMPLE LOCATION,W,POINT LOMA,260,0.5,DP,,AS BUILT,Y,SD,CITY OF SAN DIEGO,F,WO,WATER OPERATIONS,N,0,0,43 SYS,N,,ROSECRANS ST(300BLK); SAMPLE STANCHION,,1,N,0,0,A,258,C22S,4,1288A4,300,,ROSECRANS,ST,,,6257514.501,1838769.626,1696130.069,198325.626,,N,-11.62,,,,,UW-WS-TRN-SLOC-S071,IF?0100000000000142061
5207120,SLOC,SAMPLE LOCATION,W,POINT LOMA,260,0.5,DR,,AS BUILT,Y,SD,CITY OF SAN DIEGO,,WO,WATER OPERATIONS,N,0,0,S15,N,,1000 BLK CATALINA BL,,,N,0,0,A,702,B21S,3,1288A2,0,,,,,,6256037.93,1845176.46,1694653.49,204732.46,,N,0,,,,,UW-WS-TRN-SLOC-S181,IF?0100000000000142116
537274,SLOC,SAMPLE LOCATION,W,POMERADO PARK,920,0.5,DP,,AS BUILT,Y,SD,CITY OF SAN DIEGO,,WO,WATER OPERATIONS,N,0,0,235 SYS,N,,15855 TURTLEBACK RD. SAMPLE STANCHION,,,N,0,0,A,627,K06N,4,1169J5,15855,,TURTLEBACK,RD,,,6304846.23,1946511.988,1743462.035,306067.9882,,N,-136.98,,,,,UW-WS-TRN-SLOC-S107,IF?0100000000000142438
5207490,SLOC,SAMPLE LOCATION,W,POMERADO PARK,920,0,DR,,AS BUILT,Y,SD,CITY OF SAN DIEGO,,WO,WATER OPERATIONS,N,0,0,20 SYS,N,,16000 BLK AVNDA VENUSTO NORTH SIDE OF DISTRIBUTION RESERVOIR,,,N,0,0,A,694,K05N,3,1170A5,0,,,,,,6309036.152,1946167.375,1747651.977,305723.3753,,N,0,,,,,UW-WS-TRN-SLOC-S182,IF?0100000000000141812
5207491,SLOC,SAMPLE LOCATION,W,POMERADO PARK,920,0.5,DR,,AS BUILT,Y,SD,CITY OF SAN DIEGO,,WO,WATER OPERATIONS,N,0,0,N21,N,,15900 BLK BIG SPRINGS WY SOUTHWEST OF DISTRIBUTION RESERVOIR ON EAST SIDE OF ACCESS ROAD,,,N,0,0,A,697,K06N,4,1169J4,0,,,,,,6305753.753,1947253.671,1744369.562,306809.6713,,N,0,,,,,UW-WS-TRN-SLOC-S183,IF?0100000000000142039
5668270,SLOC,SAMPLE LOCATION,W,POMERADO PARK,920,0,DR,,AS BUILT,Y,SD,CITY OF SAN DIEGO,,WO,WATER OPERATIONS,N,0,0,,Y,?8?/?28?/?14? ?5?:?00? ?PM,16000 BLK AVNDA VENUSTO NORTH SIDE OF DISTRIBUTION RESERVOIR,,,N,0,0,A,898,K05N,3,1170A5,0,,,,,,6308902.454,1946229.403,1747518.279,305785.4029,,N,0,31623,0,D,,UW-WS-TRN-SLOC-S346,IF?0100000000000141494
515816,SLOC,SAMPLE LOCATION,W,PRESTWICK ESTATES,355,0.75,DP,,AS BUILT,Y,SD,CITY OF SAN DIEGO,,WO,WATER OPERATIONS,N,0,0,258 SYS,N,,8455 WESTWAY DR,1,,N,0,0,A,391,B09S,3,1227H4,8455,,WESTWAY,DR,,,6254652.5,1894101.499,1693268.053,253657.4993,,N,-17.96,,,,,UW-WS-TRN-SLOC-S054,IF?0100000000000141873
5525469,SLOC,SAMPLE LOCATION,W,PRINCESS DEL SOL,390,0,DP,,OPERATIONAL,Y,SD,CITY OF SAN DIEGO,F,,,N,0,0,306 SYS,N,,1332 KENALAN DR,,,N,0,0,A,824,L35S,3,1350F1,1332,,KENALAN,DR,,,6315480.499,1789050.627,1754096.356,148606.6266,,N,88.54,,,,,UW-WS-TRN-SLOC-S284,IF?0100000000000141104
5205448,SLOC,SAMPLE LOCATION,W,PRINCESS GARDENS,345,0.75,DP,,AS BUILT,Y,SD,CITY OF SAN DIEGO,,WO,WATER OPERATIONS,N,0,0,211A SYS,N,,7228 WEMBLEY ST,1,,N,0,0,A,444,K14S,1,1250A5,7228,,WEMBLEY,ST,,,6305927.316,1872544.619,1744543.126,232100.6194,,N,-1.48,,,,,UW-WS-TRN-SLOC-S166,IF?0100000000000141701
528074,SLOC,SAMPLE LOCATION,W,PRINCIPAL DOWNTOWN,231,0.5,DP,,AS BUILT,Y,SD,CITY OF SAN DIEGO,F,WO,WATER OPERATIONS,N,0,0,135 SYS,N,,ACROSS FROM 1782 NEWTON AV,,,N,0,0,A,611,G23S,6,1289C5,1775,,NEWTON,AV,,,6285399.898,1836049.505,1724015.605,195605.5046,,N,139.62,,,,,UW-WS-TRN-SLOC-S085,IF?0100000000000142207
5207496,SLOC,SAMPLE LOCATION,W,PRINCIPAL DOWNTOWN,231,0.5,,,AS BUILT,Y,SD,CITY OF SAN DIEGO,,WO,WATER OPERATIONS,N,0,0,S142,N,,CROSBY ST/CROSBY RD (10TH AVE PIER) NEXT TO RR TRACKS,,,N,0,0,A,727,G23S,6,1289C5,0,,,,,,6285118.287,1834595.21,1723733.993,194151.21,,N,0,,,,,UW-WS-TRN-SLOC-S188,IF?0100000000000141529
5207497,SLOC,SAMPLE LOCATION,W,PRINCIPAL DOWNTOWN,231,0.5,,,AS BUILT,Y,SD,CITY OF SAN DIEGO,,WO,WATER OPERATIONS,N,0,0,S143,N,,CROSBY ST/CROSBY RD (10TH AVE PIER) NEXT TO WATERFRONT PUBLIC PHONE,,,N,0,0,A,22,G24S,3,1289C6,0,,,,,,6284813.369,1834335.633,1723429.073,193891.6332,,N,0,,,,,UW-WS-TRN-SLOC-S189,IF?0100000000000141632
5552068,SLOC,SAMPLE LOCATION,W,PRINCIPAL DOWNTOWN,231,0.5,DP,,AS BUILT,Y,SD,CITY OF SAN DIEGO,F,WO,WATER OPERATIONS,N,0,0,332 SYS,N,,W G ST,,,N,0,0,A,1025,F22S,5,1288J3,1277,W,G,ST,,,6277315.358,1840216.211,1715931.024,199772.2106,,N,31.55,,,,,UW-WS-TRN-SLOC-S312,IF?0100000000000140593
5586820,SLOC,SAMPLE LOCATION,W,PRINCIPAL DOWNTOWN,231,0.5,DP,,AS BUILT,Y,SD,CITY OF SAN DIEGO,F,WO,WATER OPERATIONS,N,0,0,136 SYS,Y,?4?/?1?/?09? ?5?:?00? ?PM,333 HARBOR DR BEHIND MARRIOTT HOTEL,,,N,0,0,A,59,F23S,3,1289A4,355,,HARBOR,DR,,,6280240.292,1838354.249,1718855.973,197910.2487,,N,140.32,,,,,UW-WS-TRN-SLOC-S325,IF?0100000000000140895
531032,SLOC,SAMPLE LOCATION,W,RANCHO BERNARDO,793,0.5,,,AS BUILT,Y,SD,CITY OF SAN DIEGO,,WO,WATER OPERATIONS,N,0,0,231 SYS,N,,FAIRGROVE LN/SALMON RIVER RD,,,N,0,0,A,410,I01N,1,1.19E+07,0,,,,,,6294243.399,1929454.813,1732859.15,289010.813,,N,0,,,,,UW-WS-TRN-SLOC-S090,IF?0100000000000142529
537558,SLOC,SAMPLE LOCATION,W,RANCHO BERNARDO,793,0.5,DP,,AS BUILT,Y,SD,CITY OF SAN DIEGO,,WO,WATER OPERATIONS,N,0,0,180 SYS,N,,MATINAL RD/POBLADO RD; SAMPLE STANCHION,,,N,0,0,A,603,K08N,4,1169H1,0,,,,,,6304758.166,1955782.297,1743373.97,315338.2966,,N,-0.6,,,,,UW-WS-TRN-SLOC-S108,IF?0100000000000142491
540186,SLOC,SAMPLE LOCATION,W,RANCHO BERNARDO,793,0.75,DP,,AS BUILT,Y,SD,CITY OF SAN DIEGO,,WO,WATER OPERATIONS,N,0,0,254 SYS,N,,PLAZA DOLORES & PLAZA MARIA,1,,N,0,0,A,423,L08N,6,1170D1,17387,,PLAZA DOLORES,,,,6316006.001,1954829.875,1754621.861,314385.8753,,N,47.41,,,,,UW-WS-TRN-SLOC-S116,IF?0100000000000142507
5486932,SLOC,SAMPLE LOCATION,W,RANCHO BERNARDO,793,0,DR,,AS BUILT,Y,SD,CITY OF SAN DIEGO,,,,N,0,0,21 SYS,N,,16061 BIG SPRINGS WY,,,N,0,0,A,874,K06N,4,1169J4,0,,,,,,6306145.013,1947480.358,1744760.824,307036.3576,,N,0,,,,,UW-WS-TRN-SLOC-S254,IF?0100000000000141073
5504022,SLOC,SAMPLE LOCATION,W,RANCHO BERNARDO,793,0.5,DP,,AS BUILT,Y,SD,CITY OF SAN DIEGO,,WO,WATER OPERATIONS,N,0,0,289 SYS,N,,ESCALA DR & CAMBERWELL LN,,,N,0,0,A,621,L09N,1,1150B6,10940,,SCRIPPS RANCH,BL,,,6312185.571,1960907.756,1750801.412,320463.7559,,N,-139.01,,,,,UW-WS-TRN-SLOC-S265,IF?0100000000000141224
6269848,SLOC,SAMPLE LOCATION,W,RANCHO BERNARDO,793,0,DR,,AS BUILT,Y,SD,CITY OF SAN DIEGO,,WO,WATER OPERATIONS,N,0,0,292 SYS B1 BOT,N,,BLACK MTN RESV1 BOTTOM LEVEL,,,N,0,0,A,120,H04N,6,1189D1,0,,,,,,6292403.353,1939529.695,1731019.095,299085.6949,,Y,0,,,,,UW-WS-TRN-SLOC-S217,IF?0100000000000141660
6269849,SLOC,SAMPLE LOCATION,W,RANCHO BERNARDO,793,0,DR,,AS BUILT,Y,SD,CITY OF SAN DIEGO,,WO,WATER OPERATIONS,N,0,0,292 SYS_B1 MID,N,,BLACK MTN RESV1 MID LEVEL,,,N,0,0,A,121,H04N,6,1189D1,0,,,,,,6292390.335,1939529.606,1731006.077,299085.6063,,Y,0,,,,,UW-WS-TRN-SLOC-S218,IF?0100000000000141725
6269958,SLOC,SAMPLE LOCATION,W,RANCHO BERNARDO,793,0,DR,,AS BUILT,Y,SD,CITY OF SAN DIEGO,,WO,WATER OPERATIONS,N,0,0,292 SYS B1 TOP,N,,BLACK MTN RESV1 TOP LEVEL,,,N,0,0,A,122,H04N,6,1189D1,0,,,,,,6292376.473,1939529.606,1730992.215,299085.6063,,Y,0,,,,,UW-WS-TRN-SLOC-S219,IF?0100000000000141779
6269959,SLOC,SAMPLE LOCATION,W,RANCHO BERNARDO,793,0,DR,,AS BUILT,Y,SD,CITY OF SAN DIEGO,,WO,WATER OPERATIONS,N,0,0,292 SYS B2 TOP,N,,BLACK MTN RESV2 TOP LEVEL,,,N,0,0,A,123,H04N,6,1189D1,0,,,,,,6292376.385,1939519.108,1730992.126,299075.1076,,Y,0,,,,,UW-WS-TRN-SLOC-S220,IF?0100000000000141482
6269960,SLOC,SAMPLE LOCATION,W,RANCHO BERNARDO,793,0,DR,,AS BUILT,Y,SD,CITY OF SAN DIEGO,,WO,WATER OPERATIONS,N,0,0,292 SYS_B2 MID,N,,BLACK MTN RESV2 MID LEVEL,,,N,0,0,A,124,H04N,6,1189D1,0,,,,,,6292390.335,1939518.698,1731006.077,299074.6975,,Y,0,,,,,UW-WS-TRN-SLOC-S221,IF?0100000000000141602
6269961,SLOC,SAMPLE LOCATION,W,RANCHO BERNARDO,793,0,DR,,AS BUILT,Y,SD,CITY OF SAN DIEGO,,WO,WATER OPERATIONS,N,0,0,292 SYS B2 BOT,N,,BLACK MTN RESV2 BOTTOM LEVEL,,,N,0,0,A,125,H04N,6,1189D1,0,,,,,,6292402.72,1939518.425,1731018.462,299074.4252,,Y,0,,,,,UW-WS-TRN-SLOC-S222,IF?0100000000000141659
5586469,SLOC,SAMPLE LOCATION,W,RANCHO DEL SOL,470,0.75,DP,,AS BUILT,Y,SD,CITY OF SAN DIEGO,,WO,WATER OPERATIONS,N,0,0,270A SYS,N,,RANCHO DEL SOL & RANCHO DEL AZALEAS,,,N,0,0,A,591,F02N,5,1188G4,0,,,,,,6276933.96,1932100.18,1715549.625,291656.1804,,N,0,,,,,UW-WS-TRN-SLOC-S332,IF?0100000000000140654
515580,SLOC,SAMPLE LOCATION,W,RANCHO SANTA FE,284,0.5,DP,,AS BUILT,Y,SD,CITY OF SAN DIEGO,,WO,WATER OPERATIONS,N,0,0,230 SYS,N,,CAMTO MAR DE PLATA & FORTALEZA,,,N,0,0,A,67,B04N,6,1187H1,0,,,,,,6256089.826,1938952.487,1694705.387,298508.4869,,N,0,,,,,UW-WS-TRN-SLOC-S052,IF?0100000000000142004
538379,SLOC,SAMPLE LOCATION,W,REDWOOD VILLAGE,645,0.5,DP,,AS BUILT,Y,SD,CITY OF SAN DIEGO,,WO,WATER OPERATIONS,N,0,0,151 SYS,N,,MONTEZUMA RD/54TH ST; SAMPLE STANCHION,,,N,0,0,A,449,K17S,2,1270B2,0,,,,,,6306849.695,1861365.282,1745465.509,220921.2822,,N,0,,,,,UW-WS-TRN-SLOC-S111,IF?0100000000000142350
541230,SLOC,SAMPLE LOCATION,W,REDWOOD VILLAGE,645,0.5,DP,,AS BUILT,Y,SD,CITY OF SAN DIEGO,,WO,WATER OPERATIONS,N,0,0,150 SYS,N,,ACORN ST/62ND ST; FIRE STATION/SAMPLE STANCHION,,,N,0,0,A,842,L18S,1,1270C3,0,,,,,,6311517.835,1857534.321,1750133.672,217090.3209,,N,0,,,,,UW-WS-TRN-SLOC-S120,IF?0100000000000142448
5065223,SLOC,SAMPLE LOCATION,W,REDWOOD VILLAGE,645,0.5,DR,,AS BUILT,Y,SD,CITY OF SAN DIEGO,,WO,WATER OPERATIONS,N,0,0,S108,Y,?9?/?14?/?97? ?5?:?00? ?PM,"HUGHES ST/JODI ST, NORTH OF RESERVOIR",,,N,0,0,A,598,L19S,1,1270C5,6056,,HUGHES,ST,,,6310441.165,1853145.525,1749056.997,212701.5249,,Y,53.98,27950,9,D,,UW-WS-TRN-SLOC-S043,IF?0100000000000141768
5485691,SLOC,SAMPLE LOCATION,W,REDWOOD VILLAGE,645,0,DR,,AS BUILT,Y,SD,CITY OF SAN DIEGO,,,,N,0,0,108 SYS,N,,6056 HUGHES ST,,,N,0,0,A,753,L19S,1,1270C5,0,,,,,,6310506.923,1852586.46,1749122.755,212142.46,,N,0,,,,,UW-WS-TRN-SLOC-S246,IF?0100000000000141330
5529617,SLOC,SAMPLE LOCATION,W,REDWOOD VILLAGE,645,0,,,AS BUILT,Y,SD,CITY OF SAN DIEGO,,,,N,0,0,151A SYS,N,,4929 CATOCTIN DR SAMPLE STANCHION,,,N,0,0,A,1084,L17S,5,1270D2,0,,,,,,6312621.854,1860084.613,1751237.697,219640.6129,,N,0,,,,,UW-WS-TRN-SLOC-S296,IF?0100000000000140659
5504026,SLOC,SAMPLE LOCATION,W,REMINGTON HILLS,543,0.5,DP,,AS BUILT,Y,SD,CITY OF SAN DIEGO,,WO,WATER OPERATIONS,N,0,0,297,N,,1514 CLANTON PL,,,N,0,0,A,516,M35S,5,1350G2,10940,,SCRIPPS RANCH,BL,,,6318612.897,1786631.371,1757228.77,146187.3714,,N,0,,,,,UW-WS-TRN-SLOC-S269,IF?0100000000000141175
5524136,SLOC,SAMPLE LOCATION,W,REMINGTON HILLS,543,0,DP,,OPERATIONAL,Y,SD,CITY OF SAN DIEGO,,,,N,0,0,305 SYS,N,,4948 1/2 CARBINE WY,,,N,0,0,A,579,M36S,2,1350H2,0,,,,,,6320376.007,1786178.944,1758991.889,145734.9436,,Y,43.51,,,,,UW-WS-TRN-SLOC-S283,IF?0100000000000140995
5503984,SLOC,SAMPLE LOCATION,W,RIDGEGATE LA JOLLA,575,0.5,DP,,AS BUILT,Y,SD,CITY OF SAN DIEGO,,WO,WATER OPERATIONS,N,0,0,287 SYS,N,,RIDGEGATE ROW & ABBOTSWOODS,1,,N,0,0,A,463,C11S,4,1248A1,10940,,SCRIPPS RANCH,BL,,,6258196.28,1883448.986,1696811.851,243004.9862,,N,-58.91,,,,,UW-WS-TRN-SLOC-S263,IF?0100000000000141344
5503980,SLOC,SAMPLE LOCATION,W,RIDGEGATE REDUCED,425,0.5,DP,,AS BUILT,Y,SD,CITY OF SAN DIEGO,,WO,WATER OPERATIONS,N,0,0,274 SYS,N,,HILLPOINTE ROW & CARRIAGE DALE ROW,1,,N,0,0,A,462,C11S,5,1248A1,10940,,SCRIPPS RANCH,BL,,,6259244.747,1883785.194,1697860.324,243341.1936,,N,-141.31,,,,,UW-WS-TRN-SLOC-S259,IF?0100000000000141074
5504030,SLOC,SAMPLE LOCATION,W,RIVIERA DEL SOL,550,0.5,DP,,AS BUILT,Y,SD,CITY OF SAN DIEGO,A,WO,WATER OPERATIONS,N,0,0,302 SYS,N,,4610 PACIFIC RIVIERA WY,,,N,0,0,A,517,M35S,5,1350H1,4610,,PACIFIC RIVIERA,WY,,,6319703.12,1788222.874,1758318.999,147778.874,,N,-146.6,,,,,UW-WS-TRN-SLOC-S273,IF?0100000000000141125
5504049,SLOC,SAMPLE LOCATION,W,RIVIERA SHORES,440,0.5,DP,,AS BUILT,Y,SD,CITY OF SAN DIEGO,F,WO,WATER OPERATIONS,N,0,0,303 SYS,N,,1334 RIVIERA SHORES ST.,1,,N,0,0,A,518,M35S,2,1350G1,1334,,RIVIERA SHORES,ST,,,6319119.229,1789242.526,1757735.105,148798.5262,,Y,-96.06,,,,,UW-WS-TRN-SLOC-S274,IF?0100000000000141177
5585816,SLOC,SAMPLE LOCATION,W,RIVIERA SHORES,430,0.5,DP,,AS BUILT,Y,SD,CITY OF SAN DIEGO,F,WO,WATER OPERATIONS,N,0,0,303A SYS,N,,1469 RIVIERA SHORES ST.,1,,N,0,0,A,711,M35S,2,1350G1,1469,,RIVIERA SHORES,ST,,,6318999.15,1788690.154,1757615.025,148246.1542,,Y,87.06,,,,,UW-WS-TRN-SLOC-S328,IF?0100000000000140650
5525477,SLOC,SAMPLE LOCATION,W,ROBINHOOD RIDGE,580,0,DP,,OPERATIONAL,Y,SD,CITY OF SAN DIEGO,,,,N,0,0,299 SYS,N,,AVNDA DE LAS VISTAS & VISTA SAN RAFAEL,,,N,0,0,A,513,N34S,2,1331A7,0,,,,,,6326286.102,1792930.328,1764902.014,152486.3281,,Y,166.96,,,,,UW-WS-TRN-SLOC-S287,IF?0100000000000140776
524966,SLOC,SAMPLE LOCATION,W,RODEFER,370,0.75,DP,,AS BUILT,Y,SD,CITY OF SAN DIEGO,,WO,WATER OPERATIONS,N,0,0,259 SYS,N,,3945 ALAMEDA DR,1,,N,0,0,A,1002,F19S,1,1268H5,3945,,ALAMEDA,DR,,,6274562.5,1853583.251,1713178.153,213139.2513,,N,0,,,,,UW-WS-TRN-SLOC-S082,IF?0100000000000142105
5550623,SLOC,SAMPLE LOCATION,W,ROSECRANS,225,0.75,DP,,AS BUILT,Y,SD,CITY OF SAN DIEGO,F,WO,WATER OPERATIONS,N,0,0,322 SYS,N,,,,,N,0,0,A,1194,D20S,4,1288D1,2305,,HISTORIC DECATUR,RD,,,6264385.535,1848234.78,1703001.137,207790.7802,,N,0,,,,,UW-WS-TRN-SLOC-S311,IF?0100000000000140535
517560,SLOC,SAMPLE LOCATION,W,SAN ANDRES,440,0.75,DP,,AS BUILT,Y,SD,CITY OF SAN DIEGO,F,WO,WATER OPERATIONS,N,0,0,261 SYS,N,,VIA CAMPESTRE & CAMTO PUNTA ARENAS,,,N,0,0,A,189,C04N,4,1187J1,14797,,CAMTO PUNTA ARENAS,,,,6256863.379,1939414.875,1695478.944,298970.8753,,Y,-132.21,,,,,UW-WS-TRN-SLOC-S064,IF?0100000000000142134
542723,SLOC,SAMPLE LOCATION,W,SAN CARLOS,849,0.5,DP,,AS BUILT,Y,SD,CITY OF SAN DIEGO,,WO,WATER OPERATIONS,N,0,0,212 SYS,N,,RONDEL CT/TUXEDO RD; PUBLIC PARK/SAMPLE STANCHION,,,N,0,0,A,130,M13S,4,1.25E+07,0,,,,,,6317044.501,1875158.875,1755660.367,234714.8747,,N,0.72,17799,6,D,,UW-WS-TRN-SLOC-S124,IF?0100000000000142242
544231,SLOC,SAMPLE LOCATION,W,SAN CARLOS,849,0.5,DP,,AS BUILT,Y,SD,CITY OF SAN DIEGO,,WO,WATER OPERATIONS,N,0,0,152 SYS,N,,BISBY LAKE AV/HUDSON DR; PUBLIC SCHOOL/SAMPLE STANCHION,,,N,0,0,A,586,N14S,3,1250J4,0,,,,,,6326661.499,1874035,1765277.413,233591,,N,-57.29,,,,,UW-WS-TRN-SLOC-S130,IF?0100000000000143355
5207113,SLOC,SAMPLE LOCATION,W,SAN CARLOS,849,0.5,DR,,AS BUILT,Y,SD,CITY OF SAN DIEGO,,WO,WATER OPERATIONS,N,0,0,C110,N,,LAKE ASHMERE DR & LAKE ARROWHEAD DR NORTHWEST OF DISTRIBUTION RESERVOIR,,,N,0,0,A,633,N14S,6,1250J5,0,,,,,,6327904.285,1871302.201,1766520.204,230858.2014,,N,0,,,,,UW-WS-TRN-SLOC-S176,IF?0100000000000142202
5207492,SLOC,SAMPLE LOCATION,W,SAN CARLOS,849,0,DR,,AS BUILT,Y,SD,CITY OF SAN DIEGO,,WO,WATER OPERATIONS,N,0,0,111 SYS_MID,N,,7950 WING SPAN DR.,,,N,0,0,A,368,N13S,4,1250G4,0,,,,,,6322727.503,1874790.541,1761343.397,234346.5413,,Y,0,,,,,UW-WS-TRN-SLOC-S184,IF?0100000000000141797
540873,SLOC,SAMPLE LOCATION,W,SAN CARLOS ESTATES,930,0.75,DP,,AS BUILT,Y,SD,CITY OF SAN DIEGO,,WO,WATER OPERATIONS,N,0,0,262 SYS,Y,?7?/?7?/?10? ?5?:?00? ?PM,6669 LINDA LANE SAMPLE STANCHION,,,N,0,0,A,531,L16S,3,1.25E+10,6669,,LINDA,LN,,,6314958.999,1866159.626,1753574.854,225715.626,,N,0,,,,,UW-WS-TRN-SLOC-S119,IF?0100000000000142349
5207114,SLOC,SAMPLE LOCATION,W,SAN CARLOS ESTATES,930,0.5,DR,,AS BUILT,Y,SD,CITY OF SAN DIEGO,,WO,WATER OPERATIONS,N,0,0,C112,N,,ROCKHURST DR & ROCKHURST CT WEST OF DISTRIBUTION RESERVOIR,,,N,0,0,A,535,L15S,5,1250D7,0,,,,,,6312762.989,1866963.445,1751378.833,226519.4449,,N,0,,,,,UW-WS-TRN-SLOC-S177,IF?0100000000000141844
540577,SLOC,SAMPLE LOCATION,W,SAN CARLOS REDUCED,692,0.5,DP,,AS BUILT,Y,SD,CITY OF SAN DIEGO,,WO,WATER OPERATIONS,N,0,0,210 SYS,N,,ACROSS FROM 6619 CIBOLA RD (IN FRONT OF PARK) ,,,N,0,0,A,295,L14S,3,1250D4,6619,,CIBOLA,RD,,,6314566.168,1874249.449,1753182.021,233805.4488,,N,0,,,,,UW-WS-TRN-SLOC-S118,IF?0100000000000142295
5554209,SLOC,SAMPLE LOCATION,W,SANTA LUZ,950,0.5,DP,,AS BUILT,Y,SD,CITY OF SAN DIEGO,F,WO,WATER OPERATIONS,N,0,0,326 SYS,N,,8555 1/2 RUN OF THE KNOLLS,,,N,0,0,A,534,H04N,2,1169C7,1277,W,G,ST,,,6289821.709,1941356.26,1728437.438,300912.2598,,Y,88.66,,,,,UW-WS-TRN-SLOC-S313,IF?0100000000000140641
5525470,SLOC,SAMPLE LOCATION,W,SCRIPPS EASTVIEW,890,0,DP,,OPERATIONAL,Y,SD,CITY OF SAN DIEGO,,,,N,0,0,307 SYS,N,,11455 EASTRIDGE PL,,,N,0,0,A,761,L03S,2,1210D1,0,,,,,,6314192.251,1917959.833,1752808.102,277515.8327,,Y,-19.04,,,,,UW-WS-TRN-SLOC-S285,IF?0100000000000141302
539715,SLOC,SAMPLE LOCATION,W,SCRIPPS HILLS,1200,0.5,DP,,AS BUILT,Y,SD,CITY OF SAN DIEGO,,WO,WATER OPERATIONS,N,0,0,226 SYS,N,,MEADOWDALE LN/WALNUTDALE ST; SAMPLE STANCHION,,,N,0,0,A,150,L04S,5,1210C4,0,,,,,,6312627.999,1910757.625,1751243.842,270313.6247,,N,7.71,,,,,UW-WS-TRN-SLOC-S113,IF?0100000000000142522
5504050,SLOC,SAMPLE LOCATION,W,SCRIPPS MESA VISTA,892,0.5,DP,,AS BUILT,Y,SD,CITY OF SAN DIEGO,A,WO,WATER OPERATIONS,N,0,0,291SYS,N,,10815 SCRIPPS RANCH BL; NOB HILL CONDOS; N OF POOL,1,,N,0,0,A,851,I04S,3,1209F3,10815,,SCRIPPS RANCH,BL,,,6297742.884,1914164.738,1736358.653,273720.7375,,N,-71.63,,,,,UW-WS-TRN-SLOC-S275,IF?0100000000000141170
536862,SLOC,SAMPLE LOCATION,W,SCRIPPS RANCH,1020,0.5,DP,,AS BUILT,Y,SD,CITY OF SAN DIEGO,,WO,WATER OPERATIONS,N,0,0,224 SYS,N,,10054 AVENIDA MAGNIFICA @ PUBLIC SCHOOL,,,N,0,0,A,388,K04S,4,1209J4,10054,,AVNDA MAGNIFICA,,,,6305513.999,1910922.749,1744129.807,270478.7493,,N,0,,,,,UW-WS-TRN-SLOC-S106,IF?0100000000000142260
5205424,SLOC,SAMPLE LOCATION,W,SCRIPPS RANCH,1020,0.5,,,AS BUILT,Y,SD,CITY OF SAN DIEGO,,WO,WATER OPERATIONS,N,0,0,N183,N,,,,,N,0,0,A,486,L03S,2,1210C1,11401,,CYPRESS WOODS,DR,,,6312518.412,1917931.89,1751134.255,277487.8898,,N,0,,,,,UW-WS-TRN-SLOC-S161,IF?0100000000000141789
5207493,SLOC,SAMPLE LOCATION,W,SCRIPPS RANCH,1020,0,DR,,AS BUILT,Y,SD,CITY OF SAN DIEGO,,WO,WATER OPERATIONS,N,0,0,22 SYS,N,,"11225 BLK SPRING CANYON RD
SOUTHEAST OF DISTRIBUTION RESERVOIR",,,N,0,0,A,488,L03S,4,1210B2,0,,,,,,6310953.409,1916158.743,1749569.244,275714.7434,,N,0,,,,,UW-WS-TRN-SLOC-S185,IF?0100000000000141861
5525500,SLOC,SAMPLE LOCATION,W,SCRIPPS RANCH,1020,0,DP,,OPERATIONAL,Y,SD,CITY OF SAN DIEGO,,,,N,0,0,318 SYS,N,,11807 TRAIL CREST DR,1,,N,0,0,A,1056,J02S,4,1209G1,0,,,,,,6299507.224,1919995.082,1738123.002,279551.082,,Y,-19.07,,,,,UW-WS-TRN-SLOC-S292,IF?0100000000000140781
5564260,SLOC,SAMPLE LOCATION,W,SCRIPPS RANCH,1020,0.5,DP,,AS BUILT,Y,SD,CITY OF SAN DIEGO,F,WO,WATER OPERATIONS,N,0,0,325 SYS,N,,OLD CREEK RD & WHISPERING RIDGE RD,,,N,0,0,A,245,M03S,3,1210F2,14846,,OLD CREEK,RD,,,6321800.676,1917131.043,1760416.565,276687.0433,,Y,-24.82,,,,,UW-WS-TRN-SLOC-S318,IF?0100000000000140634
5597998,SLOC,SAMPLE LOCATION,W,SCRIPPS RANCH BSTD,1150,0.5,DP,,OPERATIONAL,Y,SD,CITY OF SAN DIEGO,,WO,WATER OPERATIONS,N,0,0,331 SYS,N,,ACROSS FROM 11705 SEMILLON BL,,,N,0,0,A,684,K03S,2,1210A2,0,,,,,,6307966.772,1916488.153,1746582.591,276044.1529,,N,-26.92,,,,,UW-WS-TRN-SLOC-S337,IF?0100000000000141676
5205426,SLOC,SAMPLE LOCATION,W,SCRIPPS RANCH NORTH,890,0.5,DP,,AS BUILT,Y,SD,CITY OF SAN DIEGO,,WO,WATER OPERATIONS,N,0,0,185 SYS,N,,11198 IVY HILL DR. SAMPLE STANCHION,,,N,0,0,A,1061,J02S,3,1189J7,11198,,IVY HILL,DR,,,6303797.057,1921340.213,1742412.856,280896.2133,,N,160.33,,,,,UW-WS-TRN-SLOC-S163,IF?0100000000000141708
534224,SLOC,SAMPLE LOCATION,W,SCRIPPS VALLEY,850,0.5,DP,,AS BUILT,Y,SD,CITY OF SAN DIEGO,,WO,WATER OPERATIONS,N,0,0,63 SYS,N,,RED ROCK DR/WALDGROVE PL; SAMPLE STANCHION,,,N,0,0,A,281,J05S,2,1209H5,0,,,,,,6301546.909,1909665.984,1740162.697,269221.9843,,N,0,,,,,UW-WS-TRN-SLOC-S099,IF?0100000000000142288
5550616,SLOC,SAMPLE LOCATION,W,SCRIPPS VALLEY,850,0.5,DP,,AS BUILT,Y,SD,CITY OF SAN DIEGO,F,WO,WATER OPERATIONS,N,0,0,63A SYS,N,,9930 AVIARY DR,,,N,0,0,A,484,J05S,1,1209G5,9930,,AVIARY,DR,,,6300398.501,1909472.625,1739014.283,269028.6247,,N,80.4,,,,,UW-WS-TRN-SLOC-S308,IF?0100000000000140756
515715,SLOC,SAMPLE LOCATION,W,SO LA JOLLA CLIFFS,447,0.5,DP,,AS BUILT,Y,SD,CITY OF SAN DIEGO,,WO,WATER OPERATIONS,N,0,0,220 SYS,N,,DOWNWIND WAY/EXPEDITION WAY; SAMPLE STANCHION,,,N,0,0,A,201,B08S,3,1227H3,0,,,,,,6254674.767,1896627.687,1693290.32,256183.687,,N,0,,,,,UW-WS-TRN-SLOC-S053,IF?0100000000000141710
5525496,SLOC,SAMPLE LOCATION,W,SO LA JOLLA CLIFFS,447,0,DP,,OPERATIONAL,Y,SD,CITY OF SAN DIEGO,,,,N,0,0,314 SYS,N,,8555 RUETTE MONTE CARLO,1,,N,0,0,A,303,B08S,6,1227H4,0,,,,,,6254602.503,1894902.602,1693218.056,254458.6017,,N,0,,,,,UW-WS-TRN-SLOC-S288,IF?0100000000000140865
543777,SLOC,SAMPLE LOCATION,W,SO SAN DIEGO RESV,490,0.5,DP,,AS BUILT,Y,SD,CITY OF SAN DIEGO,,WO,WATER OPERATIONS,N,0,0,128 SYS,N,,FIRETHORN ST/PALM AV; SAMPLE STANCHION,,1,N,0,0,A,211,M34S,2,1330G7,0,,,,,,6318580.984,1793137.234,1757196.857,152693.2343,,N,0,,,,,UW-WS-TRN-SLOC-S125,IF?0100000000000143486
543903,SLOC,SAMPLE LOCATION,W,SO SAN DIEGO RESV,490,0.5,DP,,AS BUILT,Y,SD,CITY OF SAN DIEGO,,WO,WATER OPERATIONS,N,0,0,200 SYS,N,,OTAY MESA RD/BEYER BL,,,N,0,0,A,292,M36S,4,1350G3,4312,,OTAY MESA,RD,,,6317883.629,1784105.735,1756499.498,143661.7349,,N,88.7,,,,,UW-WS-TRN-SLOC-S126,IF?0100000000000143567
5207498,SLOC,SAMPLE LOCATION,W,SO SAN DIEGO RESV,490,0.5,,,AS BUILT,Y,SD,CITY OF SAN DIEGO,,WO,WATER OPERATIONS,N,0,0,S119,N,,LOWER OTAY RESV RECREATION STATION HOSE BIB UNDER WATER FOUNTAIN AT SNACK BAR OUTSIDE BATHROOM,,,N,0,0,A,1,R31S,3,1332A2,0,,,,,,6351207.178,1804481.142,1789823.215,164037.1417,,Y,0,,,,,UW-WS-TRN-SLOC-S190,IF?0100000000000141641
5207900,SLOC,SAMPLE LOCATION,W,SO SAN DIEGO RESV,490,0.5,,,AS BUILT,Y,SD,CITY OF SAN DIEGO,,23,OTAY PLANT/RESERVOIRS -23,N,0,0,95 SYS,N,,OTAY EFFLUENT AT FILTRATION PLANT,,1,N,0,0,A,445,R32S,3,1332A3,0,,,,,,6351493.107,1801692.28,1790109.144,161248.2802,,Y,0,,,,,UW-WS-TRN-SLOC-S196,IF?0100000000000141685
5207901,SLOC,SAMPLE LOCATION,W,SO SAN DIEGO RESV,490,0.5,,,AS BUILT,Y,SD,CITY OF SAN DIEGO,,23,OTAY PLANT/RESERVOIRS -23,N,0,0,92 SYS,N,,OTAY INFLUENT AT FILTRATION PLANT,,1,N,0,0,A,446,R32S,3,1332A3,0,,,,,,6351502.953,1801666.024,1790118.99,161222.0236,,Y,0,,,,,UW-WS-TRN-SLOC-S197,IF?0100000000000141780
5207902,SLOC,SAMPLE LOCATION,W,SO SAN DIEGO RESV,490,0.5,,,AS BUILT,Y,SD,CITY OF SAN DIEGO,,23,OTAY PLANT/RESERVOIRS -23,N,0,0,93 SYS,N,,CWA EFFLUENT AT FILTRATION PLANT,,,N,0,0,A,447,R32S,3,1332A3,0,,,,,,6351463.461,1801559.216,1790079.499,161115.2159,,Y,0,,,,,UW-WS-TRN-SLOC-S198,IF?0100000000000141882
5483587,SLOC,SAMPLE LOCATION,W,SO SAN DIEGO RESV,490,0.5,DP,,AS BUILT,Y,SD,CITY OF SAN DIEGO,,WO,WATER OPERATIONS,N,0,0,293 SYS,N,,4927 OCEAN VIEW HILLS PY,,,N,0,0,A,279,N34S,4,1330J7,0,,,,,,6322708.054,1792387.238,1761323.948,151943.2375,,Y,0,,,,,UW-WS-TRN-SLOC-S244,IF?0100000000000141207
5542650,SLOC,SAMPLE LOCATION,W,SO SAN DIEGO RESV,490,0.5,,,AS BUILT,Y,SD,CITY OF SAN DIEGO,,,,N,0,0,96 SYS,N,,OTAY CLEARWELL,,,N,0,0,A,574,R32S,3,1332A3,0,,,,,,6351327.32,1801366.365,1789943.356,160922.3648,,Y,0,,,,,UW-WS-TRN-SLOC-S306,IF?0100000000000140644
5542651,SLOC,SAMPLE LOCATION,W,SO SAN DIEGO RESV,490,0.5,,,AS BUILT,Y,SD,CITY OF SAN DIEGO,,,,N,0,0,99 SYS,N,,OTAY CLEARWELL,,,N,0,0,A,575,R32S,3,1332A3,0,,,,,,6351555.459,1801371.831,1790171.497,160927.8307,,Y,0,,,,,UW-WS-TRN-SLOC-S307,IF?0100000000000140704
516093,SLOC,SAMPLE LOCATION,W,SOLEDAD MUIRLANDS,725,0.5,DP,,AS BUILT,Y,SD,CITY OF SAN DIEGO,,WO,WATER OPERATIONS,N,0,0,217 SYS,N,,6550 SOLEDAD MOUNTAIN RD SAMPLE STANCHION,,,N,0,0,A,502,B11S,3,1247J1,6550,,SOLEDAD MTN,RD,,,6255494.396,1884895.922,1694109.954,244451.9219,,N,0,,,,,UW-WS-TRN-SLOC-S057,IF?0100000000000141864
5062523,SLOC,SAMPLE LOCATION,W,SOLEDAD MUIRLANDS,725,0.75,DR,,AS BUILT,Y,SD,CITY OF SAN DIEGO,,WO,WATER OPERATIONS,N,0,0,C11,Y,?6?/?10?/?85? ?5?:?00? ?PM,"E OF 7247 ENCELIA DR, SOUTH OF RESV AT PUMPSTATION",,,N,0,0,A,583,B10S,4,1227H7,7247,,ENCELIA,DR,,,6252153.015,1887374.813,1690768.556,246930.813,,N,0,21043,5,D,,UW-WS-TRN-SLOC-S044,IF?0100000000000141906
5207092,SLOC,SAMPLE LOCATION,W,SOLEDAD MUIRLANDS,725,0.5,DR,,AS BUILT,Y,SD,CITY OF SAN DIEGO,,WO,WATER OPERATIONS,N,0,0,12N SYS_MID,N,,1975 PARKVIEW TERRACE,,,N,0,0,A,470,C12S,4,1248A3,1975,,PARKVIEW,TR,,,6257916.732,1878962.283,1696532.302,238518.2835,,N,2.73,,,,,UW-WS-TRN-SLOC-S175,IF?0100000000000142108
5485690,SLOC,SAMPLE LOCATION,W,SOLEDAD MUIRLANDS,725,0,DR,,AS BUILT,Y,SD,CITY OF SAN DIEGO,,,,N,0,0,10 SYS,N,,LA JOLLA VIEW DISTRIBUTION RESERVOIR,,,N,0,0,A,759,B10S,4,1227G7,0,,,,,,6251074.967,1887719.37,1689690.503,247275.3701,,Y,2.08,,,,,UW-WS-TRN-SLOC-S245,IF?0100000000000141268
5486933,SLOC,SAMPLE LOCATION,W,SOLEDAD MUIRLANDS,725,0.5,DR,,AS BUILT,Y,SD,CITY OF SAN DIEGO,,WO,WATER OPERATIONS,N,0,0,12S SYS_MID,N,,1975 PARKVIEW TERRACE,,,N,0,0,A,621,C12S,4,1248A3,1975,,PARKVIEW,TR,,,6257945.453,1878846.132,1696561.022,238402.1319,,N,4,,,,,UW-WS-TRN-SLOC-S255,IF?0100000000000141129
5525497,SLOC,SAMPLE LOCATION,W,SOLEDAD MUIRLANDS,725,0,DP,,OPERATIONAL,Y,SD,CITY OF SAN DIEGO,,,,N,0,0,315 SYS,N,,1975 PARKVIEW TERRACE,,,N,0,0,A,622,C12S,4,1248A3,0,,,,,,6257687.976,1879041.647,1696303.544,238597.647,,N,0,,,,,UW-WS-TRN-SLOC-S289,IF?0100000000000140574
5586104,SLOC,SAMPLE LOCATION,W,SOLEDAD MUIRLANDS,725,0,DP,,OPERATIONAL,Y,SD,CITY OF SAN DIEGO,,,,N,0,0,315A SYS,N,,SOLEDAD & BAHIA,,,N,0,0,A,631,C12S,4,1248A3,0,,,,,,6257225,1879220.125,1695840.566,238776.1247,,N,-118.14,,,,,UW-WS-TRN-SLOC-S330,IF?0100000000000140832
5205425,SLOC,SAMPLE LOCATION,W,SOUTH CREEK,815,0.5,DP,,AS BUILT,Y,SD,CITY OF SAN DIEGO,,WO,WATER OPERATIONS,N,0,0,184 SYS,N,,ACROSS FROM 12170 SPRINGHURST DR,,,N,0,0,A,621,K01S,6,1190A7,12170,,SPRINGHURST,DR,,,6308748.094,1922564.275,1747363.918,282120.2749,,Y,84.4,,,,,UW-WS-TRN-SLOC-S162,IF?0100000000000141913
5504029,SLOC,SAMPLE LOCATION,W,STALLIONS CROSSING,263,0.5,DP,,AS BUILT,Y,SD,CITY OF SAN DIEGO,A,WO,WATER OPERATIONS,N,0,0,301 SYS,N,,13782 ROSECROFT WY,1,,N,0,0,A,509,C02N,2,1187J3,13782,,ROSECROFT,WY,,,6258671.864,1934000.883,1697287.437,293556.8825,,N,128.4,,,,,UW-WS-TRN-SLOC-S272,IF?0100000000000141037
5565670,SLOC,SAMPLE LOCATION,W,STOCKWOOD,925,0.75,DP,,AS BUILT,Y,SD,CITY OF SAN DIEGO,A,WO,WATER OPERATIONS,N,17,61.22,323 SYS,N,?2?/?3?/?15? ?4?:?00? ?PM,FIELD VERIFY LOCATION,,,N,0,0,A,246,M03S,2,1.21E+05,11469,,STONECROFT,TR,,,6318701.604,1916883.973,1757317.478,276439.9731,,Y,9.94,31800,5,D,,UW-WS-TRN-SLOC-S322,IF?0100000000000140604
5558873,SLOC,SAMPLE LOCATION,W,STONEBRIDGE,1135,0.5,,,AS BUILT,Y,SD,CITY OF SAN DIEGO,F,,,N,0,0,329 SYS,N,,14644 1/2 OLD CREEK RD,,,N,0,0,A,372,N03S,1,1210G1,14644,,OLD CREEK,RD,,,6323602.927,1917517.139,1762218.825,277073.1391,,Y,12.02,,,,,UW-WS-TRN-SLOC-S315,IF?0100000000000140769
5564262,SLOC,SAMPLE LOCATION,W,SYCAMORE ESTATES,1250,0.5,DP,,AS BUILT,Y,SD,CITY OF SAN DIEGO,F,WO,WATER OPERATIONS,N,0,0,328 SYS,N,,14800 STONEBRIDGE PKWY,,,N,0,0,A,129,O03S,1,1210J1,14800,,STONEBRIDGE,PY,,,6329239.744,1917864.852,1767855.67,277420.8524,,Y,0,,,,,UW-WS-TRN-SLOC-S319,IF?0100000000000140676
539831,SLOC,SAMPLE LOCATION,W,SYCAMORE HILLS,1050,0.5,DP,,AS BUILT,Y,SD,CITY OF SAN DIEGO,,WO,WATER OPERATIONS,N,0,0,225 SYS,N,,10314 RUE CHANTEMAR  SAMPLE STANCHION,,,N,0,0,A,86,L05S,1,1210C4,10314,,RUE CHANTEMAR,,,,6311646.112,1910211.483,1750261.95,269767.4829,,N,0,,,,,UW-WS-TRN-SLOC-S114,IF?0100000000000142377
5205423,SLOC,SAMPLE LOCATION,W,TIERRASANTA,752,0.5,DP,,AS BUILT,Y,SD,CITY OF SAN DIEGO,,WO,WATER OPERATIONS,N,0,0,182 SYS,N,,6475 ANTIGUA BLVD. SAMPLE STANCHION,,,N,0,0,A,681,J11S,3,1229J7,6475,,ANTIGUA,BL,,,6303554.905,1885201.047,1742170.703,244757.0466,,Y,-161.54,,,,,UW-WS-TRN-SLOC-S160,IF?0100000000000141996
5483586,SLOC,SAMPLE LOCATION,W,TIERRASANTA,752,0.5,DP,,AS BUILT,Y,SD,CITY OF SAN DIEGO,,WO,WATER OPERATIONS,N,0,0,77A SYS,N,,PALABRA CR AND RUEDA DR,,1,N,0,0,A,357,K12S,2,1250A2,0,,,,,,6306845.499,1880625.374,1745461.313,240181.374,,N,0,,,,,UW-WS-TRN-SLOC-S243,IF?0100000000000141555
537849,SLOC,SAMPLE LOCATION,W,TIERRASANTA NORTE,900,0.5,DP,,AS BUILT,Y,SD,CITY OF SAN DIEGO,,WO,WATER OPERATIONS,N,0,0,214 SYS,N,,"4711 SEDA DR (BETWEEN VIA DOMINIQUE & RENOVO WAY)  SAMPLE STANCHION,",,,N,0,0,A,275,K12S,2,1250B1,4711,,SEDA,DR,,,6307289.501,1881290.627,1745905.318,240846.6266,,N,171.91,,,,,UW-WS-TRN-SLOC-S109,IF?0100000000000142625
534706,SLOC,SAMPLE LOCATION,W,TIERRASANTA SUR,450,0.75,DP,,AS BUILT,Y,SD,CITY OF SAN DIEGO,,WO,WATER OPERATIONS,N,0,0,264 SYS,N,,10460 VIACHA DR,,,N,0,0,A,114,J13S,5,1249H4,10460,,VIACHA,DR,,,6301367.999,1875642.126,1739983.786,235198.126,,Y,0,,,,,UW-WS-TRN-SLOC-S102,IF?0100000000000142586
5503978,SLOC,SAMPLE LOCATION,W,TORREY PINES,330,0.5,DP,,AS BUILT,Y,SD,CITY OF SAN DIEGO,A,WO,WATER OPERATIONS,N,0,0,222A SYS,N,,3550 DUNHILL ST,,,N,0,0,A,709,C05S,3,1208A5,3520,,DUNHILL,ST,,,6260834.501,1909776.749,1699450.085,269332.7487,,N,-1.34,,,,,UW-WS-TRN-SLOC-S257,IF?0100000000000141248
522622,SLOC,SAMPLE LOCATION,W,UNIVERSITY HEIGHTS,390,0.5,DP,,AS BUILT,Y,SD,CITY OF SAN DIEGO,,WO,WATER OPERATIONS,N,0,0,53 SYS,N,,2433 DENVER ST @ PUBLIC SCHOOL,,,N,0,0,A,490,E15S,4,1.25E+10,2433,,DENVER,ST,,,6268617.001,1867630.499,1707232.624,227186.4987,,N,0,,,,,UW-WS-TRN-SLOC-S076,IF?0100000000000142022
522860,SLOC,SAMPLE LOCATION,W,UNIVERSITY HEIGHTS,390,0.5,DP,,AS BUILT,Y,SD,CITY OF SAN DIEGO,,WO,WATER OPERATIONS,N,0,0,58 SYS,N,,GOSHEN ST/LINDA VISTA RD; SAMPLE STANCHION SE CORNER,,,N,0,0,A,483,E17S,3,1268G2,0,,,,,,6273349.18,1861240.331,1711964.827,220796.3314,,N,0,,,,,UW-WS-TRN-SLOC-S077,IF?0100000000000142163
529848,SLOC,SAMPLE LOCATION,W,UNIVERSITY HEIGHTS,390,0.5,DP,,AS BUILT,Y,SD,CITY OF SAN DIEGO,,WO,WATER OPERATIONS,N,0,0,174 SYS,N,,3250 CAMINO DEL RIO NORTH; SAMPLE STANCHION,,,N,0,0,A,314,I16S,4,1269F1,3250,,CAM DEL RIO NORTH,,,,6293426.972,1863582.195,1732042.719,223138.1949,,Y,0.12,,,,,UW-WS-TRN-SLOC-S089,IF?0100000000000142450
535925,SLOC,SAMPLE LOCATION,W,UNIVERSITY HEIGHTS,390,0.5,DP,,AS BUILT,Y,SD,CITY OF SAN DIEGO,,WO,WATER OPERATIONS,N,0,0,140 SYS,N,,45TH ST/IMPERIAL AV; SAMPLE STANCHION,,,N,0,0,A,451,J23S,2,1289J4,0,,,,,,6300741.211,1836924.885,1739356.994,196480.8852,,N,-0.79,,,,,UW-WS-TRN-SLOC-S104,IF?0100000000000142469
542275,SLOC,SAMPLE LOCATION,W,UNIVERSITY HEIGHTS,390,1,,,AS BUILT,Y,SD,CITY OF SAN DIEGO,,WO,WATER OPERATIONS,N,0,0,173 SYS,N,,RANCHO HILLS DR/REO DR; LIBRARY/SAMPLE STANCHION,,,N,0,0,A,622,L26S,1,1310D1,0,,,,,,6312006.841,1825491.463,1750622.681,185047.4633,,N,0,,,,,UW-WS-TRN-SLOC-S122,IF?0100000000000142241
5504028,SLOC,SAMPLE LOCATION,W,UNIVERSITY HEIGHTS,390,0.5,DP,,AS BUILT,Y,SD,CITY OF SAN DIEGO,,WO,WATER OPERATIONS,N,0,0,58A SYS,N,,1391 GERTRUDE ST; SILVER SAMPLE STANCHION,,,N,0,0,A,482,E16S,4,1.27E+05,0,,,,,,6269272.799,1862661.818,1707888.425,222217.8176,,N,0,,,,,UW-WS-TRN-SLOC-S271,IF?0100000000000140955
5534516,SLOC,SAMPLE LOCATION,W,UNIVERSITY HEIGHTS,390,0.5,DP,,AS BUILT,Y,SD,CITY OF SAN DIEGO,,WO,WATER OPERATIONS,N,0,0,172 SYS,N,,200 BLK MARINA PARK WY,,,N,0,0,A,1039,G23S,1,1289A4,200,,MARINA PARK,WY,,,6280742.733,1837639.846,1719358.417,197195.8458,,N,0,,,,,UW-WS-TRN-SLOC-S303,IF?0100000000000140818
5564263,SLOC,SAMPLE LOCATION,W,UNIVERSITY HEIGHTS,390,0.5,DP,,AS BUILT,Y,SD,CITY OF SAN DIEGO,,WO,WATER OPERATIONS,N,0,0,333 SYS,N,,ACROSS FROM 1329 GERTRUDE ST,,,N,0,0,A,805,E17S,1,1.27E+05,2433,,DENVER,ST,,,6269066.001,1862196.25,1707681.626,221752.25,,N,10.45,,,,,UW-WS-TRN-SLOC-S320,IF?0100000000000140727
533041,SLOC,SAMPLE LOCATION,W,WABASH MESA,355,0.75,,,AS BUILT,Y,SD,CITY OF SAN DIEGO,,WO,WATER OPERATIONS,N,0,0,265 SYS,N,,2050 HALLER ST,,,N,0,0,A,616,I21S,2,1289G1,2023,,HALLER,ST,,,6295912.999,1845411.624,1734528.758,204967.624,,N,62.86,,,,,UW-WS-TRN-SLOC-S095,IF?0100000000000142508
5062459,SLOC,SAMPLE LOCATION,W,,0,0,,,AS BUILT,Y,SD,CITY OF SAN DIEGO,,,,N,0,0,RAW,Y,?4?/?30?/?97? ?5?:?00? ?PM,,,,N,0,0,A,425,R32S,3,1332B3,0,,,,,,6351880.518,1801190.636,1790496.558,160746.6365,,Y,-0.43,26564,6,D,,UW-WS-TRN-SLOC-S001,IF?0100000000000141597
5485692,SLOC,SAMPLE LOCATION,W,,0,0,DR,,AS BUILT,Y,SD,CITY OF SAN DIEGO,,,,N,0,0,11 SYS,N,,7269 ENCELIA DR,,,N,0,0,A,760,B10S,4,1227H7,0,,,,,,6252079.272,1887421.932,1690694.812,246977.9324,,N,0,,,,,UW-WS-TRN-SLOC-S247,IF?0100000000000141423
5485693,SLOC,SAMPLE LOCATION,W,,0,0,DR,,AS BUILT,Y,SD,CITY OF SAN DIEGO,,,,N,0,0,110 SYS,N,,8711 LAKE ASHMERE DR,,,N,0,0,A,789,N14S,6,1251A5,0,,,,,,6327963.999,1871296.499,1766579.919,230852.4993,,N,0,,,,,UW-WS-TRN-SLOC-S248,IF?0100000000000141479
5485694,SLOC,SAMPLE LOCATION,W,,0,0,DR,,AS BUILT,Y,SD,CITY OF SAN DIEGO,,,,N,0,0,112 SYS,N,,5832 ROCKHURST COURT,,,N,0,0,A,648,L15S,5,1250D7,0,,,,,,6312591.88,1867049.419,1751207.723,226605.4193,,N,0,,,,,UW-WS-TRN-SLOC-S249,IF?0100000000000141218
5485695,SLOC,SAMPLE LOCATION,W,,0,0,DR,,AS BUILT,Y,SD,CITY OF SAN DIEGO,,,,N,0,0,13 SYS,N,,ACROSS ROM 13564 CALVADOS PL,,,N,0,0,A,574,K02N,5,1190A3,0,,,,,,6307756.335,1932102.451,1746372.154,291658.4508,,Y,-0.38,,,,,UW-WS-TRN-SLOC-S250,IF?0100000000000141304
5485696,SLOC,SAMPLE LOCATION,W,,0,0,DR,,AS BUILT,Y,SD,CITY OF SAN DIEGO,,,,N,0,0,14 SYS,N,,6799 LA JOLLA SCENIC DR,,,N,0,0,A,675,B11S,3,1227J7,0,,,,,,6254917.129,1886129.232,1693532.684,245685.2323,,N,0,,,,,UW-WS-TRN-SLOC-S251,IF?0100000000000141340
5485697,SLOC,SAMPLE LOCATION,W,,0,0,DR,,AS BUILT,Y,SD,CITY OF SAN DIEGO,,,,N,0,0,15 SYS,N,,1061 CATALINA BL,,,N,0,0,A,959,B21S,3,1288A2,0,,,,,,6256006.362,1844920.377,1694621.922,204476.3773,,N,0,,,,,UW-WS-TRN-SLOC-S252,IF?0100000000000141282
5486931,SLOC,SAMPLE LOCATION,W,,0,0,DR,,AS BUILT,Y,SD,CITY OF SAN DIEGO,,,,N,0,0,16 SYS,N,,201 CATALINA BL,,,N,0,0,A,346,B22S,5,1287J4,0,,,,,,6254338.501,1838849.875,1692954.052,198405.8753,,N,0,,,,,UW-WS-TRN-SLOC-S253,IF?0100000000000141314
5507376,SLOC,SAMPLE LOCATION,W,,0,1,DR,,AS BUILT,Y,SD,CITY OF SAN DIEGO,F,D,WATER DISTRIBUTION,N,182,37.31,335 SYS,Y,?2?/?19?/?07? ?4?:?00? ?PM,,,,N,0,0,A,1,O03S,1,1210J1,14800,,STONEBRIDGE,PY,,,6329057.943,1917766.88,1767673.868,277322.8799,,Y,0,32518,5,D,,UW-WS-TRN-SLOC-S276,IF?0100000000000141255
5510254,SLOC,SAMPLE LOCATION,W,,0,0,,,OPERATIONAL,Y,SD,CITY OF SAN DIEGO,,,,N,0,0,308 SYS,N,,LOC PER J. PASEK 12/21/04,,,N,0,0,A,998,J04S,4,1209G4,0,,,,,,6298648.258,1910993.481,1737264.031,270549.481,,N,0,,,,,UW-WS-TRN-SLOC-S277,IF?0100000000000141310
5510256,SLOC,SAMPLE LOCATION,W,,0,0,,,OPERATIONAL,Y,SD,CITY OF SAN DIEGO,,,,N,0,0,310 SYS,N,,LOC PER J. PASEK 12/21/04,,,N,0,0,A,375,D06S,5,1228D1,0,,,,,,6266335.295,1902696.27,1704950.907,262252.2697,,N,0,,,,,UW-WS-TRN-SLOC-S279,IF?0100000000000141054
5510257,SLOC,SAMPLE LOCATION,W,,0,0,,,OPERATIONAL,Y,SD,CITY OF SAN DIEGO,,,,N,0,0,311 SYS,N,,LOC PER J. PASEK 12/21/04,,,N,0,0,A,976,E08S,1,1.23E+06,0,,,,,,6269432.73,1897381.555,1708048.357,256937.5551,,N,0,,,,,UW-WS-TRN-SLOC-S280,IF?0100000000000141111
5510258,SLOC,SAMPLE LOCATION,W,,0,0,,,OPERATIONAL,Y,SD,CITY OF SAN DIEGO,A,,,N,0,0,312 SYS,N,,LOC PER J. PASEK 12/21/04,,,N,0,0,A,646,E09S,6,1228F5,6431,,GULLSTRAND,ST,,,6272681.604,1891429.281,1711297.248,250985.2815,,N,0,,,,,UW-WS-TRN-SLOC-S281,IF?0100000000000141215
5534514,SLOC,SAMPLE LOCATION,W,,0,0,DP,,AS BUILT,Y,SD,CITY OF SAN DIEGO,,,,N,0,0,CWA 10,N,,AT CWA #10 BLACK MOUNTAIN INTERANGENCY METER SITE,,,N,0,0,A,514,H04N,6,1189D1,0,,,,,,6292117.077,1938655.466,1730732.817,298211.4659,,Y,0,,,,,UW-WS-TRN-SLOC-S301,IF?0100000000000140647
5534515,SLOC,SAMPLE LOCATION,W,,0,0,DP,,AS BUILT,Y,SD,CITY OF SAN DIEGO,,,,N,0,0,CWA 14,N,,AT CWA #14 BERNARDO CENTER INTERANGENCY METER SITE,,,N,0,0,A,711,K07N,3,1170A2,0,,,,,,6308697.644,1952762.487,1747313.468,312318.4869,,N,0,,,,,UW-WS-TRN-SLOC-S302,IF?0100000000000140698
5534518,SLOC,SAMPLE LOCATION,W,,0,0,DP,,AS BUILT,Y,SD,CITY OF SAN DIEGO,,,,N,0,0,CWA 11,N,,AT CWA #11 SHEPARD CANYON INTERANGENCY METER SITE,,,N,0,0,A,178,K10S,4,1230A6,0,,,,,,6305740.935,1887502.956,1744356.744,247058.956,,Y,0,,,,,UW-WS-TRN-SLOC-S304,IF?0100000000000140542
5558875,SLOC,SAMPLE LOCATION,W,,0,0.5,,,AS BUILT,Y,SD,CITY OF SAN DIEGO,F,,,N,0,0,132 SYS,N,,480 SOUTH MEADOWBROOK DR,,,N,0,0,A,346,N23S,4,1290H5,14644,,OLD CREEK,RD,,,6322826.053,1834571.204,1761441.947,194127.2041,,N,36.07,,,,,UW-WS-TRN-SLOC-S316,IF?0100000000000140536
6271055,SLOC,SAMPLE LOCATION,W,,0,1,,,AS BUILT,Y,SD,CITY OF SAN DIEGO,,,,N,245,4,MIRAMAR ROAD PIPELINE,Y,?6?/?9?/?02? ?5?:?00? ?PM,,,,N,0,0,A,176,I06S,2,1209F6,0,,,,,,6295022.251,1906116.68,1733638.006,265672.6798,,N,-1.58,30669,39,D,,UW-WS-TRN-SLOC-S223,IF?0100000000000141724
6271056,SLOC,SAMPLE LOCATION,W,,0,1,,,AS BUILT,Y,SD,CITY OF SAN DIEGO,,,,N,227,95,MIRAMAR ROAD PIPELINE,Y,?6?/?9?/?02? ?5?:?00? ?PM,,,,N,0,0,A,177,I06S,1,1.21E+09,0,,,,,,6293403.576,1906070.722,1732019.323,265626.7218,,N,179.51,30669,36,D,,UW-WS-TRN-SLOC-S224,IF?0100000000000141778
6271057,SLOC,SAMPLE LOCATION,W,,0,1,,,AS BUILT,Y,SD,CITY OF SAN DIEGO,,WO,WATER OPERATIONS,N,2,52,MIRAMAR ROAD PIPELINE,Y,?6?/?9?/?02? ?5?:?00? ?PM,,,,N,0,0,A,389,E07S,3,1228F1,0,,,,,,6273354.482,1901556.919,1711970.128,261112.9193,,N,-1.74,30669,8,D,,UW-WS-TRN-SLOC-S225,IF?0100000000000141450
6271058,SLOC,SAMPLE LOCATION,W,,0,1,,,AS BUILT,Y,SD,CITY OF SAN DIEGO,,,,N,15,85,MIRAMAR ROAD PIPELINE,Y,?6?/?9?/?02? ?5?:?00? ?PM,,,,N,0,0,A,390,E07S,3,1228G2,0,,,,,,6274094.311,1900511.955,1712709.961,260067.9554,,Y,-57.52,30669,9,D,,UW-WS-TRN-SLOC-S226,IF?0100000000000141540
6271059,SLOC,SAMPLE LOCATION,W,,0,1,,,OPERATIONAL,Y,SD,CITY OF SAN DIEGO,,,,N,29,93,MIRAMAR ROAD PIPELINE,N,,,,,N,0,0,A,576,F07S,4,1228G2,0,,,,,,6275229.619,1900182.566,1713845.276,259738.5656,,Y,9.72,,,,,UW-WS-TRN-SLOC-S227,IF?0100000000000141626
6271060,SLOC,SAMPLE LOCATION,W,,0,1,,,AS BUILT,Y,SD,CITY OF SAN DIEGO,,,,N,52,49,MIRAMAR ROAD PIPELINE,Y,?6?/?9?/?02? ?5?:?00? ?PM,,,,N,0,0,A,577,F07S,2,1228H2,0,,,,,,6277466.877,1900549.921,1716082.544,260105.9213,,N,9.35,30669,14,D,,UW-WS-TRN-SLOC-S228,IF?0100000000000141511
6271061,SLOC,SAMPLE LOCATION,W,,0,1,,,AS BUILT,Y,SD,CITY OF SAN DIEGO,,,,N,74,73,MIRAMAR ROAD PIPELINE,Y,?6?/?9?/?02? ?5?:?00? ?PM,,,,N,0,0,A,578,F07S,3,1228J1,0,,,,,,6279653.944,1900534.948,1718269.622,260090.9475,,N,11.42,30669,17,D,,UW-WS-TRN-SLOC-S229,IF?0100000000000141581
6271062,SLOC,SAMPLE LOCATION,W,,0,1,,,AS BUILT,Y,SD,CITY OF SAN DIEGO,,,,N,83,31,MIRAMAR ROAD PIPELINE,Y,?6?/?9?/?02? ?5?:?00? ?PM,,,,N,0,0,A,248,G07S,1,1228J1,0,,,,,,6280495.955,1900698.937,1719111.637,260254.937,,N,10.93,30669,18,D,,UW-WS-TRN-SLOC-S230,IF?0100000000000141673
6271063,SLOC,SAMPLE LOCATION,W,,0,1,,,OPERATIONAL,Y,SD,CITY OF SAN DIEGO,,,,N,101,34,MIRAMAR ROAD PIPELINE,N,,,,,N,0,0,A,249,G07S,1,1229A1,0,,,,,,6282234.268,1901071.096,1720849.96,260627.0958,,Y,-148.73,,,,,UW-WS-TRN-SLOC-S231,IF?0100000000000141339
6271064,SLOC,SAMPLE LOCATION,W,,0,1,,,OPERATIONAL,Y,SD,CITY OF SAN DIEGO,,,,N,123,93,MIRAMAR ROAD PIPELINE,N,,,,,N,0,0,A,250,G07S,2,1229A1,0,,,,,,6284124.281,1902329.915,1722739.982,261885.9147,,N,-146.43,,,,,UW-WS-TRN-SLOC-S232,IF?0100000000000141462
6271065,SLOC,SAMPLE LOCATION,W,,0,1,,,AS BUILT,Y,SD,CITY OF SAN DIEGO,,,,N,146,36,MIRAMAR ROAD PIPELINE,Y,?6?/?9?/?02? ?5?:?00? ?PM,,,,N,0,0,A,874,G06S,6,1209B7,0,,,,,,6285973.947,1903577.769,1724589.657,263133.769,,N,-145.51,30669,26,D,,UW-WS-TRN-SLOC-S233,IF?0100000000000141491
6271066,SLOC,SAMPLE LOCATION,W,,0,1,,,AS BUILT,Y,SD,CITY OF SAN DIEGO,,,,N,162,45,MIRAMAR ROAD PIPELINE,Y,?6?/?9?/?02? ?5?:?00? ?PM,,,,N,0,0,A,310,H06S,1,1209C7,0,,,,,,6287315.712,1904480.144,1725931.429,264036.1444,,N,-146.92,30669,28,D,,UW-WS-TRN-SLOC-S234,IF?0100000000000141611
6271067,SLOC,SAMPLE LOCATION,W,,0,1,,,AS BUILT,Y,SD,CITY OF SAN DIEGO,,,,N,179,73,MIRAMAR ROAD PIPELINE,Y,?6?/?9?/?02? ?5?:?00? ?PM,,,,N,0,0,A,311,H06S,2,1209C6,0,,,,,,6288765.41,1905447.441,1727381.134,265003.4409,,N,-143.45,30669,30,D,,UW-WS-TRN-SLOC-S235,IF?0100000000000141687
6271068,SLOC,SAMPLE LOCATION,W,,0,1,,,OPERATIONAL,Y,SD,CITY OF SAN DIEGO,,,,N,203,43,MIRAMAR ROAD PIPELINE,N,,,,,N,0,0,A,312,H06S,3,1209D6,0,,,,,,6290972.835,1906067.372,1729588.57,265623.372,,N,-179.77,,,,,UW-WS-TRN-SLOC-S236,IF?0100000000000141516
