"* Source","* Valid","*Source Type","Source  ID","Source Name","Report Grouping","Report Order #","Pressure Zone","PS Code","* Description"," Comments","Street Name","Street Suffix","Street Direction","Street Number","Street Abbreviation","Suite Number","City","State","Zip code prefix","Zip code suffix"," Location"," Latitude"," Longitude","Lat/Long Coordinate Units"," Depth","Depth Units","Depth  Basis","Date Established","Date Discontinued"," GIS ID"," DMR ID","CIWQS Monitoring Location ID","Required Control Type"
"264 SYS","Y","DIST_SYS","","SYS",".",,"450","","10460 Viacha Dr","450 Tierrasanta Sur Zone","","","","","","","","","","","Sample Box","","","",,"","",,,"","","",""
"67 SYS","Y","DIST_SYS","","SYS","Stage2 DBP",,"680(51)","3710020-910","Pomerado Rd & Grandee Pl","680 Bernardo oaks (East of I-15) Zone","","","","","","","","","","","Stanchion","","","",,"","",,,"","","",""
"68 SYS","Y","DIST_SYS","","SYS",".",,"920","","Oviedo St & Black Mountain Rd","920 Penasquitos Zone","","","","","","","","","","","Stanchion","","","",,"","",,,"","","",""
"172 SYS","Y","DIST_SYS","","SYS",".",,"","","200 Marina Pk Way in Embarcadero Marino Park","231 Principal Downtown Zone","","","","","","","","","","","Stanchion","","","",,"","",,05/31/2006,"","","",""
"149 SYS","Y","DIST_SYS","","SYS",".",,"","","Park Blvd & Meade","","","","","","","","","","","","","","","",,"","",,,"","","",""
"3 SYS","Y","PLANTS","","PLANTS","WriteOn",,"712","3710020-006","Miramar WTP  Effluent-10710 Scripps Lk Dr","712 Miramar Zone","","","","","","","","","","","Miramar FP","","","",,"","",,,"","","",""
"239 SYS","Y","DIST_SYS","","SYS",".",,"358","","1761 Petra Dr.  Meter#92013300","358 Arnold Hills Zone","","","","","","","","","","","Sample Box","","","",,"","",,,"","","",""
"249 SYS","Y","DIST_SYS","","SYS",".",,"320","","6309 Glidden St; Sample Stanchion","320 Glidden Zone","","","","","","","","","","","Sample Box","","","",,"","",,,"","","",""
"261 SYS","Y","DIST_SYS","","SYS","Stage2 DBP",,"440","3710020-914","Via Campestre & Camto Punta Arenas","440 San Andres Zone","","","","","","","","","","","","","","",,"","",,,"","","",""
"2006 RWSYS","Y","NCW_DIST","","NCW",".",,"550","","7356 Trade St., North side of street","550 Sorrento","","","","","","","","","","","Reclaimed Dist","","","",,"","",,,"","","",""
"53 SYS","Y","DIST_SYS","","SYS",".",,"390(418)","","2433 Denver St. Public School/Sample Stanchion","390 University Heights Zone","","","","","","","","","","","Stanchion_Sch","","","",,"","",,,"","","",""
"284 SYS","Y","DIST_SYS","","SYS","Stage2 DBP",,"680","3710020-904","Ocean View Hills Pkwy and Sea Drift Way","","","","","","","","","","","","Dist Sys","","","",,"","",,,"","","",""
"285 SYS","Y","DIST_SYS","","SYS",".",,"536(35)","","Jamacha Rd & 68th St (SE corner near Boys Club)","536 Alvarado South East Zone","","","","","","","","","","","","","","",,"","",02/21/2001,,"","","",""
"56 SYS","Y","DIST_SYS","","SYS",".",,"","","Raytheon & Convoy","","","","","","","","","","","","","","","",,"","",,,"","","",""
"287 SYS","Y","DIST_SYS","","SYS",".",,"575","","Ridgegate Row & Abbotswoods","575 Ridgegate La Jolla Zone","","","","","","","","","","","","","","",,"","",02/21/2001,,"","","",""
"288 SYS","Y","DIST_SYS","","SYS",".",,"712","","Greenberg Way & Ganso Corte@backflow preventer","712 Miramar North Zone","","","","","","","","","","","","","","",,"","",02/21/2001,,"","","",""
"289 SYS","Y","DIST_SYS","","SYS",".",,"793(144)","","Escala Dr. and Camberwell Lane","793 Rancho Bernardo Zone","","","","","","","","","","","","","","",,"","",,,"","","",""
"290 SYS","Y","DIST_SYS","","SYS",".",,"1130(5)","","14254 Breezway Pl","1130 Golfcourse Zone","","","","","","","","","","","","","","",,"","",,,"","","",""
"291 SYS","Y","DIST_SYS","","SYS",".",,"892","","Nob Hill Condos :code 5530 or call 858-569-8773 ","892 Scripps Mesa Vista Zone","","","","","","","","","","","","","","",,"","",,,"","","",""
"134A SYS","Y","DIST_SYS","","SYS",".",,"610","","Herrick St & 65th St; Pump Station","replaces 134 SYS - pump station 2001","","","","","","","","","","","","","","",,"","",04/06/2001,,"","","",""
"49A SYS","Y","DIST_SYS","","SYS","Stage2 DBP",,"610(412)","3710020-909","John J. Hopkins Dr. & General Atomic","","","","","","","","","","","","","","","",,"","",09/25/2001,,"","","",""
"78A SYS","Y","DIST_SYS","","SYS",".",,"600","","6200 Calle Mariselda","600 Kearny Mesa Zone Replacement for 78 SYS","","","","","","","","","","","","","","",,"","",,12/04/2001,"","","",""
"77A SYS","Y","DIST_SYS","","SYS",".",,"752","","Palabra Circle","752 Tierrasanta Zone Replacement for 77 SYS","","","","","","","","","","","","","","",,"","",12/04/2001,,"","","",""
"203 SYS","Y","DIST_SYS","","SYS",".",,"472","","Ridgewood Dr & Pine Bluff Ln - In Front of School","472 Paradise Hills #1 Zone","","","","","","","","","","","Stanchion_Sch","","","",,"","",,,"","","",""
"292 SYS_B2","Y","DIST_SYS","","IMP","Miramar Rnch Brnardo",,"793","","Black Mountain Resv Basin 2 South","14799-B Black Mountain Rd","","","","","","","","","","","Impound","","","",,"","",12/07/2001,,"","","",""
"206 SYS","Y","DIST_SYS","","SYS",".",,"462","","1055 Catalina Blvd @ Fire Station Sample Stanchion","462 Catalina Zone","","","","","","","","","","","Stanchion_FS","","","",,"","",,,"","","",""
"292 SYS_B1 MID","Y","DIST_SYS","","IMP","Miramar Rnch Brnardo",,"793","","Black Mountain Reservoir Basin 1 ","14799-B Black Mountain Rd. North Middle 780ft","","","","","","","","","","","Impound","","","",,"","",,,"","","",""
"292 SYS_B2 MID","Y","DIST_SYS","","IMP","Miramar Rnch Brnardo",,"793","","Black Mountain Reservoir Basin 2","14799-B Black Mountain Rd. South Middle 780ft","","","","","","","","","","","Impound","","","",,"","",,,"","","",""
"292 SYS_B1 BOT","Y","DIST_SYS","","IMP","Miramar Rnch Brnardo",,"793","","Black Mountain Reservoir Basin 1 ","14799-B Black Mountain Rd. North Bottom 770ft","","","","","","","","","","","Impound","","","",,"","",,,"","","",""
"292 SYS_B1 TOP","Y","DIST_SYS","","IMP","Miramar Rnch Brnardo",,"793","","Black Mountain Resv Basin 1 North Top 791 ft","14799-B Black Mountain Rd","","","","","","","","","","","Impound","","","",,"","",,,"","","",""
"292 SYS_B2 BOT","Y","DIST_SYS","","IMP","Miramar Rnch Brnardo",,"793","","Black Mountain Reservoir Basin 2 ","14799-B Black Mountain Rd. South Bottom 770ft","","","","","","","","","","","Impound","","","",,"","",,,"","","",""
"292 SYS_B2 TOP","Y","DIST_SYS","","IMP","Miramar Rnch Brnardo",,"793","","Black Mountain Resv Basin 2 South Top  790 ft","14799-B Black Mountain Rd","","","","","","","","","","","Impound","","","",,"","",,,"","","",""
"63A SYS","Y","DIST_SYS","","SYS",".",,"850","","9930 Aviary Drive","880 Zone","","","","","","","","","","","Stanchion","","","",,"","",,,"","","",""
"222A SYS","Y","DIST_SYS","","SYS",".",,"330","","3550 Dunhill St.","330 Torrey Pines Zone","","","","","","","","","","","","","","",,"","",02/06/2002,,"","","",""
"55A SYS","Y","DIST_SYS","","SYS",".",,"559","","5183 Arvinels Ave.","559 Northwest Mesa Zone","","","","","","","","","","","","","","",,"","",,,"","","",""
"50A SYS","Y","DIST_SYS","","SYS",".",,"559","","2693 Melbourne Dr.","559 Northwest Mesa Zone","","","","","","","","","","","","","","",,"","",,,"","","",""
"45 SYS","Y","DIST_SYS","","SYS",".",,"307","","Ingraham St. & Vacation Rd.","307 Pacific Beach Zone","","","","","","","","","","","Stanchion","","","",,"","",,,"","","",""
"1 SYS","Y","PLANTS","","PLANTS","WriteOn",,"712","3710020-007","Miramar  WTP Influent-10710 Scripps Lk Dr","712 Miramar Zone","","","","","","","","","","","Miramar FP","","","",,"","",,,"","","",""
"223 SYS","Y","DIST_SYS","","SYS","Stage2 DBP",,"625","3710020-906","8441 New Salem St @ Fire Station","625 Mira Mesa Zone","","","","","","","","","","","Stanchion_FS","","","",,"","",,,"","","",""
"224 SYS","Y","DIST_SYS","","SYS",".",,"1020(229)","","10054 Avenida Magnifica @ Public School","1020 Scripps Ranch Zone","","","","","","","","","","","Stanchion_Sch","","","",,"","",,,"","","",""
"225 SYS","Y","DIST_SYS","","SYS",".",,"1050","","10314 Rue Chantemar","1050 Sycamore Hills Zone","","","","","","","","","","","Stanchion","","","",,"","",,,"","","",""
"226 SYS","Y","DIST_SYS","","SYS",".",,"1200","","Meadowdale Ln & Walnutdale St","1200 Scripps Hills Zone","","","","","","","","","","","Stanchion","","","",,"","",,,"","","",""
"227 SYS","Y","DIST_SYS","","SYS",".",,"1150","","Cypress Canyon Rd/Caminito Sereno","1150 scripps Ranch BSTD Zone","","","","","","","","","","","Stanchion","","","",,"","",,,"","","",""
"44 SYS","Y","DIST_SYS","","SYS",".",,"260(50)","","Voltaire St/Ebers St;@ Fire Station Samp Stanchion","260 Point Loma Zone","","","","","","","","","","","Stanchion_FS","","","",,"","",,,"","","",""
"82 SYS","Y","PLANTS","","PLANTS","Alvarado Plant",,"536","","Alvarado West Resv - 5540 Kiowa Dr, La Mesa","536 Alvarado Zone","","","","","","","","","","","Alvarado FP","","","",,"","",,,"","","",""
"81 SYS","Y","PLANTS","","PLANTS","Alvarado Plant",,"536","","Alvarado East Resv - 5540 Kiowa Dr, La Mesa","536 Alvarado Zone","","","","","","","","","","","Alvarado FP","","","",,"","",,,"","","",""
"151A SYS","Y","DIST_SYS","","SYS",".",,"645","","4929 Catoctin Dr. in Montezuma Park","4929 Catoctin Dr.","","","","","","","","","","","","","","",,"","",,,"","","",""
"299 SYS","Y","DIST_SYS","","SYS",".",,"580",""," Avenida De Las Vistas / Vista San Rafael","580 Robinhood Ridge Zone","","","","","","","","","","","","","","",,"","",,,"","","",""
"300 SYS","Y","DIST_SYS","","SYS",".",,"365","","5368 Topsail Drive","365 Dennery Rd Zone","","","","","","","","","","","","","","",,"","",,,"","","",""
"301 SYS","Y","DIST_SYS","","SYS",".",,"263","","13782 Rosecroft Way code 5530","263 Stallion Crossing Zone  ","","","","","","","","","","","","","","",,"","",,,"","","",""
"303 SYS","Y","DIST_SYS","","SYS",".",,"440","","1334 Riviera Shores St.","440 Riviera Shores Zone","","","","","","","","","","","","","","",,"","",,,"","","",""
"302 SYS","Y","DIST_SYS","","SYS",".",,"550","","4610 Pacific Riviera Way","550 Riviera Del Sol Zone","","","","","","","","","","","","","","",,"","",,,"","","",""
"304 SYS","Y","DIST_SYS","","SYS","Stage2 DBP",,"520","3710020-915","14462 Garden Trail","520 Black Mtn Ranch Zone","","","","","","","","","","","","","","",,"","",,,"","","",""
"305 SYS","Y","DIST_SYS","","SYS",".",,"543","","4948 1/2 Carbine Way","543 Remmington Hills Zone","","","","","","","","","","","","","","",,"","",08/17/2004,,"","","",""
"306 SYS","Y","DIST_SYS","","SYS",".",,"390","","1332 Kenalan Dr.","390 Princess Del Sol Zone","","","","","","","","","","","","","","",,"","",,,"","","",""
"307 SYS","Y","DIST_SYS","","SYS",".",,"890","","11455 East Ridge Place","890 Scripps Eastview Zone","","","","","","","","","","","","","","",,"","",,,"","","",""
"108 SYS_TOP","Y","DIST_SYS","","IMP","Alvarado South",,"645","","Redwood Village SP- Top ","6056 Hughes St","","","","","","","","","","","Impound","","","",,"","",,,"","","",""
"108 SYS_MID","Y","DIST_SYS","","IMP","Alvarado South",,"645","","Redwood Village Standpipe 1","6056 Hughes St","","","","","","","","","","","Impound","","","",,"","",,,"","","",""
"108 SYS_BOT","Y","DIST_SYS","","IMP","Alvarado South",,"645","","Redwood Village SP-Bottom","6056 Hughes St","","","","","","","","","","","Impound","","","",,"","",,,"","","",""
"259 SYS","Y","DIST_SYS","","SYS","Stage2 DBP",,"370","3710020-901","3945 Alameda Dr; Sample Box","370 Rodefer Zone","","","","","","","","","","","Sample Box","","","",,"","",,,"","","",""
"309 SYS","Y","DIST_SYS","","SYS",".",,"610(412)","","4274 Campus Point Ct. ","610 North Ciry Zone ( at Scripps Health Clininc)","","","","","","","","","","","","","","",,"","",12/21/2004,,"","","",""
"286 SYS","Y","DIST_SYS","","SYS",".",,"470(16)","","Between Reedley and Drakewood","470 Lusk Park Zone","","","","","","","","","","","","","","",,"","",02/21/2001,,"","","",""
"265 SYS","Y","DIST_SYS","","SYS",".",,"355 ","","across from 2049 Haller St","355 Wabash Mesa Zone","","","","","","","","","","","Sample Box","","","",,"","",,,"","","",""
"254 SYS","Y","DIST_SYS","","SYS",".",,"","","Plaza Dolores & Plaza Maria","793 Rancho Bernardo Zone-replaced by 336; in wrong zone","","","","","","","","","","","Sample Box","","","",,"","",,02/06/2007,"","","",""
"96 SYS_LOW","Y","PLANTS","","PLANTS","Otay Plant",,"490","","Otay West Clearwell Low Level-1500 Wueste Rd.","490 S San Diego Resv Zone","","","","","","","","","","","Clearwell","","","",,"","",,,"","","",""
"96 SYS_MID","Y","PLANTS","","PLANTS","Otay Plant",,"490","","Otay West Clearwell Mid Level-1500 Wueste Rd.","490 S San Diego Resv Zone","","","","","","","","","","","","","","",,"","",,,"","","",""
"257 SYS","Y","DIST_SYS","","SYS",".",,"600","","1565 Calle De Cinco","600 Parkview Zone","","","","","","","","","","","Sample Box","","","",,"","",,,"","","",""
"99 SYS_LOW","Y","PLANTS","","PLANTS","Otay Plant",,"490","","Otay East Clearwell Low Level-1500 Wueste Rd.","490 S San Diego Resv Zone","","","","","","","","","","","","","","",,"","",,,"","","",""
"99 SYS_MID","Y","PLANTS","","PLANTS","Otay Plant",,"490","","Otay East Clearwell Mid Level-1500 Wueste Rd.","490 S San Diego Resv Zone","","","","","","","","","","","","","","",,"","",,,"","","",""
"240 SYS","Y","DIST_SYS","","SYS",".",,"635","","3387 Kearny Villa Ln.","635 Cabrillo Palisades Zone","","","","","","","","","","","Sample Box","","","",,"","",,,"","","",""
"204A SYS","Y","DIST_SYS","","SYS",".",,"490","","2787 Alta View Drive","490 Bay Terrace Zone","","","","","","","","","","","","","","",,"","",,,"","","",""
"313 SYS","Y","DIST_SYS","","SYS",".",,"1020","","11602 Calle Paracho","1020 Rancho Bernardo Heights Zone ","","","","","","","","","","","","","","",,"","",06/30/2005,,"","","",""
"314 SYS","Y","DIST_SYS","","SYS",".",,"447","","8555 Ruette Monte Carlo","447 La Jolla Cliffs Zone","","","","","","","","","","","","","","",,"","",07/21/2005,,"","","",""
"315 SYS","Y","DIST_SYS","","SYS",".",,"725","","1975 Parkview Terrace","725 Soledad Muirlands Zone","","","","","","","","","","","","","","",,"","",07/21/2005,,"","","",""
"316 SYS","Y","DIST_SYS","","SYS",".",,"1130(11)","","13705 Shoal Summit Dr.","1130 Golf Course Zone","","","","","","","","","","","","","","",,"","",,,"","","",""
"317 SYS","Y","DIST_SYS","","SYS",".",,"610(94)","","12608 Spindle Top Rd.","610 North City Zone","","","","","","","","","","","","","","",,"","",,,"","","",""
"JARTEST_1SYS_2","Y","PLANTS","","X","Miramar Plant",,"","","Miramar Influent Jartest","","","","","","","","","","","","Alvarado Plant","","","",,"","",,,"","","",""
"JARTEST_85SYS_2","Y","PLANTS","","X","Alvarado Plant",,"","","Alvarado Influent Jartest","","","","","","","","","","","","Otay Plant","","","",,"","",,,"","","",""
"JARTEST_92SYS_2","Y","PLANTS","","X","Otay Plant",,"","","Otay Influent Jartest","","","","","","","","","","","","","","","",,"","",,,"","","",""
"318 SYS","Y","DIST_SYS","","SYS",".",,"1020(3)","","11807 Trail Crest Dr.","1020 Scripps Ranch Zone-replaced by 318A","","","","","","","","","","","","","","",,"","",,02/18/2010,"","","",""
"319 SYS","Y","DIST_SYS","","SYS",".",,"590","3710020-014","Otay Plant Clearwells Comb Effl -Dist Sys entry pt","Otay Plant Clearwells Combined Effluent - Otay Dist sys entry point","","","","","","","","","","","","","","",,"","",08/29/2005,,"","","",""
"320 SYS","Y","DIST_SYS","","SYS",".",,"610(48)","","12501 La Tortola Dr.","610 North City  (48)","","","","","","","","","","","","","","",,"","",,,"","","",""
"1000 RWSYS","Y","NCW_DIST","","NCW",".",,"890","","Scripps Poway Parkway at Angelique St.","890 Scripps Poway Reclaimed","","","","","","","","","","","Reclaimed Dist","","","",,"","",,,"","","",""
"152 SYS","Y","DIST_SYS","","SYS",".",,"849","","Bisby Lake Ave & Hudson Dr @ Public School","849 San Carlos Zone","","","","","","","","","","","Stanchion_Sch","","","",,"","",,,"","","",""
"153 SYS","Y","DIST_SYS","","SYS",".",,"536(100)","","5552 Gala Avenue","","","","","","","","","","","","","","","",,"","",,,"","","",""
"154 SYS","Y","DIST_SYS","","SYS",".",,"","","Golfcrest & Mission Gorge","","","","","","","","","","","","","","","",,"","",,,"","","",""
"1004 RWSYS","Y","NCW_DIST","","NCW",".",,"790","","Miramar Storage Tank - 10200 Meanley Dr","790 Meanley Reclaimed","","","","","","","","","","","Reclaimed Dist","","","",,"","",,,"","","",""
"1005 RWSYS","Y","NCW_DIST","","NCW",".",,"","","5240 Convoy St. Metropolitan Biosolids Center","","","","","","","","","","","","Reclaimed Dist","","","",,"","",,,"","","",""
"2000 RWSYS","Y","NCW_DIST","","NCW",".",,"640","","Towne Centre Dr. at Eastgate Mall","640 Genesee","","","","","","","","","","","Reclaimed Dist","","","",,"","",,,"","","",""
"2001 RWSYS","Y","NCW_DIST","","NCW",".",,"550","","7474 Charmant Dr. - Mormon Temple","550 University South","","","","","","","","","","","Reclaimed Dist","","","",,"","",,,"","","",""
"269 SYS","Y","DIST_SYS","","IMP","Alvarado South",,"610(164)","","Paradise Mesa Standpipe","Statton Ct & Windward St.","","","","","","","","","","","Impound","","","",,"","",,,"","","",""
"241 SYS","Y","DIST_SYS","","SYS",".",,"610","","9440 Carroll Park Dr","610 Carroll Ridge Zone","","","","","","","","","","","Sample Box","","","",,"","",,,"","","",""
"161 SYS","Y","DIST_SYS","","SYS",".",,"","","945 Hollister","","","","","","","","","","","","","","","",,"","",,,"","","",""
"230 SYS","Y","DIST_SYS","","SYS",".",,"284","","Camto Mar De Plata & Camto Foraleza","284 Rancho Santa Fe Zone","","","","","","","","","","","Stanchion","","","",,"","",,,"","","",""
"231 SYS","Y","DIST_SYS","","SYS",".",,"793(229)","","Fairgrove and Salmon River Rd","","","","","","","","","","","","Stanchion","","","",,"","",,,"","","",""
"250 SYS","Y","DIST_SYS","","SYS",".",,"500","","7474 Charmant Dr; Sample Stanchion","500 La Jolla Gardens Zone","","","","","","","","","","","Sample Box","","","",,"","",,,"","","",""
"92 SYS","Y","PLANTS","","PLANTS","WriteOn",,"490","3710020-009","Otay Treatment Plant Influent-1500 Wueste Rd.","490 S San Diego Resv Zone","","","","","","","","","","","Lower Otay FP","","","",,"","",,,"","","",""
"43 SYS","Y","DIST_SYS","","SYS",".",,"260(50)","","300 Blk of Rosecrans Sample Stanchion","260 Point Loma Zone","","","","","","","","","","","Stanchion","","","",,"","",,,"","","",""
"258 SYS","Y","DIST_SYS","","SYS",".",,"355","","8455 Westway Dr.","355 Prestwick Estates Zone","","","","","","","","","","","Sample Box","","","",,"","",,,"","","",""
"267 SYS","Y","DIST_SYS","","SYS",".",,"","","Sping Hurst","","","","","","","","","","","","","","","",,"","",,,"","","",""
"148 SYS","Y","DIST_SYS","","SYS",".",,"536(181)","","Upas & Richmond","","","","","","","","","","","","","","","",,"","",,,"","","",""
"256 SYS","Y","DIST_SYS","","SYS",".",,"590","","1808 Sea Star Lane (hosebib on backflow prev cage)","590 Paradise Hills #2","","","","","","","","","","","Hose Bib","","","",,"","",,,"","","",""
"87 SYS","Y","PLANTS","","PLANTS","WriteOn",,"536","3710020-001","Alvarado WTP combined Effluent from 3 clearwells","536 Alvarado Zone","","","","","","","","","","","Alvarado FP","","","",,"","",,,"","","",""
"251 SYS","Y","DIST_SYS","","SYS",".",,"495 ","","5840 Ravenswood Rd.","495 La Jolla Mesa Vista Zone","","","","","","","","","","","Sample Box","","","",,"","",,,"","","",""
"162 SYS","Y","DIST_SYS","","SYS",".",,"","","700 Blk Imperial Beach Blvd","","","","","","","","","","","","","","","",,"","",,,"","","",""
"90 SYS","Y","PLANTS","","PLANTS","Alvarado Plant",,"536","","Earl Thomas Res Eff","536 Alvarado Zone  Earl Thomas Eff spl point inside plant","","","","","","","","","","","Lower Otay FP","","","",,"","",,,"","","",""
"119 SYS","Y","REC_STA","","SYS",".",,"490","","Lower Otay Recreation","490 S San Diego Resv Zone","","","","","","","","","","","Lower Otay Res","","","",,"","",,,"","","",""
"248 SYS","Y","DIST_SYS","","SYS",".",,"295","","2360 Beryl St. Sample Stanchion","295 Floral Terrace Zone","","","","","","","","","","","Sample Box","","","",,"","",,,"","","",""
"205 SYS","Y","DIST_SYS","","SYS","Stage2 DBP",,"550","3710020-911","close to 1856 Manzana Way; Sample Stanchion","550 Hillsbough Zone","","","","","","","","","","","Stanchion","","","",,"","",,,"","","",""
"85 SYS","Y","PLANTS","","PLANTS","WriteOn",,"536","3710020-002","Alvarado WTP Influent - 5540 Kiowa Dr, La Mesa","536 Alvarado Zone","","","","","","","","","","","Alvarado FP","","","",,"","",,,"","","",""
"171 SYS","Y","DIST_SYS","","SYS",".",,"610(164)","","6541 Broadway","610 Paradise Mesa Zone","","","","","","","","","","","Stanchion","","","",,"","",,,"","","",""
"7 SYS","Y","PLANTS","","PLANTS","Miramar Plant",,"712","","Miramar Settled-10710 Scripps Lk Dr","712 Miramar Zone","","","","","","","","","","","Miramar FP","","","",,"","",,,"","","",""
"132 SYS","Y","DIST_SYS","","SYS",".",,"610(164)","","Meadowbrook & Paradise Valley","","","","","","","","","","","","","","","",,"","",,,"","","",""
"116 SYS","Y","DIST_SYS","","IMP","Alvarado Central",,"536","","Univ Hts Resv South Effluent","2720 Howard Ave @ Idaho","","","","","","","","","","","Impound","","","",,"","",,,"","","",""
"229 SYS","Y","DIST_SYS","","SYS","Stage2 DBP",,"330","3710020-913","Carmel Park Dr/Del Mar Glen @ Public School","330 Carmel Valley Zone","","","","","","","","","","","Stanchion_Sch","","","",,"","",,,"","","",""
"142 SYS","Y","DIST_SYS","","SYS",".",,"","","10th Ave Terminal-Meter","Michell White 619.895.1004  - contact (no longer sampled)","","","","","","","","","","","Hose Bib","","","",,"","",,01/14/2009,"","","",""
"221 SYS","Y","DIST_SYS","","SYS",".",,"470(50)","","54551/2 Oberlin Dr","470 Lusk Park Zone","","","","","","","","","","","Stanchion_FS","","","",,"","",,,"","","",""
"201 SYS","Y","DIST_SYS","","SYS","Stage2 DBP",,"346","3710020-902","1880 Smythe Ave. Sample Stanchion","346 Carmel View Zone","","","","","","","","","","","Stanchion","","","",,"","",,,"","","",""
"140 SYS","Y","DIST_SYS","","SYS","Stage2 DBP",,"390(418)","3710020-908","45th St/Imperial Ave; Sample Stanchion","390 University Heights Zone","","","","","","","","","","","Stanchion","","","",,"","",,,"","","",""
"268 SYS","Y","DIST_SYS","","SYS",".",,"750","","9604 Babauta Rd ","750 Mercy High Zone","","","","","","","","","","","Sample Box","","","",,"","",,,"","","",""
"144 SYS","Y","DIST_SYS","","SYS",".",,"536(181)","","Brookline & Date","","","","","","","","","","","","","","","",,"","",,,"","","",""
"135 SYS","Y","DIST_SYS","","SYS",".",,"231","","Across from 1782 Newton Avenue","231 Principal Downtown Zone","","","","","","","","","","","Stanchion","","","",,"","",,,"","","",""
"207 SYS","Y","DIST_SYS","","SYS",".",,"468","","5485 Adobe Falls Rd; Sample Stanchion","468 Clooege Heights Zone;  Meter #29230615","","","","","","","","","","","Stanchion","","","",,"","",,,"","","",""
"98 SYS","Y","DIST_SYS","","IMP","Otay Plant",,"","","South SD Resv Eff","","","","","","","","","","","","Clearwell","","","",,"","",,,"","","",""
"208 SYS","Y","DIST_SYS","","SYS",".",,"656","","6002 Camino Rico","656 Del Cerro Zone","","","","","","","","","","","Stanchion_FS","","","",,"","",,,"","","",""
"209 SYS","Y","DIST_SYS","","SYS",".",,"355","","4605 Vandever Ave; (W. End or Public Park)","355 Allied Gardens Zone","","","","","","","","","","","Stanchion_Park","","","",,"","",,,"","","",""
"210 SYS","Y","DIST_SYS","","SYS",".",,"692","","6619 Cibola Rd (In front of Park)","692 San Carlos Reduced Zone","","","","","","","","","","","Stanchion","","","",,"","",,,"","","",""
"212 SYS","Y","DIST_SYS","","SYS",".",,"849","","Rondel Ct & Tuxedo Rd @ Public Park","849 San Carlos Zone","","","","","","","","","","","Stanchion_Park","","","",,"","",,,"","","",""
"213 SYS","Y","DIST_SYS","","SYS",".",,"500","","4455 Murphy Canyon Rd; Sample Stanchion","500 Murphy Canyon Zone","","","","","","","","","","","Stanchion","","","",,"","",,,"","","",""
"253 SYS","Y","DIST_SYS","","SYS",".",,"378","","13220 Caminito Mar Villa","378 Mar Villa Zone","","","","","","","","","","","Sample Box","","","",,"","",,,"","","",""
"108 SYS","Y","DIST_SYS","","IMP","Alvarado South",,"645","","Redwood Village SP","6056 Hughes St","","","","","","","","","","","Impound","","","",,"","",,,"","","",""
"143 SYS","Y","DIST_SYS","","SYS",".",,"","","10th Ave Terminal-Pierhead","Michell White 619.895.1004  - contact (no longer sampled)","","","","","","","","","","","Hose Bib","","","",,"","",,01/14/2009,"","","",""
"243 SYS","Y","DIST_SYS","","SYS","Stage2 DBP",,"925","3710020-907","8709 Lake Athabaska Way","925 Country Casual Zone","","","","","","","","","","","Sample Box","","","",,"","",,,"","","",""
"2004 RWSYS","Y","NCW_DIST","","NCW","MICROBIOLOGY",,"610","","5601 Carrol Canyon Road","","","","","","","","","","","","Reclaimed Dist","","","",,"","",,,"","","",""
"114 SYS","Y","DIST_SYS","","IMP","Alvarado Central",,"536","","Univ Hts Resv North Effluent","2720 Howard Ave @ Idaho","","","","","","","","","","","Impound","","","",,"","",,,"","","",""
"5 SYS","Y","PLANTS","","PLANTS","WriteOn",,"712","3710020-006","Miramar Clearwell #1 Eff-10710 Scripps Lk Dr","712 Miramar Zone","","","","","","","","","","","Miramar FP","","","",,"","",,,"","","",""
"6 SYS","Y","PLANTS","","PLANTS","Miramar Plant",,"712","","Miramar Clearwell #2 EFF-10710 Scripps Lk Dr","712 Miramar Zone","","","","","","","","","","","Miramar FP","","","",,"","",,,"","","",""
"22 SYS","Y","DIST_SYS","","IMP","Miramar Scripps",,"1020","","Scripps Ranch Reservoir","12225 Spring Canyon Rd","","","","","","","","","","","Impound","","","",,"","",,,"","","",""
"150 SYS","Y","DIST_SYS","","SYS",".",,"645","","Acorn St & 62nd St @ Fire Station","645 Redwood Village Zone","","","","","","","","","","","Stanchion_FS","","","",,"","",,,"","","",""
"11 SYS","Y","DIST_SYS","","IMP","Miramar La Jolla",,"725","","Country Club Reservoir","7269 Encelia Dr","","","","","","","","","","","Impound","","","",,"","",,,"","","",""
"136 SYS","Y","DIST_SYS","","SYS",".",,"231","","333 W Harbor Dr- Hotel","231 Principal Downtown Zone - connnection to Cal American","","","","","","","","","","","","","","",,"","",,,"","","",""
"13 SYS","Y","DIST_SYS","","IMP","Miramar Rnch Brnardo",,"1130","","Carmel Mountain Reservoir","13603 Shoal Summit Rd @ Calvados Pl ","","","","","","","","","","","Impound","","","",,"","",,,"","","",""
"14 SYS","Y","DIST_SYS","","IMP","Miramar La Jolla",,"725","","Soledad Reservoir","La Jolla Scenic Dr & Via Casa Alta","","","","","","","","","","","Impound","","","",,"","",,,"","","",""
"15 SYS","Y","DIST_SYS","","IMP","Alvarado Pt. Loma",,"260","","Pt Loma Reservoir","1061 Catalina Blvd1-858-850-7900","","","","","","","","","","","Impound","","","",,"","",,,"","","",""
"16 SYS","Y","DIST_SYS","","IMP","Alvarado Pt. Loma",,"462","","Catalina Standpipe","201 Catalina Blvd","","","","","","","","","","","Impound","","","",,"","",,,"","","",""
"95 SYS","Y","PLANTS","","PLANTS","WriteOn",,"490","3710020-010","Otay Treatment Plant Effluent-1500 Wueste Rd.","490 S San Diego Resv Zone","","","","","","","","","","","Lower Otay FP","","","",,"","",,,"","","",""
"65 SYS","Y","DIST_SYS","","SYS",".",,"610(94)","","El Amigo Rd & Durango Dr","610 North City Zone","","","","","","","","","","","Stanchion","","","",,"","",,,"","","",""
"1006 RWSYS","Y","NCW_DIST","","NCW","MICROBIOLOGY",,"890","","Poway Storage Tank, Gregg St. & Flint Pl.","890 Scripps Poway Reclaimed","","","","","","","","","","","Reclaimed Dist","","","",,"","",,,"","","",""
"173 SYS","Y","DIST_SYS","","SYS","Stage2 DBP",,"390(22)","3710020-903","Rancho Hills & Reo Dr @ Library/Sample Stanchion","390 University Heights Zone","","","","","","","","","","","Stanchion","","","",,"","",,,"","","",""
"179 SYS","Y","DIST_SYS","","SYS",".",,"470(81)","","Del Mar Heights/Hartfield Ave; Sample Stanchion","470 Lusk Park Zone","","","","","","","","","","","Stanchion","","","",,"","",,,"","","",""
"176 SYS","Y","DIST_SYS","","SYS",".",,"610(33)","","9896 Olson Dr.","610 North City Zone","","","","","","","","","","","Stanchion","","","",,"","",,,"","","",""
"48 SYS","Y","DIST_SYS","","SYS",".",,"270","","Coast Bl. South/Eads Ave; Sample Stanchion","270 La Jolla Towne Zone","","","","","","","","","","","Stanchion","","","",,"","",,,"","","",""
"177 SYS","Y","DIST_SYS","","SYS",".",,"712","","12350 Black Mountain Road(next to Rec Building)","610 North City Zone","","","","","","","","","","","Stanchion","","","",,"","",,,"","","",""
"66 SYS","Y","DIST_SYS","","SYS",".",,"196","","Via Cortina/Via Aprilia Sample Stanchion","196 Lower Del Mar Terr Zone","","","","","","","","","","","Stanchion","","","",,"","",,,"","","",""
"174 SYS","Y","DIST_SYS","","SYS",".",,"390(418)","","3250 Camino Del Rio North; Sample Stanchion","390 University Heights Zone","","","","","","","","","","","Stanchion","","","",,"","",,,"","","",""
"52 SYS","Y","DIST_SYS","","SYS",".",,"559","","Mt. Abernathy Ave & Chateau Dr. @ Library","559 Northwest Mesa Zone","","","","","","","","","","","Stanchion_Lib","","","",,"","",,,"","","",""
"128 SYS","Y","DIST_SYS","","SYS",".",,"490(65)","","Firethorn St/Palm Ave; Sample Stanchion","490 S San Diego Resv Zone","","","","","","","","","","","Stanchion","","","",,"","",,,"","","",""
"64 SYS","Y","DIST_SYS","","SYS",".",,"625","","11168 Avenida Del Gato & Zapata","","","","","","","","","","","","","","","",,"","",,,"","","",""
"130 SYS","Y","DIST_SYS","","SYS",".",,"","","Willow & Front","","","","","","","","","","","","","","","",,"","",,,"","","",""
"131 SYS","Y","DIST_SYS","","SYS","Stage2 DBP",,"270","3710020-900","E Park Ave/San Ysidro Blvd;Sample Stanchion","270 Otay Regulated Zone","","","","","","","","","","","Stanchion","","","",,"","",,,"","","",""
"57 SYS","Y","DIST_SYS","","SYS",".",,"559","","Idlewild Way & Hidalgo Ave. @ Public School","559 Northwest Mesa Zone","","","","","","","","","","","Stanchion_Sch","","","",,"","",,,"","","",""
"255 SYS","Y","DIST_SYS","","SYS",".",,"340","","4949 Pacifica Dr; Sample Box","340 Pacifica Zone","","","","","","","","","","","Sample Box","","","",,"","",,,"","","",""
"59 SYS","Y","DIST_SYS","","SYS",".",,"600","","La Cuenta Dr & Tierrasanta Blvd @ Fire Station","","","","","","","","","","","","Stanchion_FS","","","",,"","",,,"","","",""
"60 SYS","Y","DIST_SYS","","SYS",".",,"536(181)","","9th Ave & University Ave @ Fire Station","536 Alvarado Zone","","","","","","","","","","","Stanchion_FS","","","",,"","",,,"","","",""
"61 SYS","Y","DIST_SYS","","SYS",".",,"","","Hawk & Washington","","","","","","","","","","","","","","","",,"","",,,"","","",""
"200 SYS","Y","DIST_SYS","","SYS",".",,"490","","Otay Mesa Rd./Beyer Blvd.","490 S San Diego Resv Zone","","","","","","","","","","","Stanchion_Sch","","","",,"","",,,"","","",""
"238 SYS","Y","DIST_SYS","","IMP","Miramar Scripps",,"1150","","Miramar Ranch North Reservoir","11496 Weatherhill Way","","","","","","","","","","","Impound","","","",,"","",,,"","","",""
"182 SYS","Y","DIST_SYS","","SYS",".",,"752","","6475 Antigua Blvd.","752 Tierrasanta Zone","","","","","","","","","","","Stanchion","","","",,"","",,,"","","",""
"242 SYS","Y","DIST_SYS","","SYS",".",,"910","","7260 Barker Way","910 Climax Zone","","","","","","","","","","","Sample Box","","","",,"","",,,"","","",""
"184 SYS","Y","DIST_SYS","","SYS",".",,"815","","12170 Springhurst Dr.","815 South Creek Zone","","","","","","","","","","","Stanchion","","","",,"","",,,"","","",""
"244 SYS","Y","DIST_SYS","","SYS",".",,"435","","13051 Portofino Dr. Sample Stanchion","435 Del Mar Hills Zone","","","","","","","","","","","Stanchion","","","",,"","",,,"","","",""
"245 SYS","Y","DIST_SYS","","SYS",".",,"328","","12935 Via Latina. Sample Stanchion","328 Del Mar Terrace Zone","","","","","","","","","","","Sample Box","","","",,"","",,,"","","",""
"246 SYS","Y","DIST_SYS","","SYS",".",,"940","","7928 Wing Span Dr","940 Eagle Ridge Zone","","","","","","","","","","","Stanchion","","","",,"","",,,"","","",""
"247 SYS","Y","DIST_SYS","","SYS",".",,"470","","8985 Rehco Rd; Sample Stanchion","470 El Camino Zone","","","","","","","","","","","Stanchion","","","",,"","",,,"","","",""
"237 SYS","Y","DIST_SYS","","SYS",".",,"800","","17910 Avenida Cordillera","800 Bernardo Trails Zone","","","","","","","","","","","Stanchion","","","",,"","",,,"","","",""
"219 SYS","Y","DIST_SYS","","SYS",".",,"241","","Across from 8415 El Paseo Grande","241 La Jolla Shores Zone","","","","","","","","","","","Stanchion_Park","","","",,"","",,,"","","",""
"232 SYS","Y","DIST_SYS","","SYS",".",,"","","Morning Creek Rd & Old Sycamore Dr","793 Rancho Bernardo (South) Zone","","","","","","","","","","","Stanchion","","","",,"","",,08/09/2007,"","","",""
"214 SYS","Y","DIST_SYS","","SYS",".",,"900","","4711 Seda Dr (Between Via Dominique & Renovo Way)","900 Tierrasanta Norte Zone","","","","","","","","","","","Stanchion","","","",,"","",,,"","","",""
"216 SYS","Y","DIST_SYS","","SYS",".",,"370","","5790 Chelsea Ave","370 LaJolla Towne Zone - Hermosa","","","","","","","","","","","Stanchion","","","",,"","",,,"","","",""
"270 SYS","Y","DIST_SYS","","SYS",".",,"470","","Rancho Santa Fe Farms & Caminito Mendiola","Rancho Del Sol Zone","","","","","","","","","","","Stanchion","","","",,"","",,,"","","",""
"110 SYS","Y","DIST_SYS","","IMP","Alvarado Central",,"849","","College Ranch Standpipe","Lake Arrowhead Dr @ Lake Ashmere Dr","","","","","","","","","","","Impound","","","",,"","",,,"","","",""
"129 SYS","Y","DIST_SYS","","SYS",".",,"","","2306 Hollister","","","","","","","","","","","","Stanchion","","","",,"","",,,"","","",""
"20 SYS","Y","DIST_SYS","","IMP","Miramar Rnch Brnardo",,"920(71)","","Pomerado Park Reservoir","Bernardo heights Pkwy & Avenda Venusto","","","","","","","","","","","Impound","","","",,"","",,,"","","",""
"155 SYS","Y","DIST_SYS","","SYS",".",,"536","","Adams & Marlborough","536 Normal Heights Zone","","","","","","","","","","","","","","",,"","",,,"","","",""
"274 SYS","Y","DIST_SYS","","SYS",".",,"425","","Hillpointe Row & Carriage Dale Row","425 Ridgegate Reduced Zone","","","","","","","","","","","","","","",,"","",10/30/2000,,"","","",""
"275 SYS","Y","DIST_SYS","","SYS",".",,"430","","Across from 2531 Old Quarry Rd ","430 Mission City Zone","","","","","","","","","","","","","","",,"","",10/30/2000,,"","","",""
"276 SYS","Y","DIST_SYS","","SYS",".",,"470(24)","","Moorland Heights/Wild Blossom Terrace","470 Lusk Park (E of Torrey Pines) Zone","","","","","","","","","","","","","","",,"","",10/30/2000,,"","","",""
"277 SYS","Y","DIST_SYS","","SYS",".",,"470","","7930 Park Village Rd","470 Penasquitos Park VW Zone","","","","","","","","","","","","","","",,"","",10/30/2000,,"","","",""
"278 SYS","Y","DIST_SYS","","SYS",".",,"470","","Torrey View Ct across street from Pyxis","470 Arroyo Sorrento Zone","","","","","","","","","","","","","","",,"","",10/30/2000,,"","","",""
"279 SYS","Y","DIST_SYS","","SYS",".",,"495","","10885 Clovehurst Way","495 Carmel Country Zone","","","","","","","","","","","","","","",,"","",10/30/2000,,"","","",""
"280 SYS","Y","DIST_SYS","","SYS",".",,"500","","6542 Reflection Dr.","500 La Mirage Zone","","","","","","","","","","","","","","",,"","",10/30/2000,,"","","",""
"281 SYS","Y","DIST_SYS","","SYS",".",,"685","","6831 Monte Verde Dr","","","","","","","","","","","","","","","",,"","",10/30/2000,,"","","",""
"282 SYS","Y","DIST_SYS","","SYS",".",,"680(41)","","18402 W. Bernardo Dr. Stanchion at Community Park","680 Bernardo Oaks (W of I-5) Zone","","","","","","","","","","","","","","",,"","",10/30/2000,,"","","",""
"283 SYS","Y","DIST_SYS","","SYS",".",,"1150","","Scripps Ranch Wy  & Spencerport (SW corner)","1150 Miramar Boosted Zone","","","","","","","","","","","","","","",,"","",10/30/2000,,"","","",""
"335 SYS_CRC_PMP","Y","DIST_SYS","","IMP","Miramar Scripps",,"1135","","Stonebridge Reservoir","","","","","","","","","","","","","","","",,"","",07/29/2014,,"","","",""
"M_WASH_85SYS","Y","PLANTS","","X","",,"","","Method Wash Alvarado Influent","","","","","","","","","","","","","","","",,"","",,,"","","",""
"M_WASH_1SYS","Y","PLANTS","","X","",,"","","Method Wash Miramar Influent","","","","","","","","","","","","","","","",,"","",,,"","","",""
"M_WASH_85SYS_2","Y","PLANTS","","X","",,"","","Method Wash #2 Alvarado Influent ","","","","","","","","","","","","","","","",,"","",,,"","","",""
"322 SYS","Y","DIST_SYS","","SYS",".",,"225","","2305 1/2 Historic Decatur Rd.","225 Rosecrans   Zone","","","","","","","","","","","","","","",,"","",03/16/2006,,"","","",""
"332 SYS","Y","DIST_SYS","","SYS",".",,"231","","1277 W. G St","231 Principal Downtown Zone","","","","","","","","","","","","","","",,"","",07/02/2006,,"","","",""
"152A SYS","Y","DIST_SYS","","SYS",".",,"849","","8571 Highwood Drive","","","","","","","","","","","","","","","",,"","",,,"","","",""
"249A SYS","Y","DIST_SYS","","SYS","",,"320","","6429 Glidden St.; Sample Stanchion","320 Glidden Zone","","","","","","","","","","","","","","",,"","",,,"","","",""
"112 SYS","Y","DIST_SYS","","IMP","Alvarado Central",,"656","","Del Cerro Reservoir","Rockhurst Ct & Rockhurst Dr","","","","","","","","","","","Impound","","","",,"","",,,"","","",""
"276A SYS","Y","DIST_SYS","","SYS","",,"470(24)","","5285 Setting Sun Way","470 Lusk Park (E of Torrey Pines) Zone","","","","","","","","","","","","","","",,"","",02/20/2009,,"","","",""
"315A SYS","Y","DIST_SYS","","SYS","",,"725","","Across from 5494 Soledad Road","725 Soledad Muirlands Zone","","","","","","","","","","","","","","",,"","",,,"","","",""
"338 SYS","Y","DIST_SYS","","SYS","",,"175","","2817 Wasp Way","175 Liberty Station  Zone","","","","","","","","","","","","","","",,"","",09/06/2007,,"","","",""
"303A SYS","Y","DIST_SYS","","SYS","",,"440","","1469 Riviera Shores St.","440 Riviera Shores Zone","","","","","","","","","","","","","","",,"","",,,"","","",""
"323 SYS","Y","DIST_SYS","","SYS",".",,"925","","11469 Stonecroft Terrace","925 Stockwood  Zone","","","","","","","","","","","","","","",,"","",,,"","","",""
"324 SYS","Y","DIST_SYS","","SYS",".",,"240","","4393 Redworks Drwy  (Behind Health Care Training)","240 Imperial Zone","","","","","","","","","","","","","","",,"","",,,"","","",""
"325 SYS","Y","DIST_SYS","","SYS",".",,"1020(229)","","Old Creek Rd & Whispering Ridge Rd","1020 Scripps Ranch Zone","","","","","","","","","","","","","","",,"","",,,"","","",""
"326 SYS","Y","DIST_SYS","","SYS",".",,"950","","8555 1/2  Run of the Knolls Drive","950 Santa Luz Zone","","","","","","","","","","","","","","",,"","",,,"","","",""
"327 SYS","Y","DIST_SYS","","SYS",".",,"730","","15625 New Park Terrace","730 North Village Zone","","","","","","","","","","","","","","",,"","",,,"","","",""
"328 SYS","Y","DIST_SYS","","SYS",".",,"1250","","16909 Stonebridge Pkwy","1250 Sycamore Estates  Zone","","","","","","","","","","","","","","",,"","",,,"","","",""
"329 SYS","Y","DIST_SYS","","SYS",".",,"1135","","14644 1/2 Old Creek Rd ","1135 Stonebridge Zone","","","","","","","","","","","","","","",,"","",,,"","","",""
"330 SYS","Y","DIST_SYS","","SYS",".",,"360","","775 Cornish Drive","360 Cornish Hill Zone","","","","","","","","","","","","","","",,"","",,,"","","",""
"331 SYS","Y","DIST_SYS","","SYS",".",,"1150","","Across from 11705 Semillon Blvd.","Pressure Zone 1150 SCRIPPS RANCH BSTD.","","","","","","","","","","","","","","",,"","",,,"","","",""
"336 SYS","Y","DIST_SYS","","SYS",".",,"865","","17696 Montero Road","865 Oaks North Zone - replaced 254 Sys","","","","","","","","","","","","","","",,"","",,,"","","",""
"SUVA_FILT_85SYS","Y","PLANTS","","X","",,"","","Alvarado Influent Filtered in lieu of SUVA","","","","","","","","","","","","","","","",,"","",,,"","","",""
"M_WASH_92SYS_2","Y","PLANTS","","X","",,"","","Method Wash #2 Otay Influent","","","","","","","","","","","","","","","",,"","",,,"","","",""
"SUVA_FILT_92SYS","Y","PLANTS","","X","",,"","","Otay Influent Filtered in lieu of SUVA","","","","","","","","","","","","","","","",,"","",,,"","","",""
"SUVA_FILT_1SYS","Y","PLANTS","","X","",,"","","Miramar Influent Filtered in lieu of SUVA","","","","","","","","","","","","","","","",,"","",,,"","","",""
"339 SYS","Y","DIST_SYS","","SYS","",,"470","","11911 Carmel Creek Road","470 Pinnacle Zone","","","","","","","","","","","","","","",,"","",03/06/2008,,"","","",""
"SUVATEST_1SYS_2","Y","PLANTS","","X","",,"","","Miramar Influent SUVA tested #2","","","","","","","","","","","","","","","",,"","",,,"","","",""
"SUVATST_85SYS_2","Y","PLANTS","","X","",,"","","Alvarado Influent SUVA tested #2","","","","","","","","","","","","","","","",,"","",,,"","","",""
"SUVATST_92SYS_2","Y","PLANTS","","X","",,"","","Otay Influent SUVA tested #2","","","","","","","","","","","","","","","",,"","",,,"","","",""
"110 SYS_TOP","Y","DIST_SYS","","IMP","",,"849","","College Ranch SP - Top ","Lake Arrowhead Dr @ Lake Ashmere Dr","","","","","","","","","","","Impound","","","",,"","",,,"","","",""
"110 SYS_MID","Y","DIST_SYS","","IMP","",,"849","","College Ranch SP - Middle","Lake Arrowhead Dr @ Lake Ashmere Dr","","","","","","","","","","","Impound","","","",,"","",,,"","","",""
"247A SYS","Y","DIST_SYS","","SYS","",,"470","","9125 Recho Rd ","470 El Camino Zone","","","","","","","","","","","","","","",,"","",,,"","","",""
"110 SYS_BOT","Y","DIST_SYS","","IMP","",,"849","","College Ranch SP - Bottom","Lake Arrowhead Dr @ Lake Ashmere Dr","","","","","","","","","","","Impound","","","",,"","",,,"","","",""
"333 SYS","Y","DIST_SYS","","SYS",".",,"390(418)","","1329 Gertrude St","390 University Heights Zone - replaced 58A","","","","","","","","","","","","","","",,"","",06/06/2006,,"","","",""
"334 SYS","Y","DIST_SYS","","SYS",".",,"536(41)","","6070 Division St","536 Alvarado (41) Zone","","","","","","","","","","","","","","",,"","",06/06/2006,,"","","",""
"335 SYS_ELV1104","Y","DIST_SYS","","IMP","Miramar Scripps",,"1135","","Stonebridge Resv-elevation 1104","","","","","","","","","","","","","","","",,"","",,,"","","",""
"335 SYS_ELV1113","Y","DIST_SYS","","IMP","Miramar Scripps",,"1135","","Stonebridge Resv-elevation 1113","","","","","","","","","","","","","","","",,"","",,,"","","",""
"335 SYS_ELV1122","Y","DIST_SYS","","IMP","Miramar Scripps",,"1135","","Stonebridge Resv-elevation 1122","","","","","","","","","","","","","","","",,"","",,,"","","",""
"335 SYS_ELV1130","Y","DIST_SYS","","IMP","Miramar Scripps",,"1135","","Stonebridge Resv-elevation 1130","","","","","","","","","","","","","","","",,"","",,,"","","",""
"10 SYS","Y","DIST_SYS","","IMP","Miramar La Jolla",,"725","","La Jolla View Reservoir","Brodiaea Way @ Encelia Dr","","","","","","","","","","","Impound","","","",,"","",,,"","","",""
"SUVATEST_1SYS","Y","PLANTS","","X","",,"","","Miramar Influent SUVA tested","","","","","","","","","","","","","","","",,"","",,,"","","",""
"SUVATEST_85SYS","Y","PLANTS","","X","",,"","","Alvarado Influent SUVA tested","","","","","","","","","","","","","","","",,"","",,,"","","",""
"SUVATEST_92SYS","Y","PLANTS","","X","",,"","","Otay Influent SUVA tested","","","","","","","","","","","","","","","",,"","",,,"","","",""
"21 SYS_TOP","Y","DIST_SYS","","IMP","Miramar Rnch Brnardo",,"793","","Rancho Bernardo Resv - Top","16061 Big Springs Way ","","","","","","","","","","","","","","",,"","",,,"","","",""
"21 SYS_MID","Y","DIST_SYS","","IMP","Miramar Rnch Brnardo",,"793","","Rancho Bernardo Reservoir","16061 Big Springs Way","","","","","","","","","","","","","","",,"","",,,"","","",""
"270A SYS","Y","DIST_SYS","","SYS","",,"470","","Rancho Del Sol Way & Rancho Del Azaleas Way","Rancho Del Sol Zone","","","","","","","","","","","","","","",,"","",,,"","","",""
"91 SYS","Y","PLANTS","","PLANTS","",,"","","Alvarado TP Effluent - Filters 9-16","","","","","","","","","","","","Alvarado FP","","","",,"","",,,"","","",""
"248A SYS","Y","DIST_SYS","","SYS","",,"","","2360 Beryl St. Sample Stanchion","","","","","","","","","","","","","","","",,"","",,,"","","",""
"88 SYS","Y","PLANTS","","PLANTS","",,"","","Alvarado TP Effluent - Filters 1-8","","","","","","","","","","","","Alvarado FP","","","",,"","",,,"","","",""
"15A SYS","Y","DIST_SYS","","SYS","",,"","","Outlet pipeline from 15 Sys","","","","","","","","","","","","Stanchion","","","",,"","",,,"","","",""
"277A SYS","Y","DIST_SYS","","SYS","",,"470",""," 12241 Camino Del Sur","located across from 12241 Camino Del Sur","","","","","","","","","","","","","","",,"","",06/16/2010,,"","","",""
"138A SYS","Y","DIST_SYS","","SYS","",,"390(418)","","4202 N. Harbor Drive; Sample Stanchion","","","","","","","","","","","","Stanchion","","","",,"","",,,"","","",""
"343 SYS","Y","DIST_SYS","","SYS","",,"625","","Intersection of Flanders Rd. and Flanders Pl.","","","","","","","","","","","","Stanchion","","","",,"","",09/23/2010,,"","","",""
"21 SYS_BOT","Y","DIST_SYS","","IMP","Miramar Rnch Brnardo",,"793","","Rancho Bernardo Resv - Bottom","16061 Big Springs Way","","","","","","","","","","","","","","",,"","",,,"","","",""
"2009 RWSYS","Y","NCWRP","","NCW",".",,"610","","NCW Effluent Call 858-824-6001 before collection","4949 Eastgate Mall Dr","","","","","","","","","","","N City Reclam Plant - Effluent","","","",,"","",,,"","","",""
"335 SYS","Y","DIST_SYS","","IMP","Miramar Scripps",,"1135","","Stonebridge Resv - 14800 Stonebridge Pkwy ","Stonebridge Reservoir","","","","","","","","","","","","","","",,"","",06/23/2006,,"","","",""
"185 SYS","Y","DIST_SYS","","SYS",".",,"890","","11198 Ivy Hill Dr.","890 Scripps Ranch North Zone","","","","","","","","","","","Stanchion","","","",,"","",,,"","","",""
"262 SYS","Y","DIST_SYS","","SYS",".",,"930","","6669 Linda Ln","930 San Carlos Estates Zone","","","","","","","","","","","Sample Box","","","",,"","",,,"","","",""
"252A SYS","Y","DIST_SYS","","SYS","",,"594","","5532 Pacifica Drive","594 La Jolla Pacifica Zone","","","","","","","","","","","","","","",,"","",,,"","","",""
"SUVAFILT_1SYS2","Y","PLANTS","","X","",,"","","Miramar Influent Filtered in lieu of SUVA","","","","","","","","","","","","","","","",,"","",,,"","","",""
"SUVAFILT_85SYS2","Y","PLANTS","","X","",,"","","Alvarado Influent Filtered in lieu of SUVA","","","","","","","","","","","","","","","",,"","",,,"","","",""
"234A SYS","Y","DIST_SYS","","SYS","",,"920","","14300 Cuca St.","","","","","","","","","","","","","","","",,"","",,,"","","",""
"340 SYS","Y","DIST_SYS","","SYS","",,"610","","13880 Crest Way ","Del Mar System feed","","","","","","","","","","","","","","",,"","",06/20/2008,,"","","",""
"341 SYS","Y","DIST_SYS","","SYS","",,"307","","1840 Quiveira Way","307 Pressure zone","","","","","","","","","","","","","","",,"","",,,"","","",""
"282A SYS","Y","DIST_SYS","","SYS","",,"680(41)","","18169 W. Bernardo Dr. across from  Community Park","680 Bernardo Oaks (W of I-5) Zone","","","","","","","","","","","","","","",,"","",,,"","","",""
"318A SYS","Y","DIST_SYS","","SYS","",,"1020(3)","","NE corner of Trail Crest Dr and Ridge Run Way","1020 Scripps Ranch Zone-replaced 318A","","","","","","","","","","","","","","",,"","",,,"","","",""
"342 SYS","Y","DIST_SYS","","SYS","",,"472","","2883 Keen Drive. Sample stanchion","HGL 472 Paradise Hill #1 pressure zone","","","","","","","","","","","Stanchion","","","",,"","",,,"","","",""
"344 SYS","Y","DIST_SYS","","SYS","",,"625","","Intersection of Compass Pt. N and Westview Pkwy","","","","","","","","","","","","Stanchion","","","",,"","",10/15/2010,,"","","",""
"293 SYS","Y","DIST_SYS","","PLANTS",".",,"490","3710020-014","Oceanview Pump Station, 4927 Ocean View Hills Pkwy","4927 Ocean View Hills Pkwy ","","","","","","","","","","","","","","",,"","",05/02/2002,,"","","",""
"294 SYS","Y","DIST_SYS","","SYS",".",,"712","","12195 Branicole St.","625 Mira Mesa Zone Replaces 181 SYS","","","","","","","","","","","","","","",,"","",05/03/2002,,"","","",""
"295 SYS","Y","DIST_SYS","","SYS",".",,"712","","11305 Affinity Ct.","712 Miramar Zone Replaces 263 SYS","","","","","","","","","","","","","","",,"","",05/03/2002,,"","","",""
"233 SYS","Y","DIST_SYS","","SYS",".",,"920","","12119 World Trade Dr @ Fire Station","920 Carmel Mall Zone","","","","","","","","","","","Stanchion_FS","","","",,"","",,,"","","",""
"234 SYS","Y","DIST_SYS","","SYS",".",,"920","","14125 Cuca St @ Public School","","","","","","","","","","","","Stanchion_Sch","","","",,"","",,,"","","",""
"235 SYS","Y","DIST_SYS","","SYS",".",,"920","","15855 Turtleback Rd.","920 Pomerado Park Zone","","","","","","","","","","","Stanchion","","","",,"","",,,"","","",""
"236 SYS","Y","DIST_SYS","","SYS",".",,"920","","15022 Avenida Venusto","","","","","","","","","","","","Stanchion","","","",,"","",,,"","","",""
"19 SYS_TOP","Y","DIST_SYS","","IMP","Miramar Rnch Brnardo",,"920(82)","","Los Penasquitos Resv Top","End of Avnda  Maria off Penasquitos Dr","","","","","","","","","","","Impound","","","",,"","",,,"","","",""
"19 SYS_MID","Y","DIST_SYS","","IMP","Miramar Rnch Brnardo",,"920(82)","","Los Penasquitos Reservoir 1","End of Avnda Maria off Penasquitos Dr","","","","","","","","","","","Impound","","","",,"","",,,"","","",""
"19 SYS_BOT","Y","DIST_SYS","","IMP","Miramar Rnch Brnardo",,"920(82)","","Los Penasquitos Resv  Bottom","End of Avnda  Maria off Penasquitos Dr","","","","","","","","","","","Impound","","","",,"","",,,"","","",""
"215 SYS","Y","DIST_SYS","","SYS",".",,"463","","Across from 5105 Soledad Rd.","463 Bayview Zone","","","","","","","","","","","Stanchion","","","",,"","",,,"","","",""
"298 SYS","Y","DIST_SYS","","SYS",".",,"580","","1584 Clanton Pl","1584 Clanton Pl - Gray System","","","","","","","","","","","","","","",,"","",11/21/2002,,"","","",""
"217 SYS","Y","DIST_SYS","","SYS",".",,"725","","6550 Soledad Mountain Rd","725 Soledad Muirlands Zone","","","","","","","","","","","Stanchion","","","",,"","",,,"","","",""
"218 SYS","Y","DIST_SYS","","SYS","Stage2 DBP",,"925 ","3710020-912","2110 Via Casa Alta @ Fire Station","925 La Jolla Soledad W Zone","","","","","","","","","","","Stanchion_FS","","","",,"","",,,"","","",""
"111 SYS_TOP","Y","DIST_SYS","","IMP",".",,"849","","San Carlos Resv Top","Tommy Dr @ Wingspan","","","","","","","","","","","Impound","","","",,"","",12/27/2002,,"","","",""
"12N SYS_BOT","Y","DIST_SYS","","IMP","Miramar La Jolla",,"725","","Bay View Reservoir North  Bottom","1975 Parkview Terrace","","","","","","","","","","","Impound","","","",,"","",,,"","","",""
"273 SYS","Y","DIST_SYS","","SYS",".",,"330","","Dawes St & Archer St (SE corner)","330 Archer Zone","","","","","","","","","","","","","","",,"","",10/03/2000,,"","","",""
"12N SYS_TOP","Y","DIST_SYS","","IMP","Miramar La Jolla",,"725","","Bay View Reservoir North  Top ","1975 Parkview Terrace","","","","","","","","","","","Impound","","","",,"","",,,"","","",""
"12S SYS_BOT","Y","DIST_SYS","","IMP","Miramar La Jolla",,"725","","Bay View Reservoir South Bottom","1975 Parkview Terrace","","","","","","","","","","","Impound","","","",,"","",,,"","","",""
"12N SYS_MID","Y","DIST_SYS","","IMP","Miramar La Jolla",,"725","","Bay View Reservoir North 1","1975 Parkview Terrace","","","","","","","","","","","Impound","","","",,"","",,,"","","",""
"2002 RWSYS","Y","NCW_DIST","","NCW",".",,"610","","5700 Blk. Erlanger St. - West side of the street","","","","","","","","","","","","Reclaimed Dist","","","",,"","",,,"","","",""
"SYSTEM","Y","DIST_SYS","","X",".",,"","","Entire distribution system - for averaged values","","","","","","","","","","","","Entire Distribution System","","","",,"","",,,"","","",""
"JARTEST_1SYS","Y","PLANTS","","X","Miramar Plant",,"","","Miramar Influent Jartest","","","","","","","","","","","","Miramar Plant Influent","","","",,"","",01/15/2004,,"","","",""
"JARTEST_85SYS","Y","PLANTS","","X","Alvarado Plant",,"","","Alvarado Influent Jartest","","","","","","","","","","","","Alvarado Plant Influent","","","",,"","",01/15/2004,,"","","",""
"JARTEST_92SYS","Y","PLANTS","","X","Otay Plant",,"","","Otay Influent Jartest","","","","","","","","","","","","Otay Plant Influent","","","",,"","",,,"","","",""
"321 SYS","Y","DIST_SYS","","SYS",".",,"307","","Haines St @ Felspar St.","307 Pacific Beach Zone","","","","","","","","","","","","","","",,"","",,,"","","",""
"M_WASH_92SYS","Y","PLANTS","","X","",,"","","Method Wash Otay Influent","","","","","","","","","","","","","","","",,"","",,,"","","",""
"M_WASH_1 SYS_2","Y","PLANTS","","X","",,"","","Method Wash #2 Miramar Influent","","","","","","","","","","","","","","","",,"","",,,"","","",""
"12S SYS_TOP","Y","DIST_SYS","","IMP","Miramar La Jolla",,"725","","Bay View Reservoir South Top ","1975 Parkview Terrace","","","","","","","","","","","Impound","","","",,"","",,,"","","",""
"58A SYS","Y","DIST_SYS","","SYS",".",,"","","1391 Gertrude St. Sample Stanchion","Tecolote Park - replaced by 333 - This stanchion is a a red gate valve.","","","","","","","","","","","Stanchion","","","",,"","",,06/05/2006,"","","",""
"208A SYS","Y","DIST_SYS","","SYS","",,"656","","Across from 6236 Wenrich","656 Del Cerro Zone","","","","","","","","","","","","","","",,"","",,,"","","",""
"211A SYS","Y","DIST_SYS","","SYS","Stage2 DBP",,"345","3710020-905","7225 Keighley St.","Between 7205 and 7225 Keighley St.","","","","","","","","","","","","","","",,"","",,,"","","",""
"98A SYS","Y","DIST_SYS","","IMP","Otay Plant",,"","","South San Diego Reservoir","","","","","","","","","","","","Clearwell","","","",,"","",,,"","","",""
"12S SYS_MID","Y","DIST_SYS","","IMP","Miramar La Jolla",,"725","","Bay View Reservoir South 1","1975 Parkview Terrace","","","","","","","","","","","Impound","","","",,"","",,,"","","",""
"16A SYS","Y","DIST_SYS","","IMP","Alvarado Pt. Loma",,"462","","New Catalina Standpipe","209 Catalina BLVD in Service 2015","","","","","","","","","","","Impound","","","",,"","",,,"","","",""
"2005 RWSYS","N","NCW_DIST","","NCW","MICROBIOLOGY",,"","","N. Torrey Pines Rd & Torrey Pines Scenic Drive","marked not valid due to danger for samplers","","","","","","","","","","","Reclaimed Dist","","","",,"","",,,"","","",""
"147 SYS","N","DIST_SYS","","SYS",".",,"","","35th & Madison","","","","","","","","","","","","","","","",,"","",,,"","","",""
"RWSYS","N","NCW_DIST","","X",".",,"","","Reclaimed Water Distribution System ","The lab no longer samples from this location.","","","","","","","","","","","","","","",,"","",,11/04/1998,"","","",""
"211 SYS","N","DIST_SYS","","SYS","",,"345","3710020-905","7225 Kighlefy St.","345 Princess Gardens Zone","","","","","","","","","","","Sample Box","","","",,"","",,,"","","",""
"2003 RWSYS","N","NCW_DIST","","NCW","MICROBIOLOGY",,"610","","Torrey Pines Golf Course, 11480 N. Torrey Pines Rd","","","","","","","","","","","","Reclaimed Dist","","","",,"","",,,"","","",""
"113 SYS","N","DIST_SYS","","IMP","Alvarado Central",,"","","Univ Hts Resv North Influent","2720 Howard Ave @ Idaho","","","","","","","","","","","Impound","","","",,"","",,,"","","",""
"311 SYS","N","DIST_SYS","","SYS",".",,"","","5345 Toscana Way","Renaissance Ave (Valentia Apartment Complex)(created for x-connect)","","","","","","","","","","","","","","",,"","",12/21/2004,02/28/2005,"","","",""
"115 SYS","N","DIST_SYS","","IMP","Alvarado Central",,"","","Univ Hts Resv South Influent","2720 Howard Ave @ Idaho","","","","","","","","","","","Impound","","","",,"","",,,"","","",""
"133 SYS","N","DIST_SYS","","SYS",".",,"","","Reo & Rancho Hills","","","","","","","","","","","","","","","",,"","",,,"","","",""
"134 SYS","N","DIST_SYS","","SYS",".",,"","","Herrick St & 65th St","610 Paradise Mesa Zone","","","","","","","","","","","Stanchion","","","",,"","",,04/26/2001,"","","",""
"141 SYS","N","DIST_SYS","","SYS",".",,"","","30th & C","","","","","","","","","","","","","","","",,"","",,,"","","",""
"78 SYS","N","DIST_SYS","","SYS",".",,"","","3100 Blk Santo Rd & Gurnard St","600 Kearny Mesa Zone","","","","","","","","","","","Stanchion","","","",,"","",,12/03/2001,"","","",""
"228 SYS","N","DIST_SYS","","SYS",".",,"","","3510 Valley Centre Dr","470 Arroyo Sorrento Zone","","","","","","","","","","","Stanchion","","","",,"","",,12/20/2005,"","","",""
"51 SYS","N","DIST_SYS","","SYS",".",,"","","4370 Kamloop","","","","","","","","","","","","","","","",,"","",,,"","","",""
"6 SYS-SDS","N","LAB_SAMPLE","","X",".",,"","","ICR Sim Dist Sys Sample-Miramar","","","","","","","","","","","","Lab","","","",,"","",,,"","","",""
"202 SYS-SDS","N","LAB_SAMPLE","","X",".",,"","","ICR Sim Dist Sys Sample-Otay","","","","","","","","","","","","Lab","","","",,"","",,,"","","",""
"81 SYS-SDS","N","LAB_SAMPLE","","SYS",".",,"","","ICR Sim Dist Sys Sample-Alvarado","","","","","","","","","","","","Lab","","","",,"","",,,"","","",""
"292 SYS_B1","N","DIST_SYS","","IMP","Miramar Rnch Brnardo",,"793","","Black Mountain Resv Basin 1 North","14799-B Black Mountain Rd","","","","","","","","","","","Impound","","","",,"","",12/07/2001,,"","","",""
"12S SYS","N","DIST_SYS","","IMP","Miramar La Jolla",,"725","","Bay View Reservoir South ","1975 Parkview Terrace","","","","","","","","","","","Impound","","","",,"","",05/21/2002,01/02/2003,"","","",""
"102 SYS","N","DIST_SYS","","IMP",".",,"","","Paradise Hills SP","","","","","","","","","","","","Impound","","","",,"","",,,"","","",""
"103 SYS","N","DIST_SYS","","IMP",".",,"","","Emerald Hills SP","Removed from Dist sys","","","","","","","","","","","Impound","","","",,"","",,,"","","",""
"104 SYS","N","DIST_SYS","","IMP",".",,"","","Encanto SP","","","","","","","","","","","","Impound","","","",,"","",,,"","","",""
"105 SYS","N","DIST_SYS","","IMP",".",,"","","Lomita Village SP","","","","","","","","","","","","Impound","","","",,"","",,,"","","",""
"106 SYS","N","DIST_SYS","","IMP","Alvarado Central",,"","","University Hts-Tank","Replaced by 114 and 116 SYS","","","","","","","","","","","Impound","","","",,"","",,,"","","",""
"107 SYS","N","DIST_SYS","","IMP","Alvarado Central",,"","","University Hts-Resv","Replaced by 114 and 116 SYS","","","","","","","","","","","Impound","","","",,"","",,,"","","",""
"297 SYS","N","DIST_SYS","","SYS",".",,"","","1514 Clanton Pl","543 Remington Hills Zone","","","","","","","","","","","","","","",,"","",11/21/2002,08/17/2004,"","","",""
"84 SYS","N","PLANTS","","PLANTS","Alvarado Plant",,"","","Alvarado Settled","","","","","","","","","","","","","","","",,"","",,,"","","",""
"1001 RWSYS","N","NCW_DIST","","NCW",".",,"790","","Willow Creek at Caminito Agadir","790 Meanley Reclaimed","","","","","","","","","","","Reclaimed Dist","","","",,"","",,,"","","",""
"220 SYS","N","DIST_SYS","","SYS",".",,"","","Downwind Way & Expedition Way","447 S La Jolla Cliffs Zone","","","","","","","","","","","Stanchion","","","",,"","",,11/01/2006,"","","",""
"19 SYS","N","DIST_SYS","","IMP","Miramar Rnch Brnardo",,"920(82)","","Los Penasquitos Resv","End of Avnda  Maria off Penasquitos Dr","","","","","","","","","","","Impound","","","",,"","",,,"","","",""
"111 SYS_BOT","N","DIST_SYS","","IMP",".",,"849","","San Carlos Resv Bottom","Tommy Dr @ Wingspan","","","","","","","","","","","Impound","","","",,"","",12/27/2002,,"","","",""
"21 SYS","N","DIST_SYS","","IMP","Miramar Rnch Brnardo",,"793","","Rancho Bernardo Resv -16061 Big Springs Wy","16061 Big Springs Way","","","","","","","","","","","Impound","","","",,"","",,,"","","",""
"9 SYS","N","DIST_SYS","","IMP",".",,"","","La Jolla Exchange Place Resv","","","","","","","","","","","","Impound","","","",,"","",,,"","","",""
"42 SYS","N","DIST_SYS","","SYS",".",,"","","Enterprise & Midway","stanchion no longer exists","","","","","","","","","","","","","","",,"","",,11/07/2000,"","","",""
"96 SYS_TOP","N","PLANTS","","PLANTS","Otay Plant",,"490","","Otay West Clearwell Top Level-1500 Wueste Rd.","490 S San Diego Resv Zone","","","","","","","","","","","","","","",,"","",,,"","","",""
"85_SYS_STUDY","N","PLANTS","","PLANTS","",,"536","","Alvarado TP Influent - for study -5540 Kiowa Dr","536 Alvarado Zone","","","","","","","","","","","Alvarado FP","","","",,"","",,,"","","",""
"138 SYS","N","DIST_SYS","","SYS",".",,"390(418)","","Harbor Dr/Laurel St; Sample Stanchion","390 University Heights Zone","","","","","","","","","","","Stanchion","","","",,"","",,,"","","",""
"99 SYS_TOP","N","PLANTS","","PLANTS","Otay Plant",,"490","","Otay East Clearwell Top Level-1500 Wueste Rd.","490 S San Diego Resv Zone","","","","","","","","","","","","","","",,"","",,,"","","",""
"202 SYS","N","DIST_SYS","","PLANTS",".",,"590","","Otay Mesa Pump Plant - 5400 Blk Otay Valley Rd","590 Otay Mesa Zone","","","","","","","","","","","Otay Lakes Rd","","","",,"","",,,"","","",""
"292 SYS","N","DIST_SYS","","IMP","Miramar Rnch Brnardo",,"793","","Black Mountain Resv- 14799 Black Mtn Rd","14799-B Black Mountain Rd","","","","","","","","","","","Impound","","","",,"","",12/07/2001,,"","","",""
"93 SYS","N","SOURCE_WATER","","PLANTS",".",,"","","Otay Treatment Plant-Aqueduct","","","","","","","","","","","","Lower Otay FP","","","",,"","",,,"","","",""
"170 SYS","N","DIST_SYS","","SYS",".",,"","","S Valencia Pkwy & Wesmead St; Sample Stanchion","536 Alvarado Zone","","","","","","","","","","","Stanchion","","","",,"","",,02/06/2006,"","","",""
"146 SYS","N","DIST_SYS","","SYS",".",,"","","Home & Fairmount","","","","","","","","","","","","","","","",,"","",,,"","","",""
"77 SYS","N","DIST_SYS","","SYS",".",,"","","Seda Dr & Clairmont Mesa Blvd","752 Tierrasanta Zone","","","","","","","","","","","Stanchion","","","",,"","",,12/03/2001,"","","",""
"46 SYS","N","DIST_SYS","","SYS",".",,"","","Ingraham & Mission Bay Dr","","","","","","","","","","","","","","","",,"","",,,"","","",""
"180 SYS","N","DIST_SYS","","SYS",".",,"793","","Matinal Rd & Poblado Rd","793 Rancho Bernardo Zone","","","","","","","","","","","Stanchion","","","",,"","",,,"","","",""
"47 SYS","N","DIST_SYS","","SYS",".",,"","","Mission Blvd & Pacific Beach Dr","","","","","","","","","","","","","","","",,"","",,,"","","",""
"263 SYS","N","DIST_SYS","","SYS",".",,"","","10940 Scripps Ranch Blvd","712 Miramar Zone Replaced w/295 SYS","","","","","","","","","","","Sample Box","","","",,"","",,05/03/2002,"","","",""
"178 SYS","N","DIST_SYS","","SYS",".",,"370","","1025 W. Muirlands Dr","370 La Jolla hermosa Zone","","","","","","","","","","","Stanchion","","","",,"","",,,"","","",""
"1 SYS-INF CHNL","N","PLANTS","","PLANTS","WriteOn",,"712","3710020-007","Miramar T P Influent Channel-10710 Scripps Lk Dr","712 Miramar Zone","","","","","","","","","","","Miramar FP","","","",,"","",,,"","","",""
"151 SYS","N","DIST_SYS","","SYS",".",,"645","","Montesuma Rd & 54th St","645 Redwood Village Zone","","","","","","","","","","","Stanchion","","","",,"","",,,"","","",""
"308 SYS","N","DIST_SYS","","SYS",".",,"","","10102 Hoyt Park Dr.","Carrol Canyon Road Backflow test port (created for X-Connect)","","","","","","","","","","","","","","",,"","",12/21/2004,02/28/2005,"","","",""
"1002 RWSYS","N","NCW_DIST","","NCW",".",,"","","8200 Blk. Miramar Rd. at Cabot Drive","","","","","","","","","","","","Reclaimed Dist","","","",,"","",,,"","","",""
"12N SYS","N","DIST_SYS","","IMP","Miramar La Jolla",,"725","","Bay View Reservoir North ","1975 Parkview Terrace","","","","","","","","","","","Impound","","","",,"","",05/21/2002,01/02/2003,"","","",""
"55 SYS","N","DIST_SYS","","SYS",".",,"","","Lehrer Dr & Diane Ave","559 Northwest Mesa Zone","","","","","","","","","","","Stanchion_Sch","","","",,"","",,,"","","",""
"312 SYS","N","DIST_SYS","","SYS",".",,"","","6431 Gulfstrand St. ","Governor Drive ( University Gardens Comm. Park)created for x-connect)","","","","","","","","","","","","","","",,"","",12/21/2004,02/28/2005,"","","",""
"58 SYS","N","DIST_SYS","","SYS",".",,"","","Goshen ST & Linda Vista Rd","390 University Heights Zone - replaced by 58A because of a busy intersection","","","","","","","","","","","Stanchion","","","",,"","",,06/16/2003,"","","",""
"204 SYS","N","DIST_SYS","","SYS",".",,"","","2790 Sylvy Way","490 Bay Terrace Zone","","","","","","","","","","","Stanchion","","","",,"","",,05/19/2005,"","","",""
"2007 RWSYS","N","NCW_DIST","","NCW",".",,"640","","N. Torrey Pines Rd & Science Park Dr","640 Genessee","","","","","","","","","","","Reclaimed Dist","","","",,"","",,,"","","",""
"1003 RWSYS","N","NCW_DIST","","NCW",".",,"","","5600 Blk. Miramar Rd. at Eastgate Mall","","","","","","","","","","","","Reclaimed Dist","","","",,"","",,,"","","",""
"266 SYS","N","DIST_SYS","","SYS",".",,"","","Shoal Creek Dr-Pump St Hose Bib","1130 Golf Course Zone-stanchion no longer exists","","","","","","","","","","","Hose Bib","","","",,"","",,11/17/2005,"","","",""
"62 SYS","N","DIST_SYS","","SYS",".",,"","","Presidio & Cosoy","","","","","","","","","","","","","","","",,"","",,,"","","",""
"2008 RWSYS","N","NCW_DIST","","NCW",".",,"610","","7770 Miramar Rd @ Toppan Electronics","","","","","","","","","","","","Reclaimed Dist","","","",,"","",,,"","","",""
"17 SYS","N","DIST_SYS","","IMP",".",,"","","Chesterton SP","","","","","","","","","","","","Impound","","","",,"","",,,"","","",""
"111 SYS_MID","N","DIST_SYS","","IMP",".",,"849","","San Carlos Resv Middle","Tommy Dr @ Wingspan","","","","","","","","","","","Impound","","","",,"","",12/27/2002,,"","","",""
"54 SYS","N","DIST_SYS","","SYS",".",,"","","Linda Vista & Comstock","","","","","","","","","","","","","","","",,"","",,,"","","",""
"97 SYS","N","PLANTS","","PLANTS","Otay Plant",,"","","South SD Resv - Inlet","","","","","","","","","","","","Clearwell","","","",,"","",,,"","","",""
"296 SYS","N","DIST_SYS","","SYS",".",,"","","STA 351 + 45 ","CWA designation waiting for street address-not sampled since 2002","","","","","","","","","","","","","","",,"","",08/19/2002,,"","","",""
"111 SYS","N","DIST_SYS","","IMP",".",,"849","","San Carlos Reservoir","Tommy Dr @ Wingspan","","","","","","","","","","","Impound","","","",,"","",,12/27/2002,"","","",""
"109 SYS","N","DIST_SYS","","IMP",".",,"","","College Hts Tank","","","","","","","","","","","","Impound","","","",,"","",,,"","","",""
"50 SYS","N","DIST_SYS","","SYS",".",,"","","Mission Village Dr & Shawn Ave","559 Northwest Mesa Zone","","","","","","","","","","","Stanchion","","","",,"","",,,"","","",""
"271 SYS","N","DIST_SYS","","SYS",".",,"","","Otay WD connection","stanchion no longer exists","","","","","","","","","","","","","","",,"","",,06/09/2000,"","","",""
"252 SYS","N","DIST_SYS","","SYS",".",,"594","","5897 Desert View Dr (across Street)","594 La Jolla Pacifica Zone","","","","","","","","","","","Sample Box","","","",,"","",,,"","","",""
"156 SYS","N","DIST_SYS","","SYS",".",,"","","49th & Adams","","","","","","","","","","","","","","","",,"","",,,"","","",""
"120 SYS","N","REC_STA","","SYS",".",,"","","Otay County Park","Park no longer exists","","","","","","","","","","","Lower Otay Res","","","",,"","",,11/25/1992,"","","",""
"63 SYS","N","DIST_SYS","","SYS",".",,"","","Red Rock Dr & Waldgrove Pl","850 Scripps Valley Zone","","","","","","","","","","","Stanchion","","","",,"","",,,"","","",""
"222 SYS","N","DIST_SYS","","SYS",".",,"","","10920 Roselle St","330 Torrey Pines Zone","","","","","","","","","","","Stanchion","","","",,"","",,,"","","",""
"310 SYS ","N","DIST_SYS","","SYS",".",,"","","4535 Town Center Ct.","Town Center Drive","","","","","","","","","","","","","","",,"","",12/21/2004,,"","","",""
"390 SYS","N","LAB_SAMPLE","","LAB",".",,"","","Special sample ","Blind QC sample","","","","","","","","","","","","","","",,"","",12/19/2002,,"","","",""
"89 SYS","N","PLANTS","","PLANTS","Alvarado Plant",,"","","Alvarado Clearwells Outlet (base of dam) ","Alvarado Clearwell base of dam (dist sys entrance) - Sample point taken out of service in Dec 2004","","","","","","","","","","","","","","",,"","",,,"","","",""
"272 SYS","N","DIST_SYS","","SYS",".",,"","","Otay Mesa Road - after blend with Otay WD water","stanchion no longer exists","","","","","","","","","","","","","","",,"","",,06/09/2000,"","","",""
"12 SYS","N","DIST_SYS","","IMP","Miramar La Jolla",,"725","","Bay View Resv","","","","","","","","","","","","Impound","","","",,"","",,,"","","",""
"337 SYS","N","DIST_SYS","","SYS",".",,"","","8555 Run of the Knolls Drive-belongs to 326 Sys","950 Pressure Zone","","","","","","","","","","","","","","",,"","",04/10/2007,,"","","",""
"49 SYS","N","DIST_SYS","","SYS",".",,"","","LJ Shores & N Torrey Pines","610 North City  Zone","","","","","","","","","","","Stanchion","","","",,"","",,,"","","",""
"92_SYS_STUDY","N","PLANTS","","PLANTS","Otay Plant",,"490","","Otay Treatment Plant Influent - for study","490 S San Diego Resv Zone","","","","","","","","","","","Lower Otay FP","","","",,"","",,,"","","",""
"1_SYS_STUDY","N","PLANTS","MIR FP","PLANTS","Miramar Plant",,"712","","Miramar Treatment Plant Influent - for study","712 Miramar Zone","","","","","","","","","","","Miramar FP","","","",,"","",,,"","","",""
"181 SYS","N","DIST_SYS","","SYS",".",,"","","Westview Pkwy and Galvin Ave","625 Mira Mesa Zone - Replaced  w/ 294 SYS","","","","","","","","","","","Stanchion","","","",,"","",,05/03/2002,"","","",""
"183 SYS","N","DIST_SYS","","SYS",".",,"","","11401 Cypress Wood Dr","","","","","","","","","","","","Hose Bib","","","",,"","",,11/29/2000,"","","",""
"260 SYS","N","DIST_SYS","","SYS",".",,"","","4250 Cartulina Rd","stanchion no longer exists","","","","","","","","","","","Sample Box","","","",,"","",,11/08/2000,"","","",""
"145 SYS","N","DIST_SYS","","SYS",".",,"","","Polk Ave & Fairmount Ave","","","","","","","","","","","","Stanchion_Lib","","","",,"","",,,"","","",""
