,FAC_NAME,site_match,FAC_SEQ_NUM,FAC_TYP_CD,FACTYPDESC,INFRASTRUC,PRESSR_ZN_NM,PRESSR_ZN_QTY,SIZE_NUM,SMPL_TYP_CD,FEED_SRC_NM,MAPNG_STAT_CD,FNCTNL_CD,OWNERSHIP_CD,OWNERSHIP_CD_DESC,STRT_ADDR_TYP_CD,DIV_MAINT_BY_CD,DIV_DESC,INTERCEPTOR_IND,STA_PRIM_NUM,STA_SCNDRY_NUM,ACTL_INST_DT_IND,INST_DT,LOCN_DESC_TXT,OLD_SPLASH1_DWO_ID,OLD_SPLASH1_WORK_ORDR_ID,GPS_SURVEYOR_IND,GPS_X_COORD_NUM,GPS_Y_COORD_NUM,FAC_STAT_CD,MAP_ID,FLD_BK_PAGE_NUM,FLD_BK_GRID_NUM,THOMAS_BROTHERS_CD,STRT_NUM,STRT_PREDIR_CD,STRT_NM,STRT_SFX_CD,STRT_UNIT_NUM,STRT_GATED_COMNTY_IND,NAD83E_NUM,NAD83N_NUM,NAD27E_NUM,NAD27N_NUM,OLD_FAC_SEQ_NUM,SENSITIVE_LAND_IND,GEOMETRY_ORIENTATION,DRAWG_NUM,DRAWG_SHEET_NUM,DRAWG_TYP_CD,DRAWG_TYP_CD_DESC,IAMFLOC,SAPOBJNR
3,170 SYS,NA,539387,SLOC,SAMPLE LOCATION,W,ALVARADO,536,0.5,DP,NA,AS BUILT,Y,SD,CITY OF SAN DIEGO,,WO,WATER OPERATIONS,N,0,0,N,,S VALENCIA PKWY/WESMEAD ST; SAMPLE STANCHION,NA,NA,N,0,0,A,421,K24S,3,1290C5,0,,,,,NA,6309453.202,1833704.016,1748069.029,193260.0157,NA,Y,0,NA,NA,,NA,UW-WS-TRN-SLOC-S112,IF?0100000000000142530
10,C89,NA,5207088,SLOC,SAMPLE LOCATION,W,ALVARADO,536,0.5,,NA,AS BUILT,Y,SD,CITY OF SAN DIEGO,,WO,WATER OPERATIONS,N,0,0,N,,BELOW DAM WEST OF CLEARWELLS,NA,NA,N,0,0,A,412,M16S,1,1250F7,5540,,KIOWA,DR,,NA,6317198.717,1864875.719,1755814.583,224431.7185,NA,N,0,NA,NA,,NA,UW-WS-TRN-SLOC-S172,IF?0100000000000141869
17,273 SYS,NA,5503979,SLOC,SAMPLE LOCATION,W,ARCHER,330,0.5,DP,NA,AS BUILT,Y,SD,CITY OF SAN DIEGO,A,WO,WATER OPERATIONS,N,0,0,N,,DAWES ST & ARCHER ST (SE CORNER),1,NA,N,0,0,A,893,B13S,2,1247H4,5279,,DAWES,ST,,NA,6253192.979,1876557.812,1691808.525,236113.8117,NA,N,178.31,NA,NA,,NA,UW-WS-TRN-SLOC-S258,IF?0100000000000141300
20,204 SYS,NA,5205428,SLOC,SAMPLE LOCATION,W,BAY TERRACE,490,0.5,DP,NA,AS BUILT,Y,SD,CITY OF SAN DIEGO,,WO,WATER OPERATIONS,N,0,0,N,,"LOC PER MARGARET GLASER, 6/30/00",NA,NA,N,0,0,A,189,M26S,1,1310F1,2790,,SYLVY,WY,,NA,6317343.084,1825449.938,1755958.951,185005.9377,NA,N,0,NA,NA,,NA,UW-WS-TRN-SLOC-S165,IF?0100000000000141835
34,228 SYS,NA,517513,SLOC,SAMPLE LOCATION,W,CARMEL VALLEY,330,0.5,DP,NA,AS BUILT,Y,SD,CITY OF SAN DIEGO,,WO,WATER OPERATIONS,N,0,0,N,,3510 VALLEY CENTRE DR  SAMPLE STANCHION,NA,NA,N,0,0,A,177,C02S,1,1207J1,3510,,VALLEY CENTRE,DR,,NA,6258362.989,1921397.457,1696978.561,280953.4573,NA,N,0,NA,NA,,NA,UW-WS-TRN-SLOC-S063,IF?0100000000000142132
36,241 SYS,NA,523533,SLOC,SAMPLE LOCATION,W,CARROLL RIDGE,610,0.75,DP,NA,AS BUILT,Y,SD,CITY OF SAN DIEGO,,WO,WATER OPERATIONS,N,0,0,N,,9440 CARROLL PARK DR,1,NA,N,0,0,A,300,F06S,5,1208H7,0,,,,,NA,6278044.997,1903926.411,1716660.667,263482.4108,NA,N,0,NA,NA,,NA,UW-WS-TRN-SLOC-S078,IF?0100000000000141932
41,207 SYS,NA,538257,SLOC,SAMPLE LOCATION,W,COLLEGE CANYON,468,0.5,DP,NA,AS BUILT,Y,SD,CITY OF SAN DIEGO,F,WO,WATER OPERATIONS,N,0,0,N,,5485 ADOBE FALLS RD,1,NA,N,0,0,A,286,K16S,1,1270A1,5485,,ADOBE FALLS,RD,,NA,6306275.499,1865078.999,1744891.31,224634.9993,NA,N,-141.55,NA,NA,,NA,UW-WS-TRN-SLOC-S110,IF?0100000000000142584
42,330 SYS,NA,5558872,SLOC,SAMPLE LOCATION,W,CORNISH HILL,360,0.5,,NA,AS BUILT,Y,SD,CITY OF SAN DIEGO,,,,N,0,0,N,,775 CORNISH DR,NA,NA,N,0,0,A,1103,B21S,5,1287H2,0,,,,,NA,6252956.001,1843522.001,1691571.545,203078.0013,NA,N,-25.61,NA,NA,,NA,UW-WS-TRN-SLOC-S314,IF?0100000000000140724
44,208 SYS,NA,5204610,SLOC,SAMPLE LOCATION,W,DEL CERRO,656,0.5,DP,NA,AS BUILT,Y,SD,CITY OF SAN DIEGO,,WO,WATER OPERATIONS,N,0,0,N,,6002 CAMINO RICO SAMPLE STANCHION,NA,1,N,0,0,A,534,L15S,1,1250C6,6002,,CAM RICO,,,NA,6310636.49,1869398.494,1749252.323,228954.4941,NA,N,-57.84,NA,NA,,NA,UW-WS-TRN-SLOC-S155,IF?0100000000000141715
50,247 SYS,NA,523534,SLOC,SAMPLE LOCATION,W,EL CAMINO,470,0.75,DP,NA,AS BUILT,Y,SD,CITY OF SAN DIEGO,,WO,WATER OPERATIONS,N,0,0,N,,SAMPLE STANCHION,1,NA,N,0,0,A,301,F06S,6,1208H7,8985,,REHCO,RD,,NA,6278652.956,1903970.843,1717268.629,263526.8432,NA,N,81.06,NA,NA,,NA,UW-WS-TRN-SLOC-S079,IF?0100000000000142097
52,248 SYS,NA,518534,SLOC,SAMPLE LOCATION,W,FLORAL TERRACE,295,0.75,DP,NA,AS BUILT,Y,SD,CITY OF SAN DIEGO,,WO,WATER OPERATIONS,N,0,0,N,,2360 BERYL ST,NA,NA,N,0,0,A,460,C13S,6,1248B4,2360,,BERYL,ST,,NA,6260966.499,1875554.501,1699582.084,235110.5013,NA,N,-8.61,NA,NA,,NA,UW-WS-TRN-SLOC-S069,IF?0100000000000141879
54,249 SYS,NA,524525,SLOC,SAMPLE LOCATION,W,GLIDDEN,320,0.75,DP,NA,AS BUILT,Y,SD,CITY OF SAN DIEGO,,WO,WATER OPERATIONS,N,0,0,N,,6309 GLIDDEN ST; SAMPLE STANCHION,1,NA,N,0,0,A,572,F16S,4,1268H2,6471,,GLIDDEN,ST,,NA,6275663.222,1863277.969,1714278.88,222833.9692,NA,N,-176.19,NA,NA,,NA,UW-WS-TRN-SLOC-S081,IF?0100000000000141997
56,266 SYS,NA,536213,SLOC,SAMPLE LOCATION,W,GOLF COURSE,1130,0.75,DP,NA,AS BUILT,Y,SD,CITY OF SAN DIEGO,,WO,WATER OPERATIONS,N,0,0,N,,SHOAL CREEK DR; PUMP STATION/HOSE BIB,NA,NA,N,0,0,A,370,K02N,2,1190A3,0,,,,,NA,6306784.213,1932785.377,1745400.027,292341.3773,NA,N,0,NA,NA,,NA,UW-WS-TRN-SLOC-S105,IF?0100000000000142594
57,290 SYS,NA,5504023,SLOC,SAMPLE LOCATION,W,GOLF COURSE,1130,0.5,DP,NA,AS BUILT,Y,SD,CITY OF SAN DIEGO,,WO,WATER OPERATIONS,N,0,0,N,,14254 BREEZEWAY PL (METER BOX),1,NA,N,0,0,A,1198,K03N,5,1190A2,10940,,SCRIPPS RANCH,BL,,NA,6307840.597,1935986.732,1746456.416,295542.7323,NA,N,0,NA,NA,,NA,UW-WS-TRN-SLOC-S266,IF?0100000000000140953
61,M260,NA,534669,SLOC,SAMPLE LOCATION,W,KEARNY MESA,600,0.75,,NA,AS BUILT,Y,SD,CITY OF SAN DIEGO,,WO,WATER OPERATIONS,N,0,0,N,,SAMPLE BOX,NA,NA,N,0,0,A,618,J12S,6,1249J2,4250,,CARTULINA,RD,,NA,6303903.609,1879744.724,1742519.408,239300.7244,NA,N,0,NA,NA,,NA,UW-WS-TRN-SLOC-S100,IF?0100000000000142394
65,178 SYS,NA,515117,SLOC,SAMPLE LOCATION,W,LA JOLLA HERMOSA,370,0.5,DP,NA,AS BUILT,Y,SD,CITY OF SAN DIEGO,,WO,WATER OPERATIONS,N,0,0,N,,1025 W. MUIRLANDS DR.   SAMPLE STANCHION,NA,NA,N,0,0,A,544,A11S,2,1247F1,1025,,WEST MUIRLANDS,DR,,NA,6248105.266,1884848.31,1686720.786,244404.3104,NA,N,0,NA,NA,,NA,UW-WS-TRN-SLOC-S046,IF?0100000000000141800
68,252 SYS,NA,518309,SLOC,SAMPLE LOCATION,W,LA JOLLA PACIFICA,594,0.75,DP,NA,AS BUILT,Y,SD,CITY OF SAN DIEGO,,WO,WATER OPERATIONS,N,0,0,N,,5897 DESERT VIEW DR (ACROSS STREET),NA,NA,N,0,0,A,347,C11S,5,1248A2,5910,,DESERT VIEW,DR,,NA,6258561.001,1882504.249,1697176.573,242060.2487,NA,N,0,NA,NA,,NA,UW-WS-TRN-SLOC-S067,IF?0100000000000142053
72,C14,NA,5207494,SLOC,SAMPLE LOCATION,W,LA JOLLA SOLEDAD W,925,0.5,DR,NA,AS BUILT,Y,SD,CITY OF SAN DIEGO,,WO,WATER OPERATIONS,N,0,0,N,,"6600 BLK LA JOLLA SCENIC DR S/SE OF RESV, SPIGOT ATTACHED TO RAILING",NA,NA,N,0,0,A,538,B11S,3,1227J7,0,,,,,NA,6254955.892,1886104.347,1693571.447,245660.3471,NA,N,0,NA,NA,,NA,UW-WS-TRN-SLOC-S186,IF?0100000000000141559
74,280 SYS,NA,5212289,SLOC,SAMPLE LOCATION,W,LA MIRAGE,500,0.5,DP,NA,AS BUILT,Y,SD,CITY OF SAN DIEGO,A,WO,WATER OPERATIONS,N,0,0,N,,6542 REFLECTION DR,1,NA,N,0,0,A,541,I15S,3,1249G6,6542,,REFLECTION,DR,,NA,6297998.894,1869346.444,1736614.664,228902.4436,NA,N,89.38,NA,NA,,NA,UW-WS-TRN-SLOC-S206,IF?0100000000000141408
78,221 SYS,NA,521589,SLOC,SAMPLE LOCATION,W,LUSK PARK,470,0.5,DP,NA,AS BUILT,Y,SD,CITY OF SAN DIEGO,F,WO,WATER OPERATIONS,N,0,0,N,,54551/2 OBERLIN DR SAMPLE STANCHION,1,NA,N,0,0,A,257,E06S,1,1.21E+10,5455,,OBERLIN,DR,,NA,6270168.658,1905426.414,1708784.289,264982.414,NA,N,179.88,NA,NA,,NA,UW-WS-TRN-SLOC-S074,IF?0100000000000142084
79,276 SYS,NA,5212264,SLOC,SAMPLE LOCATION,W,LUSK PARK,470,0.5,DP,NA,AS BUILT,Y,SD,CITY OF SAN DIEGO,,WO,WATER OPERATIONS,N,0,0,N,,MOORLAND HTS/WILD BLOSSOM TR,1,NA,N,0,0,A,352,E04S,1,1.21E+07,0,,,,,NA,6269975.459,1912499.908,1708591.089,272055.9081,NA,N,0,NA,NA,,NA,UW-WS-TRN-SLOC-S199,IF?0100000000000141486
81,276A SYS,NA,5586105,SLOC,SAMPLE LOCATION,W,LUSK PARK,470,0.5,DP,NA,AS BUILT,Y,SD,CITY OF SAN DIEGO,A,WO,WATER OPERATIONS,N,0,0,N,,5285 SETTING SUN WY,1,NA,N,0,0,A,435,E04S,4,1.21E+07,5285,,SETTING SUN,WY,,NA,6270005.928,1912118.406,1708621.559,271674.4055,NA,N,-151.85,NA,NA,,NA,UW-WS-TRN-SLOC-S331,IF?0100000000000140570
86,,NA,5608615,SLOC,SAMPLE LOCATION,W,MIRA MESA,625,0,DP,NA,AS BUILT,Y,SD,CITY OF SAN DIEGO,,WO,WATER OPERATIONS,N,0,0,N,,,NA,NA,N,0,0,A,1040,I02S,4,1.21E+04,0,,,,,NA,6293972.648,1919510.016,1732588.398,279066.0164,NA,N,0,NA,NA,,NA,UW-WS-TRN-SLOC-S340,IF?0100000000000141548
89,181 SYS,NA,531524,SLOC,SAMPLE LOCATION,W,MIRAMAR,712,0.5,DP,NA,AS BUILT,Y,SD,CITY OF SAN DIEGO,,WO,WATER OPERATIONS,N,0,0,N,,WESTVIEW PKWY/GALVIN AV; SAMPLE STANCHION,NA,NA,N,0,0,A,561,I03S,5,1.21E+05,0,,,,,NA,6294782.379,1915920.528,1733398.133,275476.5282,NA,N,148.43,NA,NA,,NA,UW-WS-TRN-SLOC-S092,IF?0100000000000142322
90,263 SYS,NA,531525,SLOC,SAMPLE LOCATION,W,MIRAMAR,712,0.75,DP,NA,AS BUILT,Y,SD,CITY OF SAN DIEGO,,WO,WATER OPERATIONS,N,0,0,N,,SAMPLE BOX,NA,NA,N,0,0,A,562,I03S,6,1209F3,10940,,SCRIPPS RANCH,BL,,NA,6297071.447,1914934.485,1735687.212,274490.4849,NA,N,0.1,NA,NA,,NA,UW-WS-TRN-SLOC-S093,IF?0100000000000142365
91,232 SYS,NA,533534,SLOC,SAMPLE LOCATION,W,MIRAMAR,712,0.5,DP,NA,AS BUILT,Y,SD,CITY OF SAN DIEGO,,WO,WATER OPERATIONS,N,0,0,N,,MORNING CRK DR/OLD SYCAMORE DR; SAMPLE STANCHION,NA,NA,N,0,0,A,324,J01N,6,1189H5,0,,,,,NA,6302553.169,1927863.757,1741168.962,287419.7566,NA,N,0,NA,NA,,NA,UW-WS-TRN-SLOC-S097,IF?0100000000000142297
93,6 SYS,NA,5207091,SLOC,SAMPLE LOCATION,W,MIRAMAR,712,0.5,DR,NA,AS BUILT,Y,SD,CITY OF SAN DIEGO,,WO,WATER OPERATIONS,N,0,0,N,,NORTH SIDE OF DISTRIBUTION RESERVOIR #1,NA,NA,N,0,0,A,814,J04S,2,1209H3,10710,,SCRIPPS LAKE,DR,,NA,6301015.292,1913030.03,1739631.077,272586.0295,NA,N,89.37,NA,NA,,NA,UW-WS-TRN-SLOC-S174,IF?0100000000000142011
94,INFLUENT WATER SAMPLE / 1 SYS,NA,5207895,SLOC,SAMPLE LOCATION,W,MIRAMAR,712,0.5,,NA,AS BUILT,Y,SD,CITY OF SAN DIEGO,,22,MIRMR PLNT/RESERVOIRS,N,0,0,N,,MIRAMAR INFLUENT AT FILTRATION PLANT,NA,1,N,0,0,A,815,J04S,2,1209H4,0,,,,,NA,6301475.427,1912731.122,1740091.214,272287.122,NA,N,0,NA,NA,,NA,UW-WS-TRN-SLOC-S191,IF?0100000000000141665
95,ENFLUENT WATER SAMPLE / 3 SYS,NA,5207896,SLOC,SAMPLE LOCATION,W,MIRAMAR,712,0.5,,NA,AS BUILT,Y,SD,CITY OF SAN DIEGO,,22,MIRMR PLNT/RESERVOIRS,N,0,0,N,,MIRAMAR EFFLUENT AT FILTRATION PLANT,NA,1,N,0,0,A,816,J04S,2,1209H4,0,,,,,NA,6301474.954,1912686.358,1740090.741,272242.3583,NA,Y,0,NA,NA,,NA,UW-WS-TRN-SLOC-S192,IF?0100000000000141720
96,FILTERED WATER SAMPLE / N7,NA,5207897,SLOC,SAMPLE LOCATION,W,MIRAMAR,712,0.5,,NA,AS BUILT,Y,SD,CITY OF SAN DIEGO,,22,MIRMR PLNT/RESERVOIRS,N,0,0,N,,MIRAMAR SETTLED WATER AT FILTRATION PLANT,NA,NA,N,0,0,A,817,J04S,2,1209H4,0,,,,,NA,6301474.432,1912634.974,1740090.22,272190.9738,NA,Y,0,NA,NA,,NA,UW-WS-TRN-SLOC-S193,IF?0100000000000141771
99,295,NA,5504025,SLOC,SAMPLE LOCATION,W,MIRAMAR,712,0.5,DP,NA,AS BUILT,Y,SD,CITY OF SAN DIEGO,,WO,WATER OPERATIONS,N,0,0,N,,11305 AFFINITY CT,NA,NA,N,0,0,A,1218,I03S,3,1209F2,10940,,SCRIPPS RANCH,BL,,NA,6297009.56,1916744.173,1735625.325,276300.1732,NA,N,0,NA,NA,,NA,UW-WS-TRN-SLOC-S268,IF?0100000000000141079
108,C9,NA,5207116,SLOC,SAMPLE LOCATION,W,NORTH CITY,610,0.5,DR,NA,AS BUILT,Y,SD,CITY OF SAN DIEGO,,WO,WATER OPERATIONS,N,0,0,N,,AL BAHR DR & SOLEDAD AV WEST OF DISTRIBUTION RESERVOIR,NA,NA,N,0,0,A,703,A10S,3,1227F6,0,,,,,NA,6249445.787,1888510.335,1688061.315,248066.3346,NA,N,0,NA,NA,,NA,UW-WS-TRN-SLOC-S178,IF?0100000000000141911
120,202 SYS,NA,544630,SLOC,SAMPLE LOCATION,W,OTAY MESA,590,0.5,DP,NA,AS BUILT,Y,SD,CITY OF SAN DIEGO,,WO,WATER OPERATIONS,N,0,0,N,,5400 BLK OTAY VALLEY RD PUMP STATION/PETCOCK,NA,NA,N,0,0,A,140,O34S,1,1331C6,0,,,,,NA,6330273.596,1793398.543,1768889.527,152954.5433,NA,Y,0,NA,NA,,NA,UW-WS-TRN-SLOC-S133,IF?0100000000000143351
122,319 SYS,NA,5529673,SLOC,SAMPLE LOCATION,W,OTAY MESA,680,0.5,DP,NA,AS BUILT,Y,SD,CITY OF SAN DIEGO,,WO,WATER OPERATIONS,N,0,0,N,,OTAY TREATMENT PLANT EFFLUENT ENTRY - DISTR SYSTEM,NA,1,N,0,0,A,519,R32S,3,1332A3,0,,,,,NA,6351497.096,1801034.403,1790113.134,160590.4029,NA,Y,0,NA,NA,,NA,UW-WS-TRN-SLOC-S298,IF?0100000000000140801
124,PACIFIC BEACH PIPELINE,NA,5204616,SLOC,SAMPLE LOCATION,W,PACIFIC BEACH,307,0.5,DP,NA,AS BUILT,Y,SD,CITY OF SAN DIEGO,,WO,WATER OPERATIONS,N,0,0,N,,INGRAHAM ST & VACATION RD,NA,NA,N,0,0,A,99,C16S,5,1268A2,0,,,,,NA,6258804.501,1862726.624,1697420.075,222282.624,NA,N,0,NA,NA,,NA,UW-WS-TRN-SLOC-S156,IF?0100000000000141845
125,PACIFIC BEACH PIPELINE,NA,5529675,SLOC,SAMPLE LOCATION,W,PACIFIC BEACH,307,0.5,DP,NA,AS BUILT,Y,SD,CITY OF SAN DIEGO,,WO,WATER OPERATIONS,N,0,0,N,,HAINES ST @ FELSPAR ST,NA,NA,N,0,0,A,661,C14S,1,1247J5,0,,,,,NA,6256541.588,1872519.196,1695157.151,232075.1962,NA,N,0,NA,NA,,NA,UW-WS-TRN-SLOC-S300,IF?0100000000000140589
128,203 SYS,NA,5205427,SLOC,SAMPLE LOCATION,W,PARADISE HILLS #1,472,0.5,DP,NA,AS BUILT,Y,SD,CITY OF SAN DIEGO,,WO,WATER OPERATIONS,N,0,0,N,,RIDGEWOOD DR & PINE BLUFF LN IN FRONT OF SCHOOL PER M. GLASER 6/14/00,NA,NA,N,0,0,A,534,L24S,5,1290D7,0,,,,,NA,6312504.629,1830606.929,1751120.472,190162.9291,NA,Y,8.11,NA,NA,,NA,UW-WS-TRN-SLOC-S164,IF?0100000000000141760
135,234 SYS,NA,533701,SLOC,SAMPLE LOCATION,W,PENASQUITOS,920,0.5,,NA,AS BUILT,Y,SD,CITY OF SAN DIEGO,,WO,WATER OPERATIONS,N,0,0,N,,CUCA ST,NA,NA,N,0,0,A,257,J02N,2,1189H2,14125,,CUCA,ST,,NA,6301896.499,1934117.874,1740512.289,293673.874,NA,N,0,NA,NA,,NA,UW-WS-TRN-SLOC-S098,IF?0100000000000142531
138,277 SYS,NA,5212265,SLOC,SAMPLE LOCATION,W,PENASQUITOS PARK VW,470,0.5,DP,NA,AS BUILT,Y,SD,CITY OF SAN DIEGO,,WO,WATER OPERATIONS,N,0,0,N,,PARK VILLAGE RD/CAM RUIZ AT SCHOOL (STANTION),NA,NA,N,0,0,A,356,G01S,6,1189B7,0,,,,,NA,6285468.783,1923219.59,1724084.49,282775.5899,NA,N,0,NA,NA,,NA,UW-WS-TRN-SLOC-S200,IF?0100000000000141607
143,S15,NA,5207120,SLOC,SAMPLE LOCATION,W,POINT LOMA,260,0.5,DR,NA,AS BUILT,Y,SD,CITY OF SAN DIEGO,,WO,WATER OPERATIONS,N,0,0,N,,1000 BLK CATALINA BL,NA,NA,N,0,0,A,702,B21S,3,1288A2,0,,,,,NA,6256037.93,1845176.46,1694653.49,204732.46,NA,N,0,NA,NA,,NA,UW-WS-TRN-SLOC-S181,IF?0100000000000142116
146,N21,NA,5207491,SLOC,SAMPLE LOCATION,W,POMERADO PARK,920,0.5,DR,NA,AS BUILT,Y,SD,CITY OF SAN DIEGO,,WO,WATER OPERATIONS,N,0,0,N,,15900 BLK BIG SPRINGS WY SOUTHWEST OF DISTRIBUTION RESERVOIR ON EAST SIDE OF ACCESS ROAD,NA,NA,N,0,0,A,697,K06N,4,1169J4,0,,,,,NA,6305753.753,1947253.671,1744369.562,306809.6713,NA,N,0,NA,NA,,NA,UW-WS-TRN-SLOC-S183,IF?0100000000000142039
147,,NA,5668270,SLOC,SAMPLE LOCATION,W,POMERADO PARK,920,0,DR,NA,AS BUILT,Y,SD,CITY OF SAN DIEGO,,WO,WATER OPERATIONS,N,0,0,Y,?8?/?28?/?14? ?5?:?00? ?PM,16000 BLK AVNDA VENUSTO NORTH SIDE OF DISTRIBUTION RESERVOIR,NA,NA,N,0,0,A,898,K05N,3,1170A5,0,,,,,NA,6308902.454,1946229.403,1747518.279,305785.4029,NA,N,0,31623,0,D,NA,UW-WS-TRN-SLOC-S346,IF?0100000000000141494
152,S142,NA,5207496,SLOC,SAMPLE LOCATION,W,PRINCIPAL DOWNTOWN,231,0.5,,NA,AS BUILT,Y,SD,CITY OF SAN DIEGO,,WO,WATER OPERATIONS,N,0,0,N,,CROSBY ST/CROSBY RD (10TH AVE PIER) NEXT TO RR TRACKS,NA,NA,N,0,0,A,727,G23S,6,1289C5,0,,,,,NA,6285118.287,1834595.21,1723733.993,194151.21,NA,N,0,NA,NA,,NA,UW-WS-TRN-SLOC-S188,IF?0100000000000141529
153,S143,NA,5207497,SLOC,SAMPLE LOCATION,W,PRINCIPAL DOWNTOWN,231,0.5,,NA,AS BUILT,Y,SD,CITY OF SAN DIEGO,,WO,WATER OPERATIONS,N,0,0,N,,CROSBY ST/CROSBY RD (10TH AVE PIER) NEXT TO WATERFRONT PUBLIC PHONE,NA,NA,N,0,0,A,22,G24S,3,1289C6,0,,,,,NA,6284813.369,1834335.633,1723429.073,193891.6332,NA,N,0,NA,NA,,NA,UW-WS-TRN-SLOC-S189,IF?0100000000000141632
157,180 SYS,NA,537558,SLOC,SAMPLE LOCATION,W,RANCHO BERNARDO,793,0.5,DP,NA,AS BUILT,Y,SD,CITY OF SAN DIEGO,,WO,WATER OPERATIONS,N,0,0,N,,MATINAL RD/POBLADO RD; SAMPLE STANCHION,NA,NA,N,0,0,A,603,K08N,4,1169H1,0,,,,,NA,6304758.166,1955782.297,1743373.97,315338.2966,NA,N,-0.6,NA,NA,,NA,UW-WS-TRN-SLOC-S108,IF?0100000000000142491
158,254 SYS,NA,540186,SLOC,SAMPLE LOCATION,W,RANCHO BERNARDO,793,0.75,DP,NA,AS BUILT,Y,SD,CITY OF SAN DIEGO,,WO,WATER OPERATIONS,N,0,0,N,,PLAZA DOLORES & PLAZA MARIA,1,NA,N,0,0,A,423,L08N,6,1170D1,17387,,PLAZA DOLORES,,,NA,6316006.001,1954829.875,1754621.861,314385.8753,NA,N,47.41,NA,NA,,NA,UW-WS-TRN-SLOC-S116,IF?0100000000000142507
161,292 SYS B1 BOT,NA,6269848,SLOC,SAMPLE LOCATION,W,RANCHO BERNARDO,793,0,DR,NA,AS BUILT,Y,SD,CITY OF SAN DIEGO,,WO,WATER OPERATIONS,N,0,0,N,,BLACK MTN RESV1 BOTTOM LEVEL,NA,NA,N,0,0,A,120,H04N,6,1189D1,0,,,,,NA,6292403.353,1939529.695,1731019.095,299085.6949,NA,Y,0,NA,NA,,NA,UW-WS-TRN-SLOC-S217,IF?0100000000000141660
162,292 SYS_B1 MID,NA,6269849,SLOC,SAMPLE LOCATION,W,RANCHO BERNARDO,793,0,DR,NA,AS BUILT,Y,SD,CITY OF SAN DIEGO,,WO,WATER OPERATIONS,N,0,0,N,,BLACK MTN RESV1 MID LEVEL,NA,NA,N,0,0,A,121,H04N,6,1189D1,0,,,,,NA,6292390.335,1939529.606,1731006.077,299085.6063,NA,Y,0,NA,NA,,NA,UW-WS-TRN-SLOC-S218,IF?0100000000000141725
163,292 SYS B1 TOP,NA,6269958,SLOC,SAMPLE LOCATION,W,RANCHO BERNARDO,793,0,DR,NA,AS BUILT,Y,SD,CITY OF SAN DIEGO,,WO,WATER OPERATIONS,N,0,0,N,,BLACK MTN RESV1 TOP LEVEL,NA,NA,N,0,0,A,122,H04N,6,1189D1,0,,,,,NA,6292376.473,1939529.606,1730992.215,299085.6063,NA,Y,0,NA,NA,,NA,UW-WS-TRN-SLOC-S219,IF?0100000000000141779
164,292 SYS B2 TOP,NA,6269959,SLOC,SAMPLE LOCATION,W,RANCHO BERNARDO,793,0,DR,NA,AS BUILT,Y,SD,CITY OF SAN DIEGO,,WO,WATER OPERATIONS,N,0,0,N,,BLACK MTN RESV2 TOP LEVEL,NA,NA,N,0,0,A,123,H04N,6,1189D1,0,,,,,NA,6292376.385,1939519.108,1730992.126,299075.1076,NA,Y,0,NA,NA,,NA,UW-WS-TRN-SLOC-S220,IF?0100000000000141482
165,292 SYS_B2 MID,NA,6269960,SLOC,SAMPLE LOCATION,W,RANCHO BERNARDO,793,0,DR,NA,AS BUILT,Y,SD,CITY OF SAN DIEGO,,WO,WATER OPERATIONS,N,0,0,N,,BLACK MTN RESV2 MID LEVEL,NA,NA,N,0,0,A,124,H04N,6,1189D1,0,,,,,NA,6292390.335,1939518.698,1731006.077,299074.6975,NA,Y,0,NA,NA,,NA,UW-WS-TRN-SLOC-S221,IF?0100000000000141602
166,292 SYS B2 BOT,NA,6269961,SLOC,SAMPLE LOCATION,W,RANCHO BERNARDO,793,0,DR,NA,AS BUILT,Y,SD,CITY OF SAN DIEGO,,WO,WATER OPERATIONS,N,0,0,N,,BLACK MTN RESV2 BOTTOM LEVEL,NA,NA,N,0,0,A,125,H04N,6,1189D1,0,,,,,NA,6292402.72,1939518.425,1731018.462,299074.4252,NA,Y,0,NA,NA,,NA,UW-WS-TRN-SLOC-S222,IF?0100000000000141659
169,151 SYS,NA,538379,SLOC,SAMPLE LOCATION,W,REDWOOD VILLAGE,645,0.5,DP,NA,AS BUILT,Y,SD,CITY OF SAN DIEGO,,WO,WATER OPERATIONS,N,0,0,N,,MONTEZUMA RD/54TH ST; SAMPLE STANCHION,NA,NA,N,0,0,A,449,K17S,2,1270B2,0,,,,,NA,6306849.695,1861365.282,1745465.509,220921.2822,NA,N,0,NA,NA,,NA,UW-WS-TRN-SLOC-S111,IF?0100000000000142350
171,S108,NA,5065223,SLOC,SAMPLE LOCATION,W,REDWOOD VILLAGE,645,0.5,DR,NA,AS BUILT,Y,SD,CITY OF SAN DIEGO,,WO,WATER OPERATIONS,N,0,0,Y,?9?/?14?/?97? ?5?:?00? ?PM,"HUGHES ST/JODI ST, NORTH OF RESERVOIR",NA,NA,N,0,0,A,598,L19S,1,1270C5,6056,,HUGHES,ST,,NA,6310441.165,1853145.525,1749056.997,212701.5249,NA,Y,53.98,27950,9,D,NA,UW-WS-TRN-SLOC-S043,IF?0100000000000141768
174,297,NA,5504026,SLOC,SAMPLE LOCATION,W,REMINGTON HILLS,543,0.5,DP,NA,AS BUILT,Y,SD,CITY OF SAN DIEGO,,WO,WATER OPERATIONS,N,0,0,N,,1514 CLANTON PL,NA,NA,N,0,0,A,516,M35S,5,1350G2,10940,,SCRIPPS RANCH,BL,,NA,6318612.897,1786631.371,1757228.77,146187.3714,NA,N,0,NA,NA,,NA,UW-WS-TRN-SLOC-S269,IF?0100000000000141175
176,287 SYS,NA,5503984,SLOC,SAMPLE LOCATION,W,RIDGEGATE LA JOLLA,575,0.5,DP,NA,AS BUILT,Y,SD,CITY OF SAN DIEGO,,WO,WATER OPERATIONS,N,0,0,N,,RIDGEGATE ROW & ABBOTSWOODS,1,NA,N,0,0,A,463,C11S,4,1248A1,10940,,SCRIPPS RANCH,BL,,NA,6258196.28,1883448.986,1696811.851,243004.9862,NA,N,-58.91,NA,NA,,NA,UW-WS-TRN-SLOC-S263,IF?0100000000000141344
177,274 SYS,NA,5503980,SLOC,SAMPLE LOCATION,W,RIDGEGATE REDUCED,425,0.5,DP,NA,AS BUILT,Y,SD,CITY OF SAN DIEGO,,WO,WATER OPERATIONS,N,0,0,N,,HILLPOINTE ROW & CARRIAGE DALE ROW,1,NA,N,0,0,A,462,C11S,5,1248A1,10940,,SCRIPPS RANCH,BL,,NA,6259244.747,1883785.194,1697860.324,243341.1936,NA,N,-141.31,NA,NA,,NA,UW-WS-TRN-SLOC-S259,IF?0100000000000141074
179,303 SYS,NA,5504049,SLOC,SAMPLE LOCATION,W,RIVIERA SHORES,440,0.5,DP,NA,AS BUILT,Y,SD,CITY OF SAN DIEGO,F,WO,WATER OPERATIONS,N,0,0,N,,1334 RIVIERA SHORES ST.,1,NA,N,0,0,A,518,M35S,2,1350G1,1334,,RIVIERA SHORES,ST,,NA,6319119.229,1789242.526,1757735.105,148798.5262,NA,Y,-96.06,NA,NA,,NA,UW-WS-TRN-SLOC-S274,IF?0100000000000141177
186,152 SYS,NA,544231,SLOC,SAMPLE LOCATION,W,SAN CARLOS,849,0.5,DP,NA,AS BUILT,Y,SD,CITY OF SAN DIEGO,,WO,WATER OPERATIONS,N,0,0,N,,BISBY LAKE AV/HUDSON DR; PUBLIC SCHOOL/SAMPLE STANCHION,NA,NA,N,0,0,A,586,N14S,3,1250J4,0,,,,,NA,6326661.499,1874035,1765277.413,233591,NA,N,-57.29,NA,NA,,NA,UW-WS-TRN-SLOC-S130,IF?0100000000000143355
187,C110,NA,5207113,SLOC,SAMPLE LOCATION,W,SAN CARLOS,849,0.5,DR,NA,AS BUILT,Y,SD,CITY OF SAN DIEGO,,WO,WATER OPERATIONS,N,0,0,N,,LAKE ASHMERE DR & LAKE ARROWHEAD DR NORTHWEST OF DISTRIBUTION RESERVOIR,NA,NA,N,0,0,A,633,N14S,6,1250J5,0,,,,,NA,6327904.285,1871302.201,1766520.204,230858.2014,NA,N,0,NA,NA,,NA,UW-WS-TRN-SLOC-S176,IF?0100000000000142202
188,111 SYS_MID,NA,5207492,SLOC,SAMPLE LOCATION,W,SAN CARLOS,849,0,DR,NA,AS BUILT,Y,SD,CITY OF SAN DIEGO,,WO,WATER OPERATIONS,N,0,0,N,,7950 WING SPAN DR.,NA,NA,N,0,0,A,368,N13S,4,1250G4,0,,,,,NA,6322727.503,1874790.541,1761343.397,234346.5413,NA,Y,0,NA,NA,,NA,UW-WS-TRN-SLOC-S184,IF?0100000000000141797
190,C112,NA,5207114,SLOC,SAMPLE LOCATION,W,SAN CARLOS ESTATES,930,0.5,DR,NA,AS BUILT,Y,SD,CITY OF SAN DIEGO,,WO,WATER OPERATIONS,N,0,0,N,,ROCKHURST DR & ROCKHURST CT WEST OF DISTRIBUTION RESERVOIR,NA,NA,N,0,0,A,535,L15S,5,1250D7,0,,,,,NA,6312762.989,1866963.445,1751378.833,226519.4449,NA,N,0,NA,NA,,NA,UW-WS-TRN-SLOC-S177,IF?0100000000000141844
195,291SYS,NA,5504050,SLOC,SAMPLE LOCATION,W,SCRIPPS MESA VISTA,892,0.5,DP,NA,AS BUILT,Y,SD,CITY OF SAN DIEGO,A,WO,WATER OPERATIONS,N,0,0,N,,10815 SCRIPPS RANCH BL; NOB HILL CONDOS; N OF POOL,1,NA,N,0,0,A,851,I04S,3,1209F3,10815,,SCRIPPS RANCH,BL,,NA,6297742.884,1914164.738,1736358.653,273720.7375,NA,N,-71.63,NA,NA,,NA,UW-WS-TRN-SLOC-S275,IF?0100000000000141170
197,N183,NA,5205424,SLOC,SAMPLE LOCATION,W,SCRIPPS RANCH,1020,0.5,,NA,AS BUILT,Y,SD,CITY OF SAN DIEGO,,WO,WATER OPERATIONS,N,0,0,N,,,NA,NA,N,0,0,A,486,L03S,2,1210C1,11401,,CYPRESS WOODS,DR,,NA,6312518.412,1917931.89,1751134.255,277487.8898,NA,N,0,NA,NA,,NA,UW-WS-TRN-SLOC-S161,IF?0100000000000141789
199,318 SYS,NA,5525500,SLOC,SAMPLE LOCATION,W,SCRIPPS RANCH,1020,0,DP,NA,OPERATIONAL,Y,SD,CITY OF SAN DIEGO,,,,N,0,0,N,,11807 TRAIL CREST DR,1,NA,N,0,0,A,1056,J02S,4,1209G1,0,,,,,NA,6299507.224,1919995.082,1738123.002,279551.082,NA,Y,-19.07,NA,NA,,NA,UW-WS-TRN-SLOC-S292,IF?0100000000000140781
203,63 SYS,NA,534224,SLOC,SAMPLE LOCATION,W,SCRIPPS VALLEY,850,0.5,DP,NA,AS BUILT,Y,SD,CITY OF SAN DIEGO,,WO,WATER OPERATIONS,N,0,0,N,,RED ROCK DR/WALDGROVE PL; SAMPLE STANCHION,NA,NA,N,0,0,A,281,J05S,2,1209H5,0,,,,,NA,6301546.909,1909665.984,1740162.697,269221.9843,NA,N,0,NA,NA,,NA,UW-WS-TRN-SLOC-S099,IF?0100000000000142288
205,220 SYS,NA,515715,SLOC,SAMPLE LOCATION,W,SO LA JOLLA CLIFFS,447,0.5,DP,NA,AS BUILT,Y,SD,CITY OF SAN DIEGO,,WO,WATER OPERATIONS,N,0,0,N,,DOWNWIND WAY/EXPEDITION WAY; SAMPLE STANCHION,NA,NA,N,0,0,A,201,B08S,3,1227H3,0,,,,,NA,6254674.767,1896627.687,1693290.32,256183.687,NA,N,0,NA,NA,,NA,UW-WS-TRN-SLOC-S053,IF?0100000000000141710
206,314 SYS,NA,5525496,SLOC,SAMPLE LOCATION,W,SO LA JOLLA CLIFFS,447,0,DP,NA,OPERATIONAL,Y,SD,CITY OF SAN DIEGO,,,,N,0,0,N,,8555 RUETTE MONTE CARLO,1,NA,N,0,0,A,303,B08S,6,1227H4,0,,,,,NA,6254602.503,1894902.602,1693218.056,254458.6017,NA,N,0,NA,NA,,NA,UW-WS-TRN-SLOC-S288,IF?0100000000000140865
209,S119,NA,5207498,SLOC,SAMPLE LOCATION,W,SO SAN DIEGO RESV,490,0.5,,NA,AS BUILT,Y,SD,CITY OF SAN DIEGO,,WO,WATER OPERATIONS,N,0,0,N,,LOWER OTAY RESV RECREATION STATION HOSE BIB UNDER WATER FOUNTAIN AT SNACK BAR OUTSIDE BATHROOM,NA,NA,N,0,0,A,1,R31S,3,1332A2,0,,,,,NA,6351207.178,1804481.142,1789823.215,164037.1417,NA,Y,0,NA,NA,,NA,UW-WS-TRN-SLOC-S190,IF?0100000000000141641
212,93 SYS,NA,5207902,SLOC,SAMPLE LOCATION,W,SO SAN DIEGO RESV,490,0.5,,NA,AS BUILT,Y,SD,CITY OF SAN DIEGO,,23,OTAY PLANT/RESERVOIRS -23,N,0,0,N,,CWA EFFLUENT AT FILTRATION PLANT,NA,NA,N,0,0,A,447,R32S,3,1332A3,0,,,,,NA,6351463.461,1801559.216,1790079.499,161115.2159,NA,Y,0,NA,NA,,NA,UW-WS-TRN-SLOC-S198,IF?0100000000000141882
216,217 SYS,NA,516093,SLOC,SAMPLE LOCATION,W,SOLEDAD MUIRLANDS,725,0.5,DP,NA,AS BUILT,Y,SD,CITY OF SAN DIEGO,,WO,WATER OPERATIONS,N,0,0,N,,6550 SOLEDAD MOUNTAIN RD SAMPLE STANCHION,NA,NA,N,0,0,A,502,B11S,3,1247J1,6550,,SOLEDAD MTN,RD,,NA,6255494.396,1884895.922,1694109.954,244451.9219,NA,N,0,NA,NA,,NA,UW-WS-TRN-SLOC-S057,IF?0100000000000141864
217,C11,NA,5062523,SLOC,SAMPLE LOCATION,W,SOLEDAD MUIRLANDS,725,0.75,DR,NA,AS BUILT,Y,SD,CITY OF SAN DIEGO,,WO,WATER OPERATIONS,N,0,0,Y,?6?/?10?/?85? ?5?:?00? ?PM,"E OF 7247 ENCELIA DR, SOUTH OF RESV AT PUMPSTATION",NA,NA,N,0,0,A,583,B10S,4,1227H7,7247,,ENCELIA,DR,,NA,6252153.015,1887374.813,1690768.556,246930.813,NA,N,0,21043,5,D,NA,UW-WS-TRN-SLOC-S044,IF?0100000000000141906
218,12N SYS_MID,NA,5207092,SLOC,SAMPLE LOCATION,W,SOLEDAD MUIRLANDS,725,0.5,DR,NA,AS BUILT,Y,SD,CITY OF SAN DIEGO,,WO,WATER OPERATIONS,N,0,0,N,,1975 PARKVIEW TERRACE,NA,NA,N,0,0,A,470,C12S,4,1248A3,1975,,PARKVIEW,TR,,NA,6257916.732,1878962.283,1696532.302,238518.2835,NA,N,2.73,NA,NA,,NA,UW-WS-TRN-SLOC-S175,IF?0100000000000142108
220,12S SYS_MID,NA,5486933,SLOC,SAMPLE LOCATION,W,SOLEDAD MUIRLANDS,725,0.5,DR,NA,AS BUILT,Y,SD,CITY OF SAN DIEGO,,WO,WATER OPERATIONS,N,0,0,N,,1975 PARKVIEW TERRACE,NA,NA,N,0,0,A,621,C12S,4,1248A3,1975,,PARKVIEW,TR,,NA,6257945.453,1878846.132,1696561.022,238402.1319,NA,N,4,NA,NA,,NA,UW-WS-TRN-SLOC-S255,IF?0100000000000141129
221,315 SYS,NA,5525497,SLOC,SAMPLE LOCATION,W,SOLEDAD MUIRLANDS,725,0,DP,NA,OPERATIONAL,Y,SD,CITY OF SAN DIEGO,,,,N,0,0,N,,1975 PARKVIEW TERRACE,NA,NA,N,0,0,A,622,C12S,4,1248A3,0,,,,,NA,6257687.976,1879041.647,1696303.544,238597.647,NA,N,0,NA,NA,,NA,UW-WS-TRN-SLOC-S289,IF?0100000000000140574
224,301 SYS,NA,5504029,SLOC,SAMPLE LOCATION,W,STALLIONS CROSSING,263,0.5,DP,NA,AS BUILT,Y,SD,CITY OF SAN DIEGO,A,WO,WATER OPERATIONS,N,0,0,N,,13782 ROSECROFT WY,1,NA,N,0,0,A,509,C02N,2,1187J3,13782,,ROSECROFT,WY,,NA,6258671.864,1934000.883,1697287.437,293556.8825,NA,N,128.4,NA,NA,,NA,UW-WS-TRN-SLOC-S272,IF?0100000000000141037
235,58 SYS,NA,522860,SLOC,SAMPLE LOCATION,W,UNIVERSITY HEIGHTS,390,0.5,DP,NA,AS BUILT,Y,SD,CITY OF SAN DIEGO,,WO,WATER OPERATIONS,N,0,0,N,,GOSHEN ST/LINDA VISTA RD; SAMPLE STANCHION SE CORNER,NA,NA,N,0,0,A,483,E17S,3,1268G2,0,,,,,NA,6273349.18,1861240.331,1711964.827,220796.3314,NA,N,0,NA,NA,,NA,UW-WS-TRN-SLOC-S077,IF?0100000000000142163
239,58A SYS,NA,5504028,SLOC,SAMPLE LOCATION,W,UNIVERSITY HEIGHTS,390,0.5,DP,NA,AS BUILT,Y,SD,CITY OF SAN DIEGO,,WO,WATER OPERATIONS,N,0,0,N,,1391 GERTRUDE ST; SILVER SAMPLE STANCHION,NA,NA,N,0,0,A,482,E16S,4,1.27E+05,0,,,,,NA,6269272.799,1862661.818,1707888.425,222217.8176,NA,N,0,NA,NA,,NA,UW-WS-TRN-SLOC-S271,IF?0100000000000140955
240,172 SYS,NA,5534516,SLOC,SAMPLE LOCATION,W,UNIVERSITY HEIGHTS,390,0.5,DP,NA,AS BUILT,Y,SD,CITY OF SAN DIEGO,,WO,WATER OPERATIONS,N,0,0,N,,200 BLK MARINA PARK WY,NA,NA,N,0,0,A,1039,G23S,1,1289A4,200,,MARINA PARK,WY,,NA,6280742.733,1837639.846,1719358.417,197195.8458,NA,N,0,NA,NA,,NA,UW-WS-TRN-SLOC-S303,IF?0100000000000140818
243,RAW,NA,5062459,SLOC,SAMPLE LOCATION,W,,0,0,,NA,AS BUILT,Y,SD,CITY OF SAN DIEGO,,,,N,0,0,Y,?4?/?30?/?97? ?5?:?00? ?PM,,NA,NA,N,0,0,A,425,R32S,3,1332B3,0,,,,,NA,6351880.518,1801190.636,1790496.558,160746.6365,NA,Y,-0.43,26564,6,D,NA,UW-WS-TRN-SLOC-S001,IF?0100000000000141597
252,308 SYS,NA,5510254,SLOC,SAMPLE LOCATION,W,,0,0,,NA,OPERATIONAL,Y,SD,CITY OF SAN DIEGO,,,,N,0,0,N,,LOC PER J. PASEK 12/21/04,NA,NA,N,0,0,A,998,J04S,4,1209G4,0,,,,,NA,6298648.258,1910993.481,1737264.031,270549.481,NA,N,0,NA,NA,,NA,UW-WS-TRN-SLOC-S277,IF?0100000000000141310
253,310 SYS,NA,5510256,SLOC,SAMPLE LOCATION,W,,0,0,,NA,OPERATIONAL,Y,SD,CITY OF SAN DIEGO,,,,N,0,0,N,,LOC PER J. PASEK 12/21/04,NA,NA,N,0,0,A,375,D06S,5,1228D1,0,,,,,NA,6266335.295,1902696.27,1704950.907,262252.2697,NA,N,0,NA,NA,,NA,UW-WS-TRN-SLOC-S279,IF?0100000000000141054
254,311 SYS,NA,5510257,SLOC,SAMPLE LOCATION,W,,0,0,,NA,OPERATIONAL,Y,SD,CITY OF SAN DIEGO,,,,N,0,0,N,,LOC PER J. PASEK 12/21/04,NA,NA,N,0,0,A,976,E08S,1,1.23E+06,0,,,,,NA,6269432.73,1897381.555,1708048.357,256937.5551,NA,N,0,NA,NA,,NA,UW-WS-TRN-SLOC-S280,IF?0100000000000141111
255,312 SYS,NA,5510258,SLOC,SAMPLE LOCATION,W,,0,0,,NA,OPERATIONAL,Y,SD,CITY OF SAN DIEGO,A,,,N,0,0,N,,LOC PER J. PASEK 12/21/04,NA,NA,N,0,0,A,646,E09S,6,1228F5,6431,,GULLSTRAND,ST,,NA,6272681.604,1891429.281,1711297.248,250985.2815,NA,N,0,NA,NA,,NA,UW-WS-TRN-SLOC-S281,IF?0100000000000141215
256,CWA 10,NA,5534514,SLOC,SAMPLE LOCATION,W,,0,0,DP,NA,AS BUILT,Y,SD,CITY OF SAN DIEGO,,,,N,0,0,N,,AT CWA #10 BLACK MOUNTAIN INTERANGENCY METER SITE,NA,NA,N,0,0,A,514,H04N,6,1189D1,0,,,,,NA,6292117.077,1938655.466,1730732.817,298211.4659,NA,Y,0,NA,NA,,NA,UW-WS-TRN-SLOC-S301,IF?0100000000000140647
257,CWA 14,NA,5534515,SLOC,SAMPLE LOCATION,W,,0,0,DP,NA,AS BUILT,Y,SD,CITY OF SAN DIEGO,,,,N,0,0,N,,AT CWA #14 BERNARDO CENTER INTERANGENCY METER SITE,NA,NA,N,0,0,A,711,K07N,3,1170A2,0,,,,,NA,6308697.644,1952762.487,1747313.468,312318.4869,NA,N,0,NA,NA,,NA,UW-WS-TRN-SLOC-S302,IF?0100000000000140698
258,CWA 11,NA,5534518,SLOC,SAMPLE LOCATION,W,,0,0,DP,NA,AS BUILT,Y,SD,CITY OF SAN DIEGO,,,,N,0,0,N,,AT CWA #11 SHEPARD CANYON INTERANGENCY METER SITE,NA,NA,N,0,0,A,178,K10S,4,1230A6,0,,,,,NA,6305740.935,1887502.956,1744356.744,247058.956,NA,Y,0,NA,NA,,NA,UW-WS-TRN-SLOC-S304,IF?0100000000000140542
260,MIRAMAR ROAD PIPELINE,NA,6271055,SLOC,SAMPLE LOCATION,W,,0,1,,NA,AS BUILT,Y,SD,CITY OF SAN DIEGO,,,,N,245,4,Y,?6?/?9?/?02? ?5?:?00? ?PM,,NA,NA,N,0,0,A,176,I06S,2,1209F6,0,,,,,NA,6295022.251,1906116.68,1733638.006,265672.6798,NA,N,-1.58,30669,39,D,NA,UW-WS-TRN-SLOC-S223,IF?0100000000000141724
261,MIRAMAR ROAD PIPELINE,NA,6271056,SLOC,SAMPLE LOCATION,W,,0,1,,NA,AS BUILT,Y,SD,CITY OF SAN DIEGO,,,,N,227,95,Y,?6?/?9?/?02? ?5?:?00? ?PM,,NA,NA,N,0,0,A,177,I06S,1,1.21E+09,0,,,,,NA,6293403.576,1906070.722,1732019.323,265626.7218,NA,N,179.51,30669,36,D,NA,UW-WS-TRN-SLOC-S224,IF?0100000000000141778
262,MIRAMAR ROAD PIPELINE,NA,6271057,SLOC,SAMPLE LOCATION,W,,0,1,,NA,AS BUILT,Y,SD,CITY OF SAN DIEGO,,WO,WATER OPERATIONS,N,2,52,Y,?6?/?9?/?02? ?5?:?00? ?PM,,NA,NA,N,0,0,A,389,E07S,3,1228F1,0,,,,,NA,6273354.482,1901556.919,1711970.128,261112.9193,NA,N,-1.74,30669,8,D,NA,UW-WS-TRN-SLOC-S225,IF?0100000000000141450
263,MIRAMAR ROAD PIPELINE,NA,6271058,SLOC,SAMPLE LOCATION,W,,0,1,,NA,AS BUILT,Y,SD,CITY OF SAN DIEGO,,,,N,15,85,Y,?6?/?9?/?02? ?5?:?00? ?PM,,NA,NA,N,0,0,A,390,E07S,3,1228G2,0,,,,,NA,6274094.311,1900511.955,1712709.961,260067.9554,NA,Y,-57.52,30669,9,D,NA,UW-WS-TRN-SLOC-S226,IF?0100000000000141540
264,MIRAMAR ROAD PIPELINE,NA,6271059,SLOC,SAMPLE LOCATION,W,,0,1,,NA,OPERATIONAL,Y,SD,CITY OF SAN DIEGO,,,,N,29,93,N,,,NA,NA,N,0,0,A,576,F07S,4,1228G2,0,,,,,NA,6275229.619,1900182.566,1713845.276,259738.5656,NA,Y,9.72,NA,NA,,NA,UW-WS-TRN-SLOC-S227,IF?0100000000000141626
265,MIRAMAR ROAD PIPELINE,NA,6271060,SLOC,SAMPLE LOCATION,W,,0,1,,NA,AS BUILT,Y,SD,CITY OF SAN DIEGO,,,,N,52,49,Y,?6?/?9?/?02? ?5?:?00? ?PM,,NA,NA,N,0,0,A,577,F07S,2,1228H2,0,,,,,NA,6277466.877,1900549.921,1716082.544,260105.9213,NA,N,9.35,30669,14,D,NA,UW-WS-TRN-SLOC-S228,IF?0100000000000141511
266,MIRAMAR ROAD PIPELINE,NA,6271061,SLOC,SAMPLE LOCATION,W,,0,1,,NA,AS BUILT,Y,SD,CITY OF SAN DIEGO,,,,N,74,73,Y,?6?/?9?/?02? ?5?:?00? ?PM,,NA,NA,N,0,0,A,578,F07S,3,1228J1,0,,,,,NA,6279653.944,1900534.948,1718269.622,260090.9475,NA,N,11.42,30669,17,D,NA,UW-WS-TRN-SLOC-S229,IF?0100000000000141581
267,MIRAMAR ROAD PIPELINE,NA,6271062,SLOC,SAMPLE LOCATION,W,,0,1,,NA,AS BUILT,Y,SD,CITY OF SAN DIEGO,,,,N,83,31,Y,?6?/?9?/?02? ?5?:?00? ?PM,,NA,NA,N,0,0,A,248,G07S,1,1228J1,0,,,,,NA,6280495.955,1900698.937,1719111.637,260254.937,NA,N,10.93,30669,18,D,NA,UW-WS-TRN-SLOC-S230,IF?0100000000000141673
268,MIRAMAR ROAD PIPELINE,NA,6271063,SLOC,SAMPLE LOCATION,W,,0,1,,NA,OPERATIONAL,Y,SD,CITY OF SAN DIEGO,,,,N,101,34,N,,,NA,NA,N,0,0,A,249,G07S,1,1229A1,0,,,,,NA,6282234.268,1901071.096,1720849.96,260627.0958,NA,Y,-148.73,NA,NA,,NA,UW-WS-TRN-SLOC-S231,IF?0100000000000141339
269,MIRAMAR ROAD PIPELINE,NA,6271064,SLOC,SAMPLE LOCATION,W,,0,1,,NA,OPERATIONAL,Y,SD,CITY OF SAN DIEGO,,,,N,123,93,N,,,NA,NA,N,0,0,A,250,G07S,2,1229A1,0,,,,,NA,6284124.281,1902329.915,1722739.982,261885.9147,NA,N,-146.43,NA,NA,,NA,UW-WS-TRN-SLOC-S232,IF?0100000000000141462
270,MIRAMAR ROAD PIPELINE,NA,6271065,SLOC,SAMPLE LOCATION,W,,0,1,,NA,AS BUILT,Y,SD,CITY OF SAN DIEGO,,,,N,146,36,Y,?6?/?9?/?02? ?5?:?00? ?PM,,NA,NA,N,0,0,A,874,G06S,6,1209B7,0,,,,,NA,6285973.947,1903577.769,1724589.657,263133.769,NA,N,-145.51,30669,26,D,NA,UW-WS-TRN-SLOC-S233,IF?0100000000000141491
271,MIRAMAR ROAD PIPELINE,NA,6271066,SLOC,SAMPLE LOCATION,W,,0,1,,NA,AS BUILT,Y,SD,CITY OF SAN DIEGO,,,,N,162,45,Y,?6?/?9?/?02? ?5?:?00? ?PM,,NA,NA,N,0,0,A,310,H06S,1,1209C7,0,,,,,NA,6287315.712,1904480.144,1725931.429,264036.1444,NA,N,-146.92,30669,28,D,NA,UW-WS-TRN-SLOC-S234,IF?0100000000000141611
272,MIRAMAR ROAD PIPELINE,NA,6271067,SLOC,SAMPLE LOCATION,W,,0,1,,NA,AS BUILT,Y,SD,CITY OF SAN DIEGO,,,,N,179,73,Y,?6?/?9?/?02? ?5?:?00? ?PM,,NA,NA,N,0,0,A,311,H06S,2,1209C6,0,,,,,NA,6288765.41,1905447.441,1727381.134,265003.4409,NA,N,-143.45,30669,30,D,NA,UW-WS-TRN-SLOC-S235,IF?0100000000000141687
273,MIRAMAR ROAD PIPELINE,NA,6271068,SLOC,SAMPLE LOCATION,W,,0,1,,NA,OPERATIONAL,Y,SD,CITY OF SAN DIEGO,,,,N,203,43,N,,,NA,NA,N,0,0,A,312,H06S,3,1209D6,0,,,,,NA,6290972.835,1906067.372,1729588.57,265623.372,NA,N,-179.77,NA,NA,,NA,UW-WS-TRN-SLOC-S236,IF?0100000000000141516
1,209 SYS,TRUE,534843,SLOC,SAMPLE LOCATION,W,ALLIED GARDENS,355,0.5,DP,NA,AS BUILT,Y,SD,CITY OF SAN DIEGO,,WO,WATER OPERATIONS,N,0,0,N,,4605 VANDEVER AVE; (W. END OR PUBLIC PARK) SAMPLE STANCHION,NA,NA,N,0,0,A,349,J15S,5,1249J7,4605,,VANDEVER,AV,,NA,6301791.001,1867336.877,1740406.79,226892.8766,NA,N,179.54,NA,NA,,NA,UW-WS-TRN-SLOC-S103,IF?0100000000000142318
2,60 SYS,TRUE,527280,SLOC,SAMPLE LOCATION,W,ALVARADO,536,0.5,DP,NA,AS BUILT,Y,SD,CITY OF SAN DIEGO,,WO,WATER OPERATIONS,N,0,0,N,,3902 9TH  AV; FIRE STATION/SAMPLE STANCHION,NA,NA,N,0,0,A,703,G19S,2,1269B5,0,,,,,NA,6282931.47,1853361.837,1721547.164,212917.8373,NA,N,89.93,NA,NA,,NA,UW-WS-TRN-SLOC-S084,IF?0100000000000142256
4,116 SYS,TRUE,5053998,SLOC,SAMPLE LOCATION,W,ALVARADO,536,0.38,DR,NA,AS BUILT,Y,SD,CITY OF SAN DIEGO,,WO,WATER OPERATIONS,N,0,0,Y,?11?/?19?/?96? ?4?:?00? ?PM,4010 IDAHO ST,NA,NA,N,0,0,A,1171,H18S,5,1269D4,0,,,,,NA,6289579.577,1855403.816,1728195.305,214959.8156,NA,N,178.23,26314,5,D,NA,UW-WS-TRN-SLOC-S002,IF?0100000000000141648
5,114 SYS,TRUE,5054000,SLOC,SAMPLE LOCATION,W,ALVARADO,536,0.5,DR,NA,AS BUILT,Y,SD,CITY OF SAN DIEGO,,WO,WATER OPERATIONS,N,0,0,Y,?11?/?19?/?96? ?4?:?00? ?PM,4010 IDAHO ST,NA,NA,N,0,0,A,1172,H18S,5,1269D4,0,,,,,NA,6289580.322,1855613.583,1728196.049,215169.5827,NA,N,179.52,26314,5,D,NA,UW-WS-TRN-SLOC-S003,IF?0100000000000141742
6,144 SYS,TRUE,5529615,SLOC,SAMPLE LOCATION,W,ALVARADO,536,0,,NA,AS BUILT,Y,SD,CITY OF SAN DIEGO,,WO,WATER OPERATIONS,N,0,0,N,,BROOKLINE & DATE,NA,NA,N,0,0,A,617,J21S,6,1289J2,0,,,,,NA,6302846.001,1844044.626,1741461.795,203600.626,NA,N,0,NA,NA,,NA,UW-WS-TRN-SLOC-S294,IF?0100000000000140564
7,82 SYS,TRUE,5207085,SLOC,SAMPLE LOCATION,W,ALVARADO,536,0.5,DR,NA,AS BUILT,Y,SD,CITY OF SAN DIEGO,,WO,WATER OPERATIONS,N,0,0,N,,PUMP STATION CONCRETE VAULT - EAST,NA,NA,N,0,0,A,409,M16S,1,1.25E+10,5540,,KIOWA,DR,,NA,6317071.102,1864804.954,1755686.968,224360.9541,NA,N,-30.43,NA,NA,,NA,UW-WS-TRN-SLOC-S169,IF?0100000000000141638
8,81 SYS,TRUE,5207086,SLOC,SAMPLE LOCATION,W,ALVARADO,536,0.5,DR,NA,AS BUILT,Y,SD,CITY OF SAN DIEGO,,WO,WATER OPERATIONS,N,0,0,N,,PUMP STATION CONCRETE VAULT - WEST,NA,NA,N,0,0,A,410,M16S,1,1.27E+04,5540,,KIOWA,DR,,NA,6316941.355,1864755.295,1755557.22,224311.2953,NA,N,-125.28,NA,NA,,NA,UW-WS-TRN-SLOC-S170,IF?0100000000000141966
9,90 SYS,TRUE,5207087,SLOC,SAMPLE LOCATION,W,ALVARADO,536,0.5,DR,NA,AS BUILT,Y,SD,CITY OF SAN DIEGO,,WO,WATER OPERATIONS,N,0,0,N,,EARL THOMAS RESERVOIR,NA,NA,N,0,0,A,411,M16S,1,1270F1,5540,,KIOWA,DR,,NA,6318384.967,1864675.856,1757000.839,224231.8563,NA,N,0,NA,NA,,NA,UW-WS-TRN-SLOC-S171,IF?0100000000000142115
11,85 SYS,TRUE,5207898,SLOC,SAMPLE LOCATION,W,ALVARADO,536,0.5,,NA,AS BUILT,Y,SD,CITY OF SAN DIEGO,,1,ALVARADO PLANT,N,0,0,N,,AVARADO INFLUENT AT FILTRATION PLANT,NA,1,N,0,0,A,413,M16S,1,1250F7,0,,,,,NA,6317931.345,1864820.735,1756547.215,224376.7349,NA,N,0,NA,NA,,NA,UW-WS-TRN-SLOC-S194,IF?0100000000000141484
12,87 SYS,TRUE,5207899,SLOC,SAMPLE LOCATION,W,ALVARADO,536,0.5,,NA,AS BUILT,Y,SD,CITY OF SAN DIEGO,,1,ALVARADO PLANT,N,0,0,N,,AVARADO EFFLUENT AT FILTRATION PLANT,NA,1,N,0,0,A,414,M16S,1,1250F7,0,,,,,NA,6318033.196,1864821.759,1756649.066,224377.7585,NA,N,0,NA,NA,,NA,UW-WS-TRN-SLOC-S195,IF?0100000000000141605
13,285 SYS,TRUE,5503982,SLOC,SAMPLE LOCATION,W,ALVARADO,536,0.5,DP,NA,AS BUILT,Y,SD,CITY OF SAN DIEGO,,WO,WATER OPERATIONS,N,0,0,N,,JAMACHA RD AND 68TH ST (SE CORNER NEAR PLAYGROUND  OF BOYS CLUB),NA,NA,N,0,0,A,900,L22S,6,1.29E+06,15022,,AVNDA VENUSTO,,,NA,6315216.001,1839205.751,1753831.857,198761.7513,NA,N,88.91,NA,NA,,NA,UW-WS-TRN-SLOC-S261,IF?0100000000000141180
14,148 SYS,TRUE,5529616,SLOC,SAMPLE LOCATION,W,ALVARADO,536,0,,NA,AS BUILT,Y,SD,CITY OF SAN DIEGO,,,,N,0,0,N,,UPAS & RICHMOND,NA,NA,N,0,0,A,1097,G19S,6,1269B6,0,,,,,NA,6284607.756,1850560.151,1723223.459,210116.1509,NA,N,-179.75,NA,NA,,NA,UW-WS-TRN-SLOC-S295,IF?0100000000000140608
15,153 SYS,TRUE,5534519,SLOC,SAMPLE LOCATION,W,ALVARADO,536,0.5,DP,NA,AS BUILT,Y,SD,CITY OF SAN DIEGO,,WO,WATER OPERATIONS,N,0,0,N,,5552 GALA AV,NA,NA,N,0,0,A,597,K14S,6,1250C5,0,,,,,NA,6309742.966,1871847.247,1748358.795,231403.2474,NA,N,45.97,NA,NA,,NA,UW-WS-TRN-SLOC-S305,IF?0100000000000140584
16,334 SYS,TRUE,5565664,SLOC,SAMPLE LOCATION,W,ALVARADO,536,0.5,DP,NA,AS BUILT,Y,SD,CITY OF SAN DIEGO,,WO,WATER OPERATIONS,N,0,0,N,,6070 DIVISION ST,NA,NA,N,0,0,A,535,K24S,3,1290C5,15022,,AVNDA VENUSTO,,,NA,6310056.791,1833525.659,1748672.622,193081.6594,NA,N,17.2,NA,NA,,NA,UW-WS-TRN-SLOC-S321,IF?0100000000000140527
18,239 SYS,TRUE,533042,SLOC,SAMPLE LOCATION,W,ARNOLD HILLS,358,0.75,DP,NA,AS BUILT,Y,SD,CITY OF SAN DIEGO,A,WO,WATER OPERATIONS,N,0,0,N,,1761 PETRA DR,1,NA,N,0,0,A,617,I21S,5,1289F2,1761,,PETRA,DR,,NA,6294630.522,1844404.977,1733246.275,203960.977,NA,N,-42.76,NA,NA,,NA,UW-WS-TRN-SLOC-S096,IF?0100000000000142551
19,278 SYS,TRUE,5212266,SLOC,SAMPLE LOCATION,W,ARROYO SORRENTO,470,0.5,DP,NA,AS BUILT,Y,SD,CITY OF SAN DIEGO,,WO,WATER OPERATIONS,N,0,0,N,,TORREY VIEW CT ACROSS FROM PYXIS,NA,NA,N,0,0,A,431,C03S,5,1208A3,0,,,,,NA,6259824.029,1916275.778,1698439.608,275831.7776,NA,N,87.42,NA,NA,,NA,UW-WS-TRN-SLOC-S201,IF?0100000000000141777
21,204A SYS,TRUE,5529672,SLOC,SAMPLE LOCATION,W,BAY TERRACE,490,0,,NA,AS BUILT,Y,SD,CITY OF SAN DIEGO,,,,N,0,0,N,,2787 ALTA VIEW DR,NA,NA,N,0,0,A,783,M25S,4,1310F1,0,,,,,NA,6317618.747,1826534.108,1756234.615,186090.1076,NA,N,75.04,NA,NA,,NA,UW-WS-TRN-SLOC-S297,IF?0100000000000140745
22,215 SYS,TRUE,518533,SLOC,SAMPLE LOCATION,W,BAYVIEW,463,0.5,DP,NA,AS BUILT,Y,SD,CITY OF SAN DIEGO,,WO,WATER OPERATIONS,N,0,0,N,,ACROSS FROM 5105 SOLEDAD RD.  SAMPLE STANCHION,NA,NA,N,0,0,A,459,C13S,1,1248A4,0,,,,,NA,6257544.501,1876505.627,1696160.069,236061.6266,NA,Y,0,NA,NA,,NA,UW-WS-TRN-SLOC-S068,IF?0100000000000141757
23,313 SYS,TRUE,5525476,SLOC,SAMPLE LOCATION,W,BERNARDO HEIGHTS,1020,0,DP,NA,OPERATIONAL,Y,SD,CITY OF SAN DIEGO,,,,N,0,0,N,,11602 CALLE PARACHO,NA,NA,N,0,0,A,891,K05N,2,1170A5,0,,,,,NA,6307473.314,1944931.191,1746089.131,304487.1909,NA,N,-69,NA,NA,,NA,UW-WS-TRN-SLOC-S286,IF?0100000000000140690
24,67 SYS,TRUE,540068,SLOC,SAMPLE LOCATION,W,BERNARDO OAKS,680,0.5,DP,NA,AS BUILT,Y,SD,CITY OF SAN DIEGO,,WO,WATER OPERATIONS,N,0,0,N,,POMERADO RD/GRANDEE PL; SAMPLE STANCHION,NA,1,N,0,0,A,529,L07N,2,1170C2,0,,,,,NA,6313370.499,1954388.875,1751986.346,313944.8747,NA,N,49.79,NA,NA,,NA,UW-WS-TRN-SLOC-S115,IF?0100000000000142428
25,282 SYS,TRUE,5212287,SLOC,SAMPLE LOCATION,W,BERNARDO OAKS,680,0.5,DP,NA,AS BUILT,Y,SD,CITY OF SAN DIEGO,F,WO,WATER OPERATIONS,N,0,0,N,,18402 W. BERNARDO DR. STANCHION AT COMMUNITY PARK,NA,NA,N,0,0,A,319,K09N,3,1150A6,18402,,WEST BERNARDO,DR,,NA,6309189.167,1961940.364,1747804.993,321496.3642,NA,N,88.5,NA,NA,,NA,UW-WS-TRN-SLOC-S204,IF?0100000000000141646
26,282A SYS,TRUE,5593629,SLOC,SAMPLE LOCATION,W,BERNARDO OAKS,680,0.5,DP,NA,AS BUILT,Y,SD,CITY OF SAN DIEGO,F,WO,WATER OPERATIONS,N,0,0,N,,18169 WEST BERNARDO DR; NEXT TO HYD MAPID 14,NA,NA,N,0,0,A,320,K09N,3,1150A6,18169,,WEST BERNARDO,DR,,NA,6309335.289,1962106.673,1747951.115,321662.6732,NA,N,1.07,NA,NA,,NA,UW-WS-TRN-SLOC-S335,IF?0100000000000140730
27,237 SYS,TRUE,540295,SLOC,SAMPLE LOCATION,W,BERNARDO TRAILS,800,0.5,DP,NA,AS BUILT,Y,SD,CITY OF SAN DIEGO,,WO,WATER OPERATIONS,N,0,0,N,,17910 AVENIDA CORDILLERA,NA,NA,N,0,0,A,484,L09N,6,1150D6,17910,,AVNDA CORDILLERA,,,NA,6315982.001,1960016.25,1754597.861,319572.25,NA,N,0,NA,NA,,NA,UW-WS-TRN-SLOC-S117,IF?0100000000000142219
28,304 SYS,TRUE,5524135,SLOC,SAMPLE LOCATION,W,BLACK MTN RANCH,520,0,DP,NA,OPERATIONAL,Y,SD,CITY OF SAN DIEGO,A,,,N,0,0,N,,14462 GARDEN TRAIL,NA,NA,N,0,0,A,571,G04N,4,1188J1,14462,,GARDEN,TL,,NA,6281500.489,1939342.844,1720116.176,298898.8445,NA,Y,-145.74,NA,NA,,NA,UW-WS-TRN-SLOC-S282,IF?0100000000000141267
29,240 SYS,TRUE,526676,SLOC,SAMPLE LOCATION,W,CABRILLO PALISADES,635,0.75,DP,NA,AS BUILT,Y,SD,CITY OF SAN DIEGO,A,WO,WATER OPERATIONS,N,0,0,N,,3387 KEARNY VILLA LN.,1,NA,N,0,0,A,454,G14S,2,1249B4,3365,,KEARNY VILLA,LN,,NA,6284099.501,1874063.127,1722715.202,233619.1266,NA,N,-130.15,NA,NA,,NA,UW-WS-TRN-SLOC-S083,IF?0100000000000142157
30,279 SYS,TRUE,5212267,SLOC,SAMPLE LOCATION,W,CARMEL COUNTRY,495,0.5,DP,NA,AS BUILT,Y,SD,CITY OF SAN DIEGO,F,WO,WATER OPERATIONS,N,0,0,Y,?3?/?15?/?09? ?5?:?00? ?PM,10885 CLOVERHURST WY,NA,NA,N,0,0,A,291,E02S,4,1.21E+04,10885,,CLOVERHURST,WY,,NA,6269706.004,1920195.075,1708321.632,279751.0755,NA,Y,0,NA,NA,,NA,UW-WS-TRN-SLOC-S202,IF?0100000000000141400
31,233 SYS,TRUE,5205450,SLOC,SAMPLE LOCATION,W,CARMEL MALL,920,2,DP,NA,AS BUILT,Y,SD,CITY OF SAN DIEGO,,WO,WATER OPERATIONS,N,0,0,N,,12119 WORLD TRADE DR,NA,NA,N,0,0,A,996,K04N,6,1190A1,12119,,WORLD TRADE,DR,,NA,6309220.781,1938490.177,1747836.607,298046.1772,NA,N,0,NA,NA,,NA,UW-WS-TRN-SLOC-S167,IF?0100000000000141759
32,236 SYS,TRUE,5205451,SLOC,SAMPLE LOCATION,W,CARMEL MALL,920,0.5,,NA,AS BUILT,Y,SD,CITY OF SAN DIEGO,,WO,WATER OPERATIONS,N,0,0,N,,15022 AVENIDA VENUSTO,NA,NA,N,0,0,A,101,L04N,1,1170B6,15022,,AVNDA VENUSTO,,,NA,6310959.006,1941921.112,1749574.841,301477.1122,NA,N,0,NA,NA,,NA,UW-WS-TRN-SLOC-S168,IF?0100000000000141707
33,229 SYS,TRUE,517389,SLOC,SAMPLE LOCATION,W,CARMEL VALLEY,330,0.5,DP,NA,AS BUILT,Y,SD,CITY OF SAN DIEGO,,WO,WATER OPERATIONS,N,0,0,N,,CARMEL PARK DR/DEL MAR GLEN; PUBLIC SCHOOL/SAMPLE STANCHION,NA,NA,N,0,0,A,523,C01S,6,1188A7,0,,,,,NA,6261239.268,1923567.74,1699854.855,283123.7395,NA,N,-21.11,NA,NA,,NA,UW-WS-TRN-SLOC-S061,IF?0100000000000142194
35,201 SYS,TRUE,542552,SLOC,SAMPLE LOCATION,W,CARMEL VIEW,346,0.5,DP,NA,AS BUILT,Y,SD,CITY OF SAN DIEGO,,WO,WATER OPERATIONS,N,0,0,N,,1880 SMYTHE AVE.; SAMPLE STANCHION INFRONT OF SCHOOL,NA,1,N,0,0,A,462,L36S,3,1350F2,1880,,SMYTHE,AV,,NA,6315284.501,1785854.124,1753900.358,145410.124,NA,N,89.73,NA,NA,,NA,UW-WS-TRN-SLOC-S123,IF?0100000000000142521
37,206 SYS,TRUE,516913,SLOC,SAMPLE LOCATION,W,CATALINA,462,2,DP,NA,AS BUILT,Y,SD,CITY OF SAN DIEGO,,WO,WATER OPERATIONS,N,0,0,N,,1055 CATALINA BLVD @ FIRE STATION SAMPLE STANCHION,NA,NA,N,0,0,A,682,B21S,3,1288A2,1055,,CATALINA,BL,,NA,6255844.501,1845247.375,1694460.061,204803.3753,NA,N,-13.14,NA,NA,,NA,UW-WS-TRN-SLOC-S059,IF?0100000000000141872
38,15A SYS,TRUE,5611126,SLOC,SAMPLE LOCATION,W,CATALINA,462,2,DP,NA,AS BUILT,Y,SD,CITY OF SAN DIEGO,,WO,WATER OPERATIONS,N,0,0,N,,1061 CATALINA BLVD ON OUTLET PIPE; SAMPLE STANCHION,NA,NA,N,0,0,A,1144,B21S,3,1288A2,1055,,CATALINA,BL,,NA,6255850.82,1845298.36,1694466.379,204854.3596,NA,N,-102.58,NA,NA,,NA,UW-WS-TRN-SLOC-S344,IF?0100000000000141694
39,242 SYS,TRUE,544075,SLOC,SAMPLE LOCATION,W,CLIMAX,910,0.75,DP,NA,AS BUILT,Y,SD,CITY OF SAN DIEGO,,WO,WATER OPERATIONS,N,0,0,N,,7260 BARKER WY,NA,NA,N,0,0,A,346,N13S,2,1250J3,8614,,HIGHWOOD,DR,,NA,6325735.499,1876572.749,1764351.407,236128.7493,NA,Y,1.41,NA,NA,,NA,UW-WS-TRN-SLOC-S128,IF?0100000000000143452
40,152A SYS,TRUE,5585817,SLOC,SAMPLE LOCATION,W,CLIMAX,910,0.5,DP,NA,AS BUILT,Y,SD,CITY OF SAN DIEGO,F,WO,WATER OPERATIONS,N,0,0,N,,8571 HIGHWOOD DR,NA,NA,N,0,0,A,453,N13S,6,1250J4,11911,,CARMEL CREEK,RD,,NA,6326987.329,1874871.467,1765603.244,234427.4665,NA,N,-146.25,NA,NA,,NA,UW-WS-TRN-SLOC-S329,IF?0100000000000140753
43,243 SYS,TRUE,544232,SLOC,SAMPLE LOCATION,W,COUNTRY CASUAL,925,0.75,DP,NA,AS BUILT,Y,SD,CITY OF SAN DIEGO,,WO,WATER OPERATIONS,N,0,0,N,,8709 LAKE ATHABASKA WAY,NA,NA,N,0,0,A,587,N14S,6,1251A5,8709,,LAKE ATHABASKA,WY,,NA,6328056.001,1871381.499,1766671.921,230937.4993,NA,N,155.91,NA,NA,,NA,UW-WS-TRN-SLOC-S131,IF?0100000000000143477
45,208A SYS,TRUE,5611779,SLOC,SAMPLE LOCATION,W,DEL CERRO,656,0.38,DP,NA,AS BUILT,Y,SD,CITY OF SAN DIEGO,,WO,WATER OPERATIONS,N,0,0,Y,?3?/?16?/?11? ?5?:?00? ?PM,ACROSS FROM 6228 WENRICH,NA,1,N,0,0,A,485,K15S,6,1250C6,6002,,CAM RICO,,,NA,6310254.747,1867972.021,1748870.579,227528.021,NA,N,6.84,NA,NA,,NA,UW-WS-TRN-SLOC-S345,IF?0100000000000141398
46,244 SYS,TRUE,517512,SLOC,SAMPLE LOCATION,W,DEL MAR HILLS,435,2,DP,NA,AS BUILT,Y,SD,CITY OF SAN DIEGO,,WO,WATER OPERATIONS,N,0,0,N,,13051 PORTOFINO DR; SAMPLE STANCHION,NA,NA,N,0,0,A,176,C02S,1,1207J1,13051,,PORTOFINO,DR,,NA,6256866.499,1921943.251,1695482.064,281499.2513,NA,N,0,NA,NA,,NA,UW-WS-TRN-SLOC-S062,IF?0100000000000141935
47,245 SYS,TRUE,515541,SLOC,SAMPLE LOCATION,W,DEL MAR TERRACE,328,0.75,DP,NA,AS BUILT,Y,SD,CITY OF SAN DIEGO,,WO,WATER OPERATIONS,N,0,0,N,,12935 VIA LATINA,NA,NA,N,0,0,A,284,B02S,3,1207H1,12935,,VIA LATINA,,,NA,6255541.499,1921305.876,1694157.057,280861.876,NA,N,-83.59,NA,NA,,NA,UW-WS-TRN-SLOC-S050,IF?0100000000000141705
48,300 SYS,TRUE,5504027,SLOC,SAMPLE LOCATION,W,DENNERY RD,365,0.5,DP,NA,AS BUILT,Y,SD,CITY OF SAN DIEGO,A,WO,WATER OPERATIONS,N,0,0,N,,5368 TOPSAIL DR,NA,NA,N,0,0,A,242,N33S,5,1331A6,5368,,TOPSAIL,DR,,NA,6325982.664,1794793.33,1764598.574,154349.3301,NA,Y,1.4,NA,NA,,NA,UW-WS-TRN-SLOC-S270,IF?0100000000000141245
49,246 SYS,TRUE,544230,SLOC,SAMPLE LOCATION,W,EAGLE RIDGE,940,0.75,DP,NA,AS BUILT,Y,SD,CITY OF SAN DIEGO,,WO,WATER OPERATIONS,N,0,0,N,,7928 WING SPAN DR,1,NA,N,0,0,A,585,N14S,1,1250G4,7928,,WING SPAN,DR,,NA,6322461.572,1874273.871,1761077.464,233829.8714,NA,Y,0,NA,NA,,NA,UW-WS-TRN-SLOC-S129,IF?0100000000000142356
51,247A SYS,TRUE,5597029,SLOC,SAMPLE LOCATION,W,EL CAMINO,470,0.75,DP,NA,AS BUILT,Y,SD,CITY OF SAN DIEGO,,WO,WATER OPERATIONS,N,0,0,N,,9151 REHCO RD. SAMPLE STANCHION,1,NA,N,0,0,A,788,F06S,3,1208H7,8985,,REHCO,RD,,NA,6278475.187,1904898.297,1717090.859,264454.2972,NA,N,-43.52,NA,NA,,NA,UW-WS-TRN-SLOC-S336,IF?0100000000000141625
53,248A SYS,TRUE,5610457,SLOC,SAMPLE LOCATION,W,FLORAL TERRACE,295,0.75,DP,NA,AS BUILT,Y,SD,CITY OF SAN DIEGO,,WO,WATER OPERATIONS,N,0,0,N,,2399 BERYL ST,NA,NA,N,0,0,A,587,C13S,6,1248B4,2360,,BERYL,ST,,NA,6261179.344,1875358.829,1699794.93,234914.8287,NA,N,-77.88,NA,NA,,NA,UW-WS-TRN-SLOC-S343,IF?0100000000000141643
55,249A SYS,TRUE,5585435,SLOC,SAMPLE LOCATION,W,GLIDDEN,320,0.75,DP,NA,AS BUILT,Y,SD,CITY OF SAN DIEGO,,WO,WATER OPERATIONS,N,0,0,N,,6429 GLIDDEN ST; SAMPLE STANCHION,1,NA,N,0,0,A,850,F16S,4,1268H2,6471,,GLIDDEN,ST,,NA,6276141.778,1863421.765,1714757.439,222977.7651,NA,N,-171.48,NA,NA,,NA,UW-WS-TRN-SLOC-S327,IF?0100000000000140590
58,316 SYS,TRUE,5525498,SLOC,SAMPLE LOCATION,W,GOLF COURSE,1130,0,DP,NA,OPERATIONAL,Y,SD,CITY OF SAN DIEGO,A,,,N,0,0,N,,13705 SHOAL SUMMIT DR,NA,NA,N,0,0,A,575,K02N,5,1190A3,13705,,SHOAL SUMMIT,DR,,NA,6308292.188,1932198.596,1746908.01,291754.5958,NA,Y,0,NA,NA,,NA,UW-WS-TRN-SLOC-S290,IF?0100000000000140630
59,205 SYS,TRUE,544503,SLOC,SAMPLE LOCATION,W,HILLSBOROUGH,550,0.5,DP,NA,AS BUILT,Y,SD,CITY OF SAN DIEGO,F,WO,WATER OPERATIONS,N,0,0,N,,CLOSE TO 1856 MANZANA WAY,NA,NA,N,0,0,A,275,N24S,4,1290H6,1856,,MANZANA,WY,,NA,6323598.297,1830721.45,1762214.195,190277.4501,NA,N,-64.41,NA,NA,,NA,UW-WS-TRN-SLOC-S132,IF?0100000000000143275
60,324 SYS,TRUE,5550619,SLOC,SAMPLE LOCATION,W,IMPERIAL,240,0.75,DP,NA,AS BUILT,Y,SD,CITY OF SAN DIEGO,F,WO,WATER OPERATIONS,N,0,0,N,,,NA,NA,N,0,0,A,742,J23S,1,1289H4,4393,,REDWORKS,DY,,NA,6299329.354,1836532.9,1737945.13,196088.9003,NA,N,-2.35,NA,NA,,NA,UW-WS-TRN-SLOC-S310,IF?0100000000000140624
62,59 SYS,TRUE,534670,SLOC,SAMPLE LOCATION,W,KEARNY MESA,600,0.5,,NA,AS BUILT,Y,SD,CITY OF SAN DIEGO,,WO,WATER OPERATIONS,N,0,0,N,,LA CUENTA DR/TIERRASANTA BL; FIRE STATION/SAMPLE STANCHION,NA,1,N,0,0,A,619,J12S,5,1249H2,0,,,,,NA,6300959.797,1879397.326,1739575.581,238953.3261,NA,N,-138.55,NA,NA,,NA,UW-WS-TRN-SLOC-S101,IF?0100000000000142536
63,78A SYS,TRUE,5483585,SLOC,SAMPLE LOCATION,W,KEARNY MESA,600,0.5,DP,NA,AS BUILT,Y,SD,CITY OF SAN DIEGO,,WO,WATER OPERATIONS,N,0,0,N,,6200 CALLE MARISELDA,NA,1,N,0,0,A,846,J11S,2,1229H7,0,,,,,NA,6301321.381,1884646.102,1739937.168,244202.1024,NA,Y,0,NA,NA,,NA,UW-WS-TRN-SLOC-S242,IF?0100000000000141465
64,250 SYS,TRUE,517982,SLOC,SAMPLE LOCATION,W,LA JOLLA GARDENS,500,0.75,DP,NA,AS BUILT,Y,SD,CITY OF SAN DIEGO,,WO,WATER OPERATIONS,N,0,0,N,,7474 CHARMANT DR; SAMPLE STANCHION,NA,NA,N,0,0,A,635,C08S,6,1228B3,7474,,CHARMANT,DR,,NA,6261392.703,1896106.427,1700008.29,255662.4272,NA,N,-173.45,NA,NA,,NA,UW-WS-TRN-SLOC-S066,IF?0100000000000141860
66,216 SYS,TRUE,515118,SLOC,SAMPLE LOCATION,W,LA JOLLA HERMOSA,370,2,DP,NA,AS BUILT,Y,SD,CITY OF SAN DIEGO,F,WO,WATER OPERATIONS,N,0,0,N,,5790 CHELSE AVE SAMPLE STANCHION,NA,NA,N,0,0,A,569,A12S,5,1247F3,5790,,CHELSEA,AV,,NA,6247493.199,1878706.312,1686108.716,238262.3123,NA,N,0,NA,NA,,NA,UW-WS-TRN-SLOC-S047,IF?0100000000000141958
67,251 SYS,TRUE,515233,SLOC,SAMPLE LOCATION,W,LA JOLLA MESA VISTA,495,0.75,DP,NA,AS BUILT,Y,SD,CITY OF SAN DIEGO,,WO,WATER OPERATIONS,N,0,0,N,,5840 RAVENSWOOD RD,NA,NA,N,0,0,A,379,A12S,6,1247G3,5840,,RAVENSWOOD,RD,,NA,6250243.045,1879096.562,1688858.576,238652.5617,NA,N,89.71,NA,NA,,NA,UW-WS-TRN-SLOC-S048,IF?0100000000000141784
69,252A SYS,TRUE,5609101,SLOC,SAMPLE LOCATION,W,LA JOLLA PACIFICA,594,0.75,DP,NA,AS BUILT,Y,SD,CITY OF SAN DIEGO,,WO,WATER OPERATIONS,N,0,0,N,,PACIFICA AND SOLEDAD MOUNTAIN,NA,NA,N,0,0,A,632,C12S,5,1248A3,5910,,DESERT VIEW,DR,,NA,6259534.59,1879734.557,1698150.168,239290.5571,NA,N,168.78,NA,NA,,NA,UW-WS-TRN-SLOC-S342,IF?0100000000000141550
70,219 SYS,TRUE,515817,SLOC,SAMPLE LOCATION,W,LA JOLLA SHORES,241,0.5,DP,NA,AS BUILT,Y,SD,CITY OF SAN DIEGO,,WO,WATER OPERATIONS,N,0,0,N,,ACROSS FROM 8415 EL PASEO GRANDE,NA,NA,N,0,0,A,392,B09S,2,1227H4,0,,,,,NA,6252926.673,1893894.446,1691542.218,253450.4455,NA,N,87.74,NA,NA,,NA,UW-WS-TRN-SLOC-S055,IF?0100000000000141692
71,218 SYS,TRUE,515951,SLOC,SAMPLE LOCATION,W,LA JOLLA SOLEDAD W,925,2,DP,NA,AS BUILT,Y,SD,CITY OF SAN DIEGO,,WO,WATER OPERATIONS,N,0,0,N,,2110 VIA CASA ALTA @ FIRE STATION SAMPLE STANCHION,NA,NA,N,0,0,A,555,B10S,5,1227H7,2110,,VIA CASA ALTA,,,NA,6254403.999,1886573.875,1693019.551,246129.8747,NA,N,0,NA,NA,,NA,UW-WS-TRN-SLOC-S056,IF?0100000000000141745
73,48 SYS,TRUE,514975,SLOC,SAMPLE LOCATION,W,LA JOLLA TOWNE,270,0.5,DP,NA,AS BUILT,Y,SD,CITY OF SAN DIEGO,,WO,WATER OPERATIONS,N,0,0,N,,COAST BL SOUTH/EADS AV; SAMPLE STANCHION,NA,1,N,0,0,A,581,A10S,1,1.23E+09,0,,,,,NA,6246087.001,1889028.875,1684702.512,248584.8747,NA,N,-30.53,NA,NA,,NA,UW-WS-TRN-SLOC-S045,IF?0100000000000141695
75,338 SYS,TRUE,5567525,SLOC,SAMPLE LOCATION,W,LIBERTY STATION,175,0.5,DP,NA,AS BUILT,Y,SD,CITY OF SAN DIEGO,F,WO,WATER OPERATIONS,N,0,0,N,,2817 WASP WY; SAMPLE STANCHION,NA,NA,N,0,0,A,384,D21S,1,1288C1,2817,,WASP,WY,,NA,6262614.934,1846151.506,1701230.527,205707.5059,NA,N,-15.93,NA,NA,,NA,UW-WS-TRN-SLOC-S323,IF?0100000000000140655
76,66 SYS,TRUE,515542,SLOC,SAMPLE LOCATION,W,LOWER DEL MAR TERR,196,0.5,DP,NA,AS BUILT,Y,SD,CITY OF SAN DIEGO,,WO,WATER OPERATIONS,N,0,0,N,,VIA CORTINA/VIA APRILIA; SAMPLE STANCHION,NA,NA,N,0,0,A,285,B02S,2,1207H1,0,,,,,NA,6253976.572,1921175.039,1692592.121,280731.0394,NA,N,94.09,10288,98,D,NA,UW-WS-TRN-SLOC-S051,IF?0100000000000141809
77,179 SYS,TRUE,517215,SLOC,SAMPLE LOCATION,W,LUSK PARK,470,0.5,DP,NA,AS BUILT,Y,SD,CITY OF SAN DIEGO,,WO,WATER OPERATIONS,N,0,0,N,,13075 HARTFIELD AV @ DEL MAR HEIGHTS SAMPLE STANCHION,NA,NA,N,0,0,A,722,C01N,3,1188A5,0,,,,,NA,6261105.748,1929176.854,1699721.334,288732.8537,NA,N,-92.55,NA,NA,,NA,UW-WS-TRN-SLOC-S060,IF?0100000000000142036
80,286 SYS,TRUE,5503983,SLOC,SAMPLE LOCATION,W,LUSK PARK,470,0.5,DP,NA,AS BUILT,Y,SD,CITY OF SAN DIEGO,A,WO,WATER OPERATIONS,N,0,0,N,,13510 SWORD WY (BETWEEN REEDLEY AND DRAKEWOOD),NA,NA,N,0,0,A,317,D02N,2,1188C3,13510,,SWORD,WY,,NA,6265797.556,1932830.259,1704413.165,292386.2592,NA,Y,0,NA,NA,,NA,UW-WS-TRN-SLOC-S262,IF?0100000000000141292
82,253 SYS,TRUE,515456,SLOC,SAMPLE LOCATION,W,MAR VILLA,378,0.75,DP,NA,AS BUILT,Y,SD,CITY OF SAN DIEGO,,WO,WATER OPERATIONS,N,0,0,N,,13220 CAMINITO MAR VILLA,1,NA,N,0,0,A,308,B01S,5,1187G7,13220,,CAMTO MAR VILLA,,,NA,6252553.501,1923447.251,1691169.043,283003.2507,NA,N,11.75,NA,NA,,NA,UW-WS-TRN-SLOC-S049,IF?0100000000000141867
83,268 SYS,TRUE,531325,SLOC,SAMPLE LOCATION,W,MERCY HIGH,750,0.75,DP,NA,AS BUILT,Y,SD,CITY OF SAN DIEGO,A,WO,WATER OPERATIONS,N,0,0,Y,?5?/?28?/?09? ?5?:?00? ?PM,9604 BABAUTA RD,1,NA,N,0,0,A,562,I02S,2,1.19E+10,9604,,BABAUTA,RD,,NA,6294512.713,1922254.888,1733128.466,281810.8885,NA,N,33.63,NA,NA,,NA,UW-WS-TRN-SLOC-S091,IF?0100000000000142593
84,223 SYS,TRUE,529073,SLOC,SAMPLE LOCATION,W,MIRA MESA,625,2,DP,NA,AS BUILT,Y,SD,CITY OF SAN DIEGO,,WO,WATER OPERATIONS,N,0,0,N,,8441 NEW SALEM ST @ FIRE STATION,NA,1,N,0,0,A,765,H04S,1,1209C3,8441,,NEW SALEM,ST,,NA,6287877.323,1914058.862,1726493.042,273614.8615,NA,N,179.29,NA,NA,,NA,UW-WS-TRN-SLOC-S088,IF?0100000000000142351
85,64 SYS,TRUE,5529614,SLOC,SAMPLE LOCATION,W,MIRA MESA,625,0,,NA,AS BUILT,Y,SD,CITY OF SAN DIEGO,,,,N,0,0,N,,11168 AVENIDA DEL GATO & ZAPATA,NA,NA,N,0,0,A,662,G03S,3,1209B2,0,,,,,NA,6285997.871,1917250.213,1724613.581,276806.2133,NA,N,94.85,NA,NA,,NA,UW-WS-TRN-SLOC-S293,IF?0100000000000140903
87,343 SYS,TRUE,5608616,SLOC,SAMPLE LOCATION,W,MIRA MESA,625,0,DP,NA,AS BUILT,Y,SD,CITY OF SAN DIEGO,,WO,WATER OPERATIONS,N,0,0,N,,FLANDERS DR/FLANDERS PL,NA,NA,N,0,0,A,810,G04S,5,1209A4,0,,,,,NA,6283752.487,1911001.381,1722368.186,270557.3812,NA,N,0,NA,NA,,NA,UW-WS-TRN-SLOC-S341,IF?0100000000000141601
88,177 SYS,TRUE,528312,SLOC,SAMPLE LOCATION,W,MIRAMAR,712,0.5,DP,NA,AS BUILT,Y,SD,CITY OF SAN DIEGO,,WO,WATER OPERATIONS,N,0,0,N,,12350 BLACK MOUNTAIN ROAD(NEXT TO REC BUILDING),NA,NA,N,0,0,A,368,H01S,6,1189D6,12350,,BLACK MTN,RD,,NA,6291655.023,1923822.808,1730270.761,283378.8084,NA,Y,104.63,NA,NA,,NA,UW-WS-TRN-SLOC-S086,IF?0100000000000142566
92,5 SYS,TRUE,5207090,SLOC,SAMPLE LOCATION,W,MIRAMAR,712,0.5,DR,NA,AS BUILT,Y,SD,CITY OF SAN DIEGO,,WO,WATER OPERATIONS,N,0,0,N,,NORTH SIDE OF DISTRIBUTION RESERVOIR #2,NA,NA,N,0,0,A,813,J04S,2,1209G3,10710,,SCRIPPS LAKE,DR,,NA,6300543.622,1913028.957,1739159.405,272584.9567,NA,N,89.33,NA,NA,,NA,UW-WS-TRN-SLOC-S173,IF?0100000000000141922
97,288 SYS,TRUE,5503985,SLOC,SAMPLE LOCATION,W,MIRAMAR,712,0.5,DP,NA,AS BUILT,Y,SD,CITY OF SAN DIEGO,,WO,WATER OPERATIONS,N,0,0,N,,GREENBERG WY & CTE GANSO @ BACKFLOW PREVENTER,NA,NA,N,0,0,A,987,H02N,2,1189C3,10940,,SCRIPPS RANCH,BL,,NA,6289757.539,1933571.68,1728373.268,293127.6798,NA,N,0,NA,NA,,NA,UW-WS-TRN-SLOC-S264,IF?0100000000000141059
98,294 SYS,TRUE,5504024,SLOC,SAMPLE LOCATION,W,MIRAMAR,712,0.5,DP,NA,AS BUILT,Y,SD,CITY OF SAN DIEGO,F,WO,WATER OPERATIONS,N,0,0,N,,12194 BRANICOLE LN,NA,NA,N,0,0,A,709,I01S,5,1189F7,12194,,BRANICOLE,LN,,NA,6295819.984,1922885.331,1734435.743,282441.3314,NA,N,0,NA,NA,,NA,UW-WS-TRN-SLOC-S267,IF?0100000000000141032
100,238 SYS,TRUE,5207495,SLOC,SAMPLE LOCATION,W,MIRAMAR BOOSTED,1150,0,DR,NA,AS BUILT,Y,SD,CITY OF SAN DIEGO,,WO,WATER OPERATIONS,N,0,0,N,,11490 WEATHERHILL WAY,NA,NA,N,0,0,A,502,J03S,2,1209G1,11490,,WEATHERHILL,WY,,NA,6300611.539,1918430.722,1739227.322,277986.7218,NA,Y,0,NA,NA,,NA,UW-WS-TRN-SLOC-S187,IF?0100000000000141656
101,283 SYS,TRUE,5212854,SLOC,SAMPLE LOCATION,W,MIRAMAR BOOSTED,1150,0.5,DP,NA,AS BUILT,Y,SD,CITY OF SAN DIEGO,,WO,WATER OPERATIONS,N,0,0,N,,SCRIPPS RANCH/SPENCERPORT; SAMPLE STANCHION,NA,NA,N,0,0,A,503,J03S,2,1209H2,0,,,,,NA,6300849.948,1916952.188,1739465.732,276508.1883,NA,N,160.48,NA,NA,,NA,UW-WS-TRN-SLOC-S207,IF?0100000000000141487
102,275 SYS,TRUE,5212288,SLOC,SAMPLE LOCATION,W,MISSION CITY,430,0.5,DP,NA,AS BUILT,Y,SD,CITY OF SAN DIEGO,,WO,WATER OPERATIONS,N,0,0,N,,ACROSS FROM 2531 OLD QUARRY RD,1,NA,N,0,0,A,519,H15S,6,1.25E+10,0,,,,,NA,6291631.624,1867189.065,1730247.362,226745.065,NA,N,-179.89,NA,NA,,NA,UW-WS-TRN-SLOC-S205,IF?0100000000000141698
103,281 SYS,TRUE,5212268,SLOC,SAMPLE LOCATION,W,MONTE VERDE,685,0.5,DP,NA,AS BUILT,Y,SD,CITY OF SAN DIEGO,F,WO,WATER OPERATIONS,N,0,0,N,,6831 MONTE VERDE DR,NA,NA,N,0,0,A,537,L13S,6,1.25E+06,6831,,MONTE VERDE,DR,,NA,6316397.431,1876217.703,1755013.293,235773.7034,NA,N,135.35,17799,7,D,NA,UW-WS-TRN-SLOC-S203,IF?0100000000000141594
104,213 SYS,TRUE,532047,SLOC,SAMPLE LOCATION,W,MURPHY CANYON,500,0.5,DP,NA,AS BUILT,Y,SD,CITY OF SAN DIEGO,,WO,WATER OPERATIONS,N,0,0,N,,4455 MURPHY CANYON RD; SAMPLE STANCHION  ,1,NA,N,0,0,A,307,I12S,2,1249F2,4455,,MURPHY CANYON,RD,,NA,6294725.758,1881066.677,1733341.512,240622.6765,NA,N,-84.96,NA,NA,,NA,UW-WS-TRN-SLOC-S094,IF?0100000000000142430
105,155 SYS,TRUE,5205421,SLOC,SAMPLE LOCATION,W,NORMAL HEIGHTS,536,0.5,DP,NA,AS BUILT,Y,SD,CITY OF SAN DIEGO,,WO,WATER OPERATIONS,N,0,0,N,,ADAMS AV & MARLBOROUGH,NA,1,N,0,0,A,582,I17S,6,1269G3,0,,,,,NA,6298346.001,1858457.126,1736961.772,218013.126,NA,N,178.94,NA,NA,,NA,UW-WS-TRN-SLOC-S158,IF?0100000000000141697
106,176 SYS,TRUE,521631,SLOC,SAMPLE LOCATION,W,NORTH CITY,610,0.5,DP,NA,AS BUILT,Y,SD,CITY OF SAN DIEGO,,WO,WATER OPERATIONS,N,0,0,N,,ACROSS FROM 9896 OLSON DR.  SAMPLE STANCHION,1,NA,N,0,0,A,447,E06S,5,1228F1,9896,,OLSON,DR,,NA,6271803.645,1903217.936,1710419.284,262773.9364,NA,N,134.17,NA,NA,,NA,UW-WS-TRN-SLOC-S075,IF?0100000000000141846
107,65 SYS,TRUE,5204618,SLOC,SAMPLE LOCATION,W,NORTH CITY,610,0.5,DP,NA,AS BUILT,Y,SD,CITY OF SAN DIEGO,,WO,WATER OPERATIONS,N,0,0,N,,ACROSS FROM 13911 DURANGO RD,NA,1,N,0,0,A,281,B01N,5,1187H6,0,,,,,NA,6253863.501,1927150.627,1692479.05,286706.6266,NA,Y,91.12,NA,NA,,NA,UW-WS-TRN-SLOC-S157,IF?0100000000000141910
109,49A SYS,TRUE,5503977,SLOC,SAMPLE LOCATION,W,NORTH CITY,610,0.5,DP,NA,AS BUILT,Y,SD,CITY OF SAN DIEGO,A,WO,WATER OPERATIONS,N,0,0,N,,JOHN J. HOPKINS & GENERAL ATOMIC,NA,NA,N,0,0,A,708,C05S,4,1207J6,10620,,JOHN JAY HOPKINS,DR,,NA,6257814.452,1906692.106,1696430.021,266248.1063,NA,Y,105.29,NA,NA,,NA,UW-WS-TRN-SLOC-S256,IF?0100000000000141178
110,309 SYS,TRUE,5510255,SLOC,SAMPLE LOCATION,W,NORTH CITY,610,0,,NA,OPERATIONAL,Y,SD,CITY OF SAN DIEGO,,,,N,0,0,N,,4274 CAMPUS POINT CT. ,NA,NA,N,0,0,A,374,D06S,4,1208B7,0,,,,,NA,6262733.999,1904094.124,1701349.593,263650.124,NA,N,174.1,NA,NA,,NA,UW-WS-TRN-SLOC-S278,IF?0100000000000140962
111,317 SYS,TRUE,5525499,SLOC,SAMPLE LOCATION,W,NORTH CITY,610,0,DP,NA,OPERATIONAL,Y,SD,CITY OF SAN DIEGO,,,,N,0,0,N,,ACROSS FROM 12608 SPINDLE TOP RD,NA,NA,N,0,0,A,688,H01N,5,1189C5,0,,,,,NA,6289865.837,1926954.57,1728481.566,286510.5702,NA,N,2.54,NA,NA,,NA,UW-WS-TRN-SLOC-S291,IF?0100000000000140715
112,320 SYS,TRUE,5529674,SLOC,SAMPLE LOCATION,W,NORTH CITY,610,0.5,DP,NA,AS BUILT,Y,SD,CITY OF SAN DIEGO,,WO,WATER OPERATIONS,N,0,0,N,,12501 LA TORTOLA,NA,NA,N,0,0,A,710,I01S,2,1189F6,0,,,,,NA,6296017.09,1925074.8,1734632.85,284630.7999,NA,N,59.81,NA,NA,,NA,UW-WS-TRN-SLOC-S299,IF?0100000000000140548
113,340 SYS,TRUE,5577838,SLOC,SAMPLE LOCATION,W,NORTH CITY,610,0.5,DP,NA,AS BUILT,Y,SD,CITY OF SAN DIEGO,,WO,WATER OPERATIONS,N,0,0,N,,ACROSS FROM 13880 CREST WY,NA,NA,N,0,0,A,353,B01N,5,1187G6,0,,,,,NA,6253257.287,1926989.938,1691872.833,286545.9377,NA,Y,-67.64,NA,NA,,NA,UW-WS-TRN-SLOC-S326,IF?0100000000000140585
114,327 SYS,TRUE,5564259,SLOC,SAMPLE LOCATION,W,NORTH VILLAGE,730,0.5,DP,NA,AS BUILT,Y,SD,CITY OF SAN DIEGO,F,WO,WATER OPERATIONS,N,0,0,N,,ACROSS FROM 15625 NEW PARK TR.  SAMPLE STANCHION,NA,NA,N,0,0,A,399,H07N,4,1169B3,15625,,NEW PARK,TR,,NA,6287242.382,1951737.897,1725858.098,311293.897,NA,Y,-44.33,NA,NA,,NA,UW-WS-TRN-SLOC-S317,IF?0100000000000140594
115,57 SYS,TRUE,520513,SLOC,SAMPLE LOCATION,W,NORTHWEST MESA,559,0.5,DP,NA,AS BUILT,Y,SD,CITY OF SAN DIEGO,,WO,WATER OPERATIONS,N,0,0,N,,IDLEWILD WY/HIDALGO AV; PUBLIC SCHOOL/SAMPLE STANCHION,NA,NA,N,0,0,A,432,D11S,4,1248C1,0,,,,,NA,6263436.001,1883952.126,1702051.598,243508.126,NA,N,0,NA,NA,,NA,UW-WS-TRN-SLOC-S072,IF?0100000000000142139
116,52 SYS,TRUE,523978,SLOC,SAMPLE LOCATION,W,NORTHWEST MESA,559,1,DP,NA,AS BUILT,Y,SD,CITY OF SAN DIEGO,,WO,WATER OPERATIONS,N,0,0,N,,MT. ABERNATHY AV/CHATEAU DR; LIBRARY/SAMPLE STANCHION,NA,NA,N,0,0,A,547,F12S,5,1248H2,0,,,,,NA,6277507.238,1880243.72,1716122.905,239799.7205,NA,N,-28.2,NA,NA,,NA,UW-WS-TRN-SLOC-S080,IF?0100000000000141974
117,55A SYS,TRUE,5483583,SLOC,SAMPLE LOCATION,W,NORTHWEST MESA,559,0.5,DP,NA,AS BUILT,Y,SD,CITY OF SAN DIEGO,,WO,WATER OPERATIONS,N,0,0,N,,"5183 ARVINELS AV LOCATION PER MARGARET GLASER, 2/3/04",NA,1,N,0,0,A,287,F10S,5,1228H7,0,,,,,NA,6277591.001,1886693.127,1716206.669,246249.1266,NA,N,-0.83,NA,NA,,NA,UW-WS-TRN-SLOC-S240,IF?0100000000000141306
118,50A SYS,TRUE,5483584,SLOC,SAMPLE LOCATION,W,NORTHWEST MESA,559,0.5,DP,NA,AS BUILT,Y,SD,CITY OF SAN DIEGO,,WO,WATER OPERATIONS,N,0,0,N,,2693 MELBOURNE DR LOCATION PER MARGARET GLASER 2/3/04,NA,1,N,0,0,A,540,I15S,1,1.25E+09,0,,,,,NA,6292823.501,1869558.127,1731439.245,229114.1266,NA,N,-126.79,NA,NA,,NA,UW-WS-TRN-SLOC-S241,IF?0100000000000141341
119,336 SYS,TRUE,5550618,SLOC,SAMPLE LOCATION,W,OAKS NORTH,865,0.75,DP,NA,AS BUILT,Y,SD,CITY OF SAN DIEGO,A,WO,WATER OPERATIONS,N,0,0,N,,17696 MONTERO RD,NA,NA,N,0,0,A,698,L07N,3,1170D2,17696,,MONTERO,RD,,NA,6315694.501,1953822.251,1754310.36,313378.2507,NA,N,-12.31,NA,NA,,NA,UW-WS-TRN-SLOC-S309,IF?0100000000000140510
121,284 SYS,TRUE,5503981,SLOC,SAMPLE LOCATION,W,OTAY MESA,680,0.5,DP,NA,AS BUILT,Y,SD,CITY OF SAN DIEGO,A,WO,WATER OPERATIONS,N,0,0,N,,OCEAN VIEW HILLS PKWY & SEA DRIFT WY,NA,NA,N,0,0,A,521,N34S,4,1330J7,5097,,SEA REEF,PL,,NA,6323501.594,1790708.36,1762117.492,150264.3596,NA,N,7.39,NA,NA,,NA,UW-WS-TRN-SLOC-S260,IF?0100000000000141131
123,131 SYS,TRUE,543978,SLOC,SAMPLE LOCATION,W,OTAY REGULATED,270,0.5,DP,NA,AS BUILT,Y,SD,CITY OF SAN DIEGO,F,WO,WATER OPERATIONS,N,0,0,N,,EAST PARK AV/SAN YSIDRO BL; SAMPLE STANCHION,NA,1,N,0,0,A,257,M37S,1,1350G4,125,,EAST PARK,AV,,NA,6316907.51,1782006.985,1755523.374,141562.9849,NA,N,0,NA,NA,,NA,UW-WS-TRN-SLOC-S127,IF?0100000000000143361
126,341 SYS,TRUE,5592562,SLOC,SAMPLE LOCATION,W,PACIFIC BEACH,307,0.5,DP,NA,AS BUILT,Y,SD,CITY OF SAN DIEGO,A,WO,WATER OPERATIONS,N,0,0,N,,"LOC IN FRONT OF RESTAURANT, DOCKHOUSE DELI",NA,NA,N,0,0,A,333,C18S,2,1268B4,1840,,QUIVIRA,WY,B-1,NA,6258860,1857549.377,1697475.574,217105.3766,NA,N,5.49,NA,NA,,NA,UW-WS-TRN-SLOC-S334,IF?0100000000000140793
127,255 SYS,TRUE,520758,SLOC,SAMPLE LOCATION,W,PACIFICA,340,0.75,DP,NA,AS BUILT,Y,SD,CITY OF SAN DIEGO,,WO,WATER OPERATIONS,N,0,0,N,,4949 PACIFICA DR,1,NA,N,0,0,A,423,D13S,4,1248C4,4949,,PACIFICA,DR,,NA,6262842.5,1876275.374,1701458.094,235831.374,NA,Y,-170.58,NA,NA,,NA,UW-WS-TRN-SLOC-S073,IF?0100000000000141897
129,342 SYS,TRUE,5607579,SLOC,SAMPLE LOCATION,W,PARADISE HILLS #1,472,0.5,DP,NA,AS BUILT,Y,SD,CITY OF SAN DIEGO,A,WO,WATER OPERATIONS,N,0,0,Y,?7?/?12?/?10? ?5?:?00? ?PM,2883 KEEN DR,NA,NA,N,0,0,A,806,L26S,3,1310F2,2883,,KEEN,DR,,NA,6316039.396,1824634.892,1754655.257,184190.8917,NA,N,-72.21,NA,NA,,NA,UW-WS-TRN-SLOC-S339,IF?0100000000000141440
130,256 SYS,TRUE,542101,SLOC,SAMPLE LOCATION,W,PARADISE HILLS #2,590,0.75,DP,NA,AS BUILT,Y,SD,CITY OF SAN DIEGO,,WO,WATER OPERATIONS,N,0,0,N,,1808 SEA STAR LANE (HOSEBIB ON BACKFLOW PREV CAGE),1,NA,N,0,0,A,657,L25S,2,1.29E+10,6610,,POTOMAC,ST,,NA,6313606.903,1830173.638,1752222.751,189729.6385,NA,N,-13.17,NA,NA,,NA,UW-WS-TRN-SLOC-S121,IF?0100000000000142309
131,171 SYS,TRUE,5205422,SLOC,SAMPLE LOCATION,W,PARADISE MESA,610,0.5,DP,NA,AS BUILT,Y,SD,CITY OF SAN DIEGO,,WO,WATER OPERATIONS,N,0,0,N,,"6541 BROADWAY  SAMPLE STANCHION
",NA,NA,N,0,0,A,681,L22S,2,1290D3,6541,,BROADWAY,,,NA,6313471.001,1841133.127,1752086.848,200689.1266,NA,N,0,NA,NA,,NA,UW-WS-TRN-SLOC-S159,IF?0100000000000141750
132,269 SYS,TRUE,5207118,SLOC,SAMPLE LOCATION,W,PARADISE MESA,610,0.5,DR,NA,AS BUILT,Y,SD,CITY OF SAN DIEGO,,WO,WATER OPERATIONS,N,0,0,N,,1513 STATTON CT  PARADISE MESA DISTIBUTION RESERVOIR,NA,NA,N,0,0,A,512,M24S,1,1290F6,0,,,,,NA,6316751.434,1832955.787,1755367.297,192511.7874,NA,N,0,NA,NA,,NA,UW-WS-TRN-SLOC-S179,IF?0100000000000141991
133,257 SYS,TRUE,516392,SLOC,SAMPLE LOCATION,W,PARKVIEW,600,0.75,DP,NA,AS BUILT,Y,SD,CITY OF SAN DIEGO,,WO,WATER OPERATIONS,N,0,0,N,,ACROSS FROM 1565  CALLE DE CINCO SAMPLE STANCHION,NA,NA,N,0,0,A,572,B12S,6,1247J3,5456,,CASTLE HILLS,DR,,NA,6255238.517,1879386.611,1693854.073,238942.6109,NA,N,0,NA,NA,,NA,UW-WS-TRN-SLOC-S058,IF?0100000000000142145
134,68 SYS,TRUE,528453,SLOC,SAMPLE LOCATION,W,PENASQUITOS,920,0.5,DP,NA,AS BUILT,Y,SD,CITY OF SAN DIEGO,,WO,WATER OPERATIONS,N,0,0,N,,OVIEDO ST/BLACK MOUNTAIN RD,NA,NA,N,0,0,A,620,H02N,3,1189D3,0,,,,,NA,6292346.001,1933489.751,1730961.742,293045.7507,NA,Y,0.09,NA,NA,,NA,UW-WS-TRN-SLOC-S087,IF?0100000000000142294
136,19 SYS,TRUE,5207119,SLOC,SAMPLE LOCATION,W,PENASQUITOS,920,0,DR,NA,AS BUILT,Y,SD,CITY OF SAN DIEGO,,WO,WATER OPERATIONS,N,0,0,N,?6?/?16?/?65? ?5?:?00? ?PM,PENASQUITOS DISTIBUTION RESERVOIR,NA,NA,N,0,0,A,120,J04N,6,1169H7,0,,,,,NA,6303359.865,1939516.962,1741975.662,299072.9619,NA,Y,0,11311,2,D,NA,UW-WS-TRN-SLOC-S180,IF?0100000000000142046
137,234A SYS,TRUE,5587573,SLOC,SAMPLE LOCATION,W,PENASQUITOS,920,0.5,,NA,AS BUILT,Y,SD,CITY OF SAN DIEGO,,WO,WATER OPERATIONS,N,0,0,N,,14300 CUCA ST,NA,NA,N,0,0,A,190,J03N,5,1189H2,14125,,CUCA,ST,,NA,6302258.301,1935205.272,1740874.092,294761.2723,NA,N,-21.95,NA,NA,,NA,UW-WS-TRN-SLOC-S333,IF?0100000000000140696
139,277A SYS,TRUE,5607578,SLOC,SAMPLE LOCATION,W,PENASQUITOS PARK VW,470,0.5,DP,NA,AS BUILT,Y,SD,CITY OF SAN DIEGO,F,WO,WATER OPERATIONS,N,0,0,N,,12241 CAM DEL SUR @ DORMOUSE,NA,NA,N,0,0,A,477,G01S,6,1189A7,12241,,CAM DEL SUR,,,NA,6285055.121,1923694.888,1723670.827,283250.8885,NA,N,58,NA,NA,,NA,UW-WS-TRN-SLOC-S338,IF?0100000000000141738
140,339 SYS,TRUE,5573678,SLOC,SAMPLE LOCATION,W,PINNACLE,470,0.5,DP,NA,AS BUILT,Y,SD,CITY OF SAN DIEGO,F,WO,WATER OPERATIONS,N,0,0,N,,11911 CARMEL CREEK RD,NA,NA,N,0,0,A,733,C02S,3,1208B1,11911,,CARMEL CREEK,RD,,NA,6262176.155,1921119.216,1700791.746,280675.2159,NA,N,0,NA,NA,,NA,UW-WS-TRN-SLOC-S324,IF?0100000000000140797
141,44 SYS,TRUE,518987,SLOC,SAMPLE LOCATION,W,POINT LOMA,260,0.5,DP,NA,AS BUILT,Y,SD,CITY OF SAN DIEGO,F,WO,WATER OPERATIONS,N,0,0,N,,VOLTAIRE ST/EBERS ST; FIRE STATION/SAMPLE STANCHION,NA,NA,N,0,0,A,616,C19S,1,1268A6,4711,,VOLTAIRE,ST,,NA,6256700,1853673.999,1695315.564,213229.9993,NA,N,0,NA,NA,,NA,UW-WS-TRN-SLOC-S070,IF?0100000000000141876
142,43 SYS,TRUE,519412,SLOC,SAMPLE LOCATION,W,POINT LOMA,260,0.5,DP,NA,AS BUILT,Y,SD,CITY OF SAN DIEGO,F,WO,WATER OPERATIONS,N,0,0,N,,ROSECRANS ST(300BLK); SAMPLE STANCHION,NA,1,N,0,0,A,258,C22S,4,1288A4,300,,ROSECRANS,ST,,NA,6257514.501,1838769.626,1696130.069,198325.626,NA,N,-11.62,NA,NA,,NA,UW-WS-TRN-SLOC-S071,IF?0100000000000142061
144,235 SYS,TRUE,537274,SLOC,SAMPLE LOCATION,W,POMERADO PARK,920,0.5,DP,NA,AS BUILT,Y,SD,CITY OF SAN DIEGO,,WO,WATER OPERATIONS,N,0,0,N,,15855 TURTLEBACK RD. SAMPLE STANCHION,NA,NA,N,0,0,A,627,K06N,4,1169J5,15855,,TURTLEBACK,RD,,NA,6304846.23,1946511.988,1743462.035,306067.9882,NA,N,-136.98,NA,NA,,NA,UW-WS-TRN-SLOC-S107,IF?0100000000000142438
145,20 SYS,TRUE,5207490,SLOC,SAMPLE LOCATION,W,POMERADO PARK,920,0,DR,NA,AS BUILT,Y,SD,CITY OF SAN DIEGO,,WO,WATER OPERATIONS,N,0,0,N,,16000 BLK AVNDA VENUSTO NORTH SIDE OF DISTRIBUTION RESERVOIR,NA,NA,N,0,0,A,694,K05N,3,1170A5,0,,,,,NA,6309036.152,1946167.375,1747651.977,305723.3753,NA,N,0,NA,NA,,NA,UW-WS-TRN-SLOC-S182,IF?0100000000000141812
148,258 SYS,TRUE,515816,SLOC,SAMPLE LOCATION,W,PRESTWICK ESTATES,355,0.75,DP,NA,AS BUILT,Y,SD,CITY OF SAN DIEGO,,WO,WATER OPERATIONS,N,0,0,N,,8455 WESTWAY DR,1,NA,N,0,0,A,391,B09S,3,1227H4,8455,,WESTWAY,DR,,NA,6254652.5,1894101.499,1693268.053,253657.4993,NA,N,-17.96,NA,NA,,NA,UW-WS-TRN-SLOC-S054,IF?0100000000000141873
149,306 SYS,TRUE,5525469,SLOC,SAMPLE LOCATION,W,PRINCESS DEL SOL,390,0,DP,NA,OPERATIONAL,Y,SD,CITY OF SAN DIEGO,F,,,N,0,0,N,,1332 KENALAN DR,NA,NA,N,0,0,A,824,L35S,3,1350F1,1332,,KENALAN,DR,,NA,6315480.499,1789050.627,1754096.356,148606.6266,NA,N,88.54,NA,NA,,NA,UW-WS-TRN-SLOC-S284,IF?0100000000000141104
150,211A SYS,TRUE,5205448,SLOC,SAMPLE LOCATION,W,PRINCESS GARDENS,345,0.75,DP,NA,AS BUILT,Y,SD,CITY OF SAN DIEGO,,WO,WATER OPERATIONS,N,0,0,N,,7228 WEMBLEY ST,1,NA,N,0,0,A,444,K14S,1,1250A5,7228,,WEMBLEY,ST,,NA,6305927.316,1872544.619,1744543.126,232100.6194,NA,N,-1.48,NA,NA,,NA,UW-WS-TRN-SLOC-S166,IF?0100000000000141701
151,135 SYS,TRUE,528074,SLOC,SAMPLE LOCATION,W,PRINCIPAL DOWNTOWN,231,0.5,DP,NA,AS BUILT,Y,SD,CITY OF SAN DIEGO,F,WO,WATER OPERATIONS,N,0,0,N,,ACROSS FROM 1782 NEWTON AV,NA,NA,N,0,0,A,611,G23S,6,1289C5,1775,,NEWTON,AV,,NA,6285399.898,1836049.505,1724015.605,195605.5046,NA,N,139.62,NA,NA,,NA,UW-WS-TRN-SLOC-S085,IF?0100000000000142207
154,332 SYS,TRUE,5552068,SLOC,SAMPLE LOCATION,W,PRINCIPAL DOWNTOWN,231,0.5,DP,NA,AS BUILT,Y,SD,CITY OF SAN DIEGO,F,WO,WATER OPERATIONS,N,0,0,N,,W G ST,NA,NA,N,0,0,A,1025,F22S,5,1288J3,1277,W,G,ST,,NA,6277315.358,1840216.211,1715931.024,199772.2106,NA,N,31.55,NA,NA,,NA,UW-WS-TRN-SLOC-S312,IF?0100000000000140593
155,136 SYS,TRUE,5586820,SLOC,SAMPLE LOCATION,W,PRINCIPAL DOWNTOWN,231,0.5,DP,NA,AS BUILT,Y,SD,CITY OF SAN DIEGO,F,WO,WATER OPERATIONS,N,0,0,Y,?4?/?1?/?09? ?5?:?00? ?PM,333 HARBOR DR BEHIND MARRIOTT HOTEL,NA,NA,N,0,0,A,59,F23S,3,1289A4,355,,HARBOR,DR,,NA,6280240.292,1838354.249,1718855.973,197910.2487,NA,N,140.32,NA,NA,,NA,UW-WS-TRN-SLOC-S325,IF?0100000000000140895
156,231 SYS,TRUE,531032,SLOC,SAMPLE LOCATION,W,RANCHO BERNARDO,793,0.5,,NA,AS BUILT,Y,SD,CITY OF SAN DIEGO,,WO,WATER OPERATIONS,N,0,0,N,,FAIRGROVE LN/SALMON RIVER RD,NA,NA,N,0,0,A,410,I01N,1,1.19E+07,0,,,,,NA,6294243.399,1929454.813,1732859.15,289010.813,NA,N,0,NA,NA,,NA,UW-WS-TRN-SLOC-S090,IF?0100000000000142529
159,21 SYS,TRUE,5486932,SLOC,SAMPLE LOCATION,W,RANCHO BERNARDO,793,0,DR,NA,AS BUILT,Y,SD,CITY OF SAN DIEGO,,,,N,0,0,N,,16061 BIG SPRINGS WY,NA,NA,N,0,0,A,874,K06N,4,1169J4,0,,,,,NA,6306145.013,1947480.358,1744760.824,307036.3576,NA,N,0,NA,NA,,NA,UW-WS-TRN-SLOC-S254,IF?0100000000000141073
160,289 SYS,TRUE,5504022,SLOC,SAMPLE LOCATION,W,RANCHO BERNARDO,793,0.5,DP,NA,AS BUILT,Y,SD,CITY OF SAN DIEGO,,WO,WATER OPERATIONS,N,0,0,N,,ESCALA DR & CAMBERWELL LN,NA,NA,N,0,0,A,621,L09N,1,1150B6,10940,,SCRIPPS RANCH,BL,,NA,6312185.571,1960907.756,1750801.412,320463.7559,NA,N,-139.01,NA,NA,,NA,UW-WS-TRN-SLOC-S265,IF?0100000000000141224
167,270A SYS,TRUE,5586469,SLOC,SAMPLE LOCATION,W,RANCHO DEL SOL,470,0.75,DP,NA,AS BUILT,Y,SD,CITY OF SAN DIEGO,,WO,WATER OPERATIONS,N,0,0,N,,RANCHO DEL SOL & RANCHO DEL AZALEAS,NA,NA,N,0,0,A,591,F02N,5,1188G4,0,,,,,NA,6276933.96,1932100.18,1715549.625,291656.1804,NA,N,0,NA,NA,,NA,UW-WS-TRN-SLOC-S332,IF?0100000000000140654
168,230 SYS,TRUE,515580,SLOC,SAMPLE LOCATION,W,RANCHO SANTA FE,284,0.5,DP,NA,AS BUILT,Y,SD,CITY OF SAN DIEGO,,WO,WATER OPERATIONS,N,0,0,N,,CAMTO MAR DE PLATA & FORTALEZA,NA,NA,N,0,0,A,67,B04N,6,1187H1,0,,,,,NA,6256089.826,1938952.487,1694705.387,298508.4869,NA,N,0,NA,NA,,NA,UW-WS-TRN-SLOC-S052,IF?0100000000000142004
170,150 SYS,TRUE,541230,SLOC,SAMPLE LOCATION,W,REDWOOD VILLAGE,645,0.5,DP,NA,AS BUILT,Y,SD,CITY OF SAN DIEGO,,WO,WATER OPERATIONS,N,0,0,N,,ACORN ST/62ND ST; FIRE STATION/SAMPLE STANCHION,NA,NA,N,0,0,A,842,L18S,1,1270C3,0,,,,,NA,6311517.835,1857534.321,1750133.672,217090.3209,NA,N,0,NA,NA,,NA,UW-WS-TRN-SLOC-S120,IF?0100000000000142448
172,108 SYS,TRUE,5485691,SLOC,SAMPLE LOCATION,W,REDWOOD VILLAGE,645,0,DR,NA,AS BUILT,Y,SD,CITY OF SAN DIEGO,,,,N,0,0,N,,6056 HUGHES ST,NA,NA,N,0,0,A,753,L19S,1,1270C5,0,,,,,NA,6310506.923,1852586.46,1749122.755,212142.46,NA,N,0,NA,NA,,NA,UW-WS-TRN-SLOC-S246,IF?0100000000000141330
173,151A SYS,TRUE,5529617,SLOC,SAMPLE LOCATION,W,REDWOOD VILLAGE,645,0,,NA,AS BUILT,Y,SD,CITY OF SAN DIEGO,,,,N,0,0,N,,4929 CATOCTIN DR SAMPLE STANCHION,NA,NA,N,0,0,A,1084,L17S,5,1270D2,0,,,,,NA,6312621.854,1860084.613,1751237.697,219640.6129,NA,N,0,NA,NA,,NA,UW-WS-TRN-SLOC-S296,IF?0100000000000140659
175,305 SYS,TRUE,5524136,SLOC,SAMPLE LOCATION,W,REMINGTON HILLS,543,0,DP,NA,OPERATIONAL,Y,SD,CITY OF SAN DIEGO,,,,N,0,0,N,,4948 1/2 CARBINE WY,NA,NA,N,0,0,A,579,M36S,2,1350H2,0,,,,,NA,6320376.007,1786178.944,1758991.889,145734.9436,NA,Y,43.51,NA,NA,,NA,UW-WS-TRN-SLOC-S283,IF?0100000000000140995
178,302 SYS,TRUE,5504030,SLOC,SAMPLE LOCATION,W,RIVIERA DEL SOL,550,0.5,DP,NA,AS BUILT,Y,SD,CITY OF SAN DIEGO,A,WO,WATER OPERATIONS,N,0,0,N,,4610 PACIFIC RIVIERA WY,NA,NA,N,0,0,A,517,M35S,5,1350H1,4610,,PACIFIC RIVIERA,WY,,NA,6319703.12,1788222.874,1758318.999,147778.874,NA,N,-146.6,NA,NA,,NA,UW-WS-TRN-SLOC-S273,IF?0100000000000141125
180,303A SYS,TRUE,5585816,SLOC,SAMPLE LOCATION,W,RIVIERA SHORES,430,0.5,DP,NA,AS BUILT,Y,SD,CITY OF SAN DIEGO,F,WO,WATER OPERATIONS,N,0,0,N,,1469 RIVIERA SHORES ST.,1,NA,N,0,0,A,711,M35S,2,1350G1,1469,,RIVIERA SHORES,ST,,NA,6318999.15,1788690.154,1757615.025,148246.1542,NA,Y,87.06,NA,NA,,NA,UW-WS-TRN-SLOC-S328,IF?0100000000000140650
181,299 SYS,TRUE,5525477,SLOC,SAMPLE LOCATION,W,ROBINHOOD RIDGE,580,0,DP,NA,OPERATIONAL,Y,SD,CITY OF SAN DIEGO,,,,N,0,0,N,,AVNDA DE LAS VISTAS & VISTA SAN RAFAEL,NA,NA,N,0,0,A,513,N34S,2,1331A7,0,,,,,NA,6326286.102,1792930.328,1764902.014,152486.3281,NA,Y,166.96,NA,NA,,NA,UW-WS-TRN-SLOC-S287,IF?0100000000000140776
182,259 SYS,TRUE,524966,SLOC,SAMPLE LOCATION,W,RODEFER,370,0.75,DP,NA,AS BUILT,Y,SD,CITY OF SAN DIEGO,,WO,WATER OPERATIONS,N,0,0,N,,3945 ALAMEDA DR,1,NA,N,0,0,A,1002,F19S,1,1268H5,3945,,ALAMEDA,DR,,NA,6274562.5,1853583.251,1713178.153,213139.2513,NA,N,0,NA,NA,,NA,UW-WS-TRN-SLOC-S082,IF?0100000000000142105
183,322 SYS,TRUE,5550623,SLOC,SAMPLE LOCATION,W,ROSECRANS,225,0.75,DP,NA,AS BUILT,Y,SD,CITY OF SAN DIEGO,F,WO,WATER OPERATIONS,N,0,0,N,,,NA,NA,N,0,0,A,1194,D20S,4,1288D1,2305,,HISTORIC DECATUR,RD,,NA,6264385.535,1848234.78,1703001.137,207790.7802,NA,N,0,NA,NA,,NA,UW-WS-TRN-SLOC-S311,IF?0100000000000140535
184,261 SYS,TRUE,517560,SLOC,SAMPLE LOCATION,W,SAN ANDRES,440,0.75,DP,NA,AS BUILT,Y,SD,CITY OF SAN DIEGO,F,WO,WATER OPERATIONS,N,0,0,N,,VIA CAMPESTRE & CAMTO PUNTA ARENAS,NA,NA,N,0,0,A,189,C04N,4,1187J1,14797,,CAMTO PUNTA ARENAS,,,NA,6256863.379,1939414.875,1695478.944,298970.8753,NA,Y,-132.21,NA,NA,,NA,UW-WS-TRN-SLOC-S064,IF?0100000000000142134
185,212 SYS,TRUE,542723,SLOC,SAMPLE LOCATION,W,SAN CARLOS,849,0.5,DP,NA,AS BUILT,Y,SD,CITY OF SAN DIEGO,,WO,WATER OPERATIONS,N,0,0,N,,RONDEL CT/TUXEDO RD; PUBLIC PARK/SAMPLE STANCHION,NA,NA,N,0,0,A,130,M13S,4,1.25E+07,0,,,,,NA,6317044.501,1875158.875,1755660.367,234714.8747,NA,N,0.72,17799,6,D,NA,UW-WS-TRN-SLOC-S124,IF?0100000000000142242
189,262 SYS,TRUE,540873,SLOC,SAMPLE LOCATION,W,SAN CARLOS ESTATES,930,0.75,DP,NA,AS BUILT,Y,SD,CITY OF SAN DIEGO,,WO,WATER OPERATIONS,N,0,0,Y,?7?/?7?/?10? ?5?:?00? ?PM,6669 LINDA LANE SAMPLE STANCHION,NA,NA,N,0,0,A,531,L16S,3,1.25E+10,6669,,LINDA,LN,,NA,6314958.999,1866159.626,1753574.854,225715.626,NA,N,0,NA,NA,,NA,UW-WS-TRN-SLOC-S119,IF?0100000000000142349
191,210 SYS,TRUE,540577,SLOC,SAMPLE LOCATION,W,SAN CARLOS REDUCED,692,0.5,DP,NA,AS BUILT,Y,SD,CITY OF SAN DIEGO,,WO,WATER OPERATIONS,N,0,0,N,,ACROSS FROM 6619 CIBOLA RD (IN FRONT OF PARK) ,NA,NA,N,0,0,A,295,L14S,3,1250D4,6619,,CIBOLA,RD,,NA,6314566.168,1874249.449,1753182.021,233805.4488,NA,N,0,NA,NA,,NA,UW-WS-TRN-SLOC-S118,IF?0100000000000142295
192,326 SYS,TRUE,5554209,SLOC,SAMPLE LOCATION,W,SANTA LUZ,950,0.5,DP,NA,AS BUILT,Y,SD,CITY OF SAN DIEGO,F,WO,WATER OPERATIONS,N,0,0,N,,8555 1/2 RUN OF THE KNOLLS,NA,NA,N,0,0,A,534,H04N,2,1169C7,1277,W,G,ST,,NA,6289821.709,1941356.26,1728437.438,300912.2598,NA,Y,88.66,NA,NA,,NA,UW-WS-TRN-SLOC-S313,IF?0100000000000140641
193,307 SYS,TRUE,5525470,SLOC,SAMPLE LOCATION,W,SCRIPPS EASTVIEW,890,0,DP,NA,OPERATIONAL,Y,SD,CITY OF SAN DIEGO,,,,N,0,0,N,,11455 EASTRIDGE PL,NA,NA,N,0,0,A,761,L03S,2,1210D1,0,,,,,NA,6314192.251,1917959.833,1752808.102,277515.8327,NA,Y,-19.04,NA,NA,,NA,UW-WS-TRN-SLOC-S285,IF?0100000000000141302
194,226 SYS,TRUE,539715,SLOC,SAMPLE LOCATION,W,SCRIPPS HILLS,1200,0.5,DP,NA,AS BUILT,Y,SD,CITY OF SAN DIEGO,,WO,WATER OPERATIONS,N,0,0,N,,MEADOWDALE LN/WALNUTDALE ST; SAMPLE STANCHION,NA,NA,N,0,0,A,150,L04S,5,1210C4,0,,,,,NA,6312627.999,1910757.625,1751243.842,270313.6247,NA,N,7.71,NA,NA,,NA,UW-WS-TRN-SLOC-S113,IF?0100000000000142522
196,224 SYS,TRUE,536862,SLOC,SAMPLE LOCATION,W,SCRIPPS RANCH,1020,0.5,DP,NA,AS BUILT,Y,SD,CITY OF SAN DIEGO,,WO,WATER OPERATIONS,N,0,0,N,,10054 AVENIDA MAGNIFICA @ PUBLIC SCHOOL,NA,NA,N,0,0,A,388,K04S,4,1209J4,10054,,AVNDA MAGNIFICA,,,NA,6305513.999,1910922.749,1744129.807,270478.7493,NA,N,0,NA,NA,,NA,UW-WS-TRN-SLOC-S106,IF?0100000000000142260
198,22 SYS,TRUE,5207493,SLOC,SAMPLE LOCATION,W,SCRIPPS RANCH,1020,0,DR,NA,AS BUILT,Y,SD,CITY OF SAN DIEGO,,WO,WATER OPERATIONS,N,0,0,N,,"11225 BLK SPRING CANYON RD
SOUTHEAST OF DISTRIBUTION RESERVOIR",NA,NA,N,0,0,A,488,L03S,4,1210B2,0,,,,,NA,6310953.409,1916158.743,1749569.244,275714.7434,NA,N,0,NA,NA,,NA,UW-WS-TRN-SLOC-S185,IF?0100000000000141861
200,325 SYS,TRUE,5564260,SLOC,SAMPLE LOCATION,W,SCRIPPS RANCH,1020,0.5,DP,NA,AS BUILT,Y,SD,CITY OF SAN DIEGO,F,WO,WATER OPERATIONS,N,0,0,N,,OLD CREEK RD & WHISPERING RIDGE RD,NA,NA,N,0,0,A,245,M03S,3,1210F2,14846,,OLD CREEK,RD,,NA,6321800.676,1917131.043,1760416.565,276687.0433,NA,Y,-24.82,NA,NA,,NA,UW-WS-TRN-SLOC-S318,IF?0100000000000140634
201,331 SYS,TRUE,5597998,SLOC,SAMPLE LOCATION,W,SCRIPPS RANCH BSTD,1150,0.5,DP,NA,OPERATIONAL,Y,SD,CITY OF SAN DIEGO,,WO,WATER OPERATIONS,N,0,0,N,,ACROSS FROM 11705 SEMILLON BL,NA,NA,N,0,0,A,684,K03S,2,1210A2,0,,,,,NA,6307966.772,1916488.153,1746582.591,276044.1529,NA,N,-26.92,NA,NA,,NA,UW-WS-TRN-SLOC-S337,IF?0100000000000141676
202,185 SYS,TRUE,5205426,SLOC,SAMPLE LOCATION,W,SCRIPPS RANCH NORTH,890,0.5,DP,NA,AS BUILT,Y,SD,CITY OF SAN DIEGO,,WO,WATER OPERATIONS,N,0,0,N,,11198 IVY HILL DR. SAMPLE STANCHION,NA,NA,N,0,0,A,1061,J02S,3,1189J7,11198,,IVY HILL,DR,,NA,6303797.057,1921340.213,1742412.856,280896.2133,NA,N,160.33,NA,NA,,NA,UW-WS-TRN-SLOC-S163,IF?0100000000000141708
204,63A SYS,TRUE,5550616,SLOC,SAMPLE LOCATION,W,SCRIPPS VALLEY,850,0.5,DP,NA,AS BUILT,Y,SD,CITY OF SAN DIEGO,F,WO,WATER OPERATIONS,N,0,0,N,,9930 AVIARY DR,NA,NA,N,0,0,A,484,J05S,1,1209G5,9930,,AVIARY,DR,,NA,6300398.501,1909472.625,1739014.283,269028.6247,NA,N,80.4,NA,NA,,NA,UW-WS-TRN-SLOC-S308,IF?0100000000000140756
207,128 SYS,TRUE,543777,SLOC,SAMPLE LOCATION,W,SO SAN DIEGO RESV,490,0.5,DP,NA,AS BUILT,Y,SD,CITY OF SAN DIEGO,,WO,WATER OPERATIONS,N,0,0,N,,FIRETHORN ST/PALM AV; SAMPLE STANCHION,NA,1,N,0,0,A,211,M34S,2,1330G7,0,,,,,NA,6318580.984,1793137.234,1757196.857,152693.2343,NA,N,0,NA,NA,,NA,UW-WS-TRN-SLOC-S125,IF?0100000000000143486
208,200 SYS,TRUE,543903,SLOC,SAMPLE LOCATION,W,SO SAN DIEGO RESV,490,0.5,DP,NA,AS BUILT,Y,SD,CITY OF SAN DIEGO,,WO,WATER OPERATIONS,N,0,0,N,,OTAY MESA RD/BEYER BL,NA,NA,N,0,0,A,292,M36S,4,1350G3,4312,,OTAY MESA,RD,,NA,6317883.629,1784105.735,1756499.498,143661.7349,NA,N,88.7,NA,NA,,NA,UW-WS-TRN-SLOC-S126,IF?0100000000000143567
210,95 SYS,TRUE,5207900,SLOC,SAMPLE LOCATION,W,SO SAN DIEGO RESV,490,0.5,,NA,AS BUILT,Y,SD,CITY OF SAN DIEGO,,23,OTAY PLANT/RESERVOIRS -23,N,0,0,N,,OTAY EFFLUENT AT FILTRATION PLANT,NA,1,N,0,0,A,445,R32S,3,1332A3,0,,,,,NA,6351493.107,1801692.28,1790109.144,161248.2802,NA,Y,0,NA,NA,,NA,UW-WS-TRN-SLOC-S196,IF?0100000000000141685
211,92 SYS,TRUE,5207901,SLOC,SAMPLE LOCATION,W,SO SAN DIEGO RESV,490,0.5,,NA,AS BUILT,Y,SD,CITY OF SAN DIEGO,,23,OTAY PLANT/RESERVOIRS -23,N,0,0,N,,OTAY INFLUENT AT FILTRATION PLANT,NA,1,N,0,0,A,446,R32S,3,1332A3,0,,,,,NA,6351502.953,1801666.024,1790118.99,161222.0236,NA,Y,0,NA,NA,,NA,UW-WS-TRN-SLOC-S197,IF?0100000000000141780
213,293 SYS,TRUE,5483587,SLOC,SAMPLE LOCATION,W,SO SAN DIEGO RESV,490,0.5,DP,NA,AS BUILT,Y,SD,CITY OF SAN DIEGO,,WO,WATER OPERATIONS,N,0,0,N,,4927 OCEAN VIEW HILLS PY,NA,NA,N,0,0,A,279,N34S,4,1330J7,0,,,,,NA,6322708.054,1792387.238,1761323.948,151943.2375,NA,Y,0,NA,NA,,NA,UW-WS-TRN-SLOC-S244,IF?0100000000000141207
214,96 SYS,TRUE,5542650,SLOC,SAMPLE LOCATION,W,SO SAN DIEGO RESV,490,0.5,,NA,AS BUILT,Y,SD,CITY OF SAN DIEGO,,,,N,0,0,N,,OTAY CLEARWELL,NA,NA,N,0,0,A,574,R32S,3,1332A3,0,,,,,NA,6351327.32,1801366.365,1789943.356,160922.3648,NA,Y,0,NA,NA,,NA,UW-WS-TRN-SLOC-S306,IF?0100000000000140644
215,99 SYS,TRUE,5542651,SLOC,SAMPLE LOCATION,W,SO SAN DIEGO RESV,490,0.5,,NA,AS BUILT,Y,SD,CITY OF SAN DIEGO,,,,N,0,0,N,,OTAY CLEARWELL,NA,NA,N,0,0,A,575,R32S,3,1332A3,0,,,,,NA,6351555.459,1801371.831,1790171.497,160927.8307,NA,Y,0,NA,NA,,NA,UW-WS-TRN-SLOC-S307,IF?0100000000000140704
219,10 SYS,TRUE,5485690,SLOC,SAMPLE LOCATION,W,SOLEDAD MUIRLANDS,725,0,DR,NA,AS BUILT,Y,SD,CITY OF SAN DIEGO,,,,N,0,0,N,,LA JOLLA VIEW DISTRIBUTION RESERVOIR,NA,NA,N,0,0,A,759,B10S,4,1227G7,0,,,,,NA,6251074.967,1887719.37,1689690.503,247275.3701,NA,Y,2.08,NA,NA,,NA,UW-WS-TRN-SLOC-S245,IF?0100000000000141268
222,315A SYS,TRUE,5586104,SLOC,SAMPLE LOCATION,W,SOLEDAD MUIRLANDS,725,0,DP,NA,OPERATIONAL,Y,SD,CITY OF SAN DIEGO,,,,N,0,0,N,,SOLEDAD & BAHIA,NA,NA,N,0,0,A,631,C12S,4,1248A3,0,,,,,NA,6257225,1879220.125,1695840.566,238776.1247,NA,N,-118.14,NA,NA,,NA,UW-WS-TRN-SLOC-S330,IF?0100000000000140832
223,184 SYS,TRUE,5205425,SLOC,SAMPLE LOCATION,W,SOUTH CREEK,815,0.5,DP,NA,AS BUILT,Y,SD,CITY OF SAN DIEGO,,WO,WATER OPERATIONS,N,0,0,N,,ACROSS FROM 12170 SPRINGHURST DR,NA,NA,N,0,0,A,621,K01S,6,1190A7,12170,,SPRINGHURST,DR,,NA,6308748.094,1922564.275,1747363.918,282120.2749,NA,Y,84.4,NA,NA,,NA,UW-WS-TRN-SLOC-S162,IF?0100000000000141913
225,323 SYS,TRUE,5565670,SLOC,SAMPLE LOCATION,W,STOCKWOOD,925,0.75,DP,NA,AS BUILT,Y,SD,CITY OF SAN DIEGO,A,WO,WATER OPERATIONS,N,17,61.22,N,?2?/?3?/?15? ?4?:?00? ?PM,FIELD VERIFY LOCATION,NA,NA,N,0,0,A,246,M03S,2,1.21E+05,11469,,STONECROFT,TR,,NA,6318701.604,1916883.973,1757317.478,276439.9731,NA,Y,9.94,31800,5,D,NA,UW-WS-TRN-SLOC-S322,IF?0100000000000140604
226,329 SYS,TRUE,5558873,SLOC,SAMPLE LOCATION,W,STONEBRIDGE,1135,0.5,,NA,AS BUILT,Y,SD,CITY OF SAN DIEGO,F,,,N,0,0,N,,14644 1/2 OLD CREEK RD,NA,NA,N,0,0,A,372,N03S,1,1210G1,14644,,OLD CREEK,RD,,NA,6323602.927,1917517.139,1762218.825,277073.1391,NA,Y,12.02,NA,NA,,NA,UW-WS-TRN-SLOC-S315,IF?0100000000000140769
227,328 SYS,TRUE,5564262,SLOC,SAMPLE LOCATION,W,SYCAMORE ESTATES,1250,0.5,DP,NA,AS BUILT,Y,SD,CITY OF SAN DIEGO,F,WO,WATER OPERATIONS,N,0,0,N,,14800 STONEBRIDGE PKWY,NA,NA,N,0,0,A,129,O03S,1,1210J1,14800,,STONEBRIDGE,PY,,NA,6329239.744,1917864.852,1767855.67,277420.8524,NA,Y,0,NA,NA,,NA,UW-WS-TRN-SLOC-S319,IF?0100000000000140676
228,225 SYS,TRUE,539831,SLOC,SAMPLE LOCATION,W,SYCAMORE HILLS,1050,0.5,DP,NA,AS BUILT,Y,SD,CITY OF SAN DIEGO,,WO,WATER OPERATIONS,N,0,0,N,,10314 RUE CHANTEMAR  SAMPLE STANCHION,NA,NA,N,0,0,A,86,L05S,1,1210C4,10314,,RUE CHANTEMAR,,,NA,6311646.112,1910211.483,1750261.95,269767.4829,NA,N,0,NA,NA,,NA,UW-WS-TRN-SLOC-S114,IF?0100000000000142377
229,182 SYS,TRUE,5205423,SLOC,SAMPLE LOCATION,W,TIERRASANTA,752,0.5,DP,NA,AS BUILT,Y,SD,CITY OF SAN DIEGO,,WO,WATER OPERATIONS,N,0,0,N,,6475 ANTIGUA BLVD. SAMPLE STANCHION,NA,NA,N,0,0,A,681,J11S,3,1229J7,6475,,ANTIGUA,BL,,NA,6303554.905,1885201.047,1742170.703,244757.0466,NA,Y,-161.54,NA,NA,,NA,UW-WS-TRN-SLOC-S160,IF?0100000000000141996
230,77A SYS,TRUE,5483586,SLOC,SAMPLE LOCATION,W,TIERRASANTA,752,0.5,DP,NA,AS BUILT,Y,SD,CITY OF SAN DIEGO,,WO,WATER OPERATIONS,N,0,0,N,,PALABRA CR AND RUEDA DR,NA,1,N,0,0,A,357,K12S,2,1250A2,0,,,,,NA,6306845.499,1880625.374,1745461.313,240181.374,NA,N,0,NA,NA,,NA,UW-WS-TRN-SLOC-S243,IF?0100000000000141555
231,214 SYS,TRUE,537849,SLOC,SAMPLE LOCATION,W,TIERRASANTA NORTE,900,0.5,DP,NA,AS BUILT,Y,SD,CITY OF SAN DIEGO,,WO,WATER OPERATIONS,N,0,0,N,,"4711 SEDA DR (BETWEEN VIA DOMINIQUE & RENOVO WAY)  SAMPLE STANCHION,",NA,NA,N,0,0,A,275,K12S,2,1250B1,4711,,SEDA,DR,,NA,6307289.501,1881290.627,1745905.318,240846.6266,NA,N,171.91,NA,NA,,NA,UW-WS-TRN-SLOC-S109,IF?0100000000000142625
232,264 SYS,TRUE,534706,SLOC,SAMPLE LOCATION,W,TIERRASANTA SUR,450,0.75,DP,NA,AS BUILT,Y,SD,CITY OF SAN DIEGO,,WO,WATER OPERATIONS,N,0,0,N,,10460 VIACHA DR,NA,NA,N,0,0,A,114,J13S,5,1249H4,10460,,VIACHA,DR,,NA,6301367.999,1875642.126,1739983.786,235198.126,NA,Y,0,NA,NA,,NA,UW-WS-TRN-SLOC-S102,IF?0100000000000142586
233,222A SYS,TRUE,5503978,SLOC,SAMPLE LOCATION,W,TORREY PINES,330,0.5,DP,NA,AS BUILT,Y,SD,CITY OF SAN DIEGO,A,WO,WATER OPERATIONS,N,0,0,N,,3550 DUNHILL ST,NA,NA,N,0,0,A,709,C05S,3,1208A5,3520,,DUNHILL,ST,,NA,6260834.501,1909776.749,1699450.085,269332.7487,NA,N,-1.34,NA,NA,,NA,UW-WS-TRN-SLOC-S257,IF?0100000000000141248
234,53 SYS,TRUE,522622,SLOC,SAMPLE LOCATION,W,UNIVERSITY HEIGHTS,390,0.5,DP,NA,AS BUILT,Y,SD,CITY OF SAN DIEGO,,WO,WATER OPERATIONS,N,0,0,N,,2433 DENVER ST @ PUBLIC SCHOOL,NA,NA,N,0,0,A,490,E15S,4,1.25E+10,2433,,DENVER,ST,,NA,6268617.001,1867630.499,1707232.624,227186.4987,NA,N,0,NA,NA,,NA,UW-WS-TRN-SLOC-S076,IF?0100000000000142022
236,174 SYS,TRUE,529848,SLOC,SAMPLE LOCATION,W,UNIVERSITY HEIGHTS,390,0.5,DP,NA,AS BUILT,Y,SD,CITY OF SAN DIEGO,,WO,WATER OPERATIONS,N,0,0,N,,3250 CAMINO DEL RIO NORTH; SAMPLE STANCHION,NA,NA,N,0,0,A,314,I16S,4,1269F1,3250,,CAM DEL RIO NORTH,,,NA,6293426.972,1863582.195,1732042.719,223138.1949,NA,Y,0.12,NA,NA,,NA,UW-WS-TRN-SLOC-S089,IF?0100000000000142450
237,140 SYS,TRUE,535925,SLOC,SAMPLE LOCATION,W,UNIVERSITY HEIGHTS,390,0.5,DP,NA,AS BUILT,Y,SD,CITY OF SAN DIEGO,,WO,WATER OPERATIONS,N,0,0,N,,45TH ST/IMPERIAL AV; SAMPLE STANCHION,NA,NA,N,0,0,A,451,J23S,2,1289J4,0,,,,,NA,6300741.211,1836924.885,1739356.994,196480.8852,NA,N,-0.79,NA,NA,,NA,UW-WS-TRN-SLOC-S104,IF?0100000000000142469
238,173 SYS,TRUE,542275,SLOC,SAMPLE LOCATION,W,UNIVERSITY HEIGHTS,390,1,,NA,AS BUILT,Y,SD,CITY OF SAN DIEGO,,WO,WATER OPERATIONS,N,0,0,N,,RANCHO HILLS DR/REO DR; LIBRARY/SAMPLE STANCHION,NA,NA,N,0,0,A,622,L26S,1,1310D1,0,,,,,NA,6312006.841,1825491.463,1750622.681,185047.4633,NA,N,0,NA,NA,,NA,UW-WS-TRN-SLOC-S122,IF?0100000000000142241
241,333 SYS,TRUE,5564263,SLOC,SAMPLE LOCATION,W,UNIVERSITY HEIGHTS,390,0.5,DP,NA,AS BUILT,Y,SD,CITY OF SAN DIEGO,,WO,WATER OPERATIONS,N,0,0,N,,ACROSS FROM 1329 GERTRUDE ST,NA,NA,N,0,0,A,805,E17S,1,1.27E+05,2433,,DENVER,ST,,NA,6269066.001,1862196.25,1707681.626,221752.25,NA,N,10.45,NA,NA,,NA,UW-WS-TRN-SLOC-S320,IF?0100000000000140727
242,265 SYS,TRUE,533041,SLOC,SAMPLE LOCATION,W,WABASH MESA,355,0.75,,NA,AS BUILT,Y,SD,CITY OF SAN DIEGO,,WO,WATER OPERATIONS,N,0,0,N,,2050 HALLER ST,NA,NA,N,0,0,A,616,I21S,2,1289G1,2023,,HALLER,ST,,NA,6295912.999,1845411.624,1734528.758,204967.624,NA,N,62.86,NA,NA,,NA,UW-WS-TRN-SLOC-S095,IF?0100000000000142508
244,11 SYS,TRUE,5485692,SLOC,SAMPLE LOCATION,W,,0,0,DR,NA,AS BUILT,Y,SD,CITY OF SAN DIEGO,,,,N,0,0,N,,7269 ENCELIA DR,NA,NA,N,0,0,A,760,B10S,4,1227H7,0,,,,,NA,6252079.272,1887421.932,1690694.812,246977.9324,NA,N,0,NA,NA,,NA,UW-WS-TRN-SLOC-S247,IF?0100000000000141423
245,110 SYS,TRUE,5485693,SLOC,SAMPLE LOCATION,W,,0,0,DR,NA,AS BUILT,Y,SD,CITY OF SAN DIEGO,,,,N,0,0,N,,8711 LAKE ASHMERE DR,NA,NA,N,0,0,A,789,N14S,6,1251A5,0,,,,,NA,6327963.999,1871296.499,1766579.919,230852.4993,NA,N,0,NA,NA,,NA,UW-WS-TRN-SLOC-S248,IF?0100000000000141479
246,112 SYS,TRUE,5485694,SLOC,SAMPLE LOCATION,W,,0,0,DR,NA,AS BUILT,Y,SD,CITY OF SAN DIEGO,,,,N,0,0,N,,5832 ROCKHURST COURT,NA,NA,N,0,0,A,648,L15S,5,1250D7,0,,,,,NA,6312591.88,1867049.419,1751207.723,226605.4193,NA,N,0,NA,NA,,NA,UW-WS-TRN-SLOC-S249,IF?0100000000000141218
247,13 SYS,TRUE,5485695,SLOC,SAMPLE LOCATION,W,,0,0,DR,NA,AS BUILT,Y,SD,CITY OF SAN DIEGO,,,,N,0,0,N,,ACROSS ROM 13564 CALVADOS PL,NA,NA,N,0,0,A,574,K02N,5,1190A3,0,,,,,NA,6307756.335,1932102.451,1746372.154,291658.4508,NA,Y,-0.38,NA,NA,,NA,UW-WS-TRN-SLOC-S250,IF?0100000000000141304
248,14 SYS,TRUE,5485696,SLOC,SAMPLE LOCATION,W,,0,0,DR,NA,AS BUILT,Y,SD,CITY OF SAN DIEGO,,,,N,0,0,N,,6799 LA JOLLA SCENIC DR,NA,NA,N,0,0,A,675,B11S,3,1227J7,0,,,,,NA,6254917.129,1886129.232,1693532.684,245685.2323,NA,N,0,NA,NA,,NA,UW-WS-TRN-SLOC-S251,IF?0100000000000141340
249,15 SYS,TRUE,5485697,SLOC,SAMPLE LOCATION,W,,0,0,DR,NA,AS BUILT,Y,SD,CITY OF SAN DIEGO,,,,N,0,0,N,,1061 CATALINA BL,NA,NA,N,0,0,A,959,B21S,3,1288A2,0,,,,,NA,6256006.362,1844920.377,1694621.922,204476.3773,NA,N,0,NA,NA,,NA,UW-WS-TRN-SLOC-S252,IF?0100000000000141282
250,16 SYS,TRUE,5486931,SLOC,SAMPLE LOCATION,W,,0,0,DR,NA,AS BUILT,Y,SD,CITY OF SAN DIEGO,,,,N,0,0,N,,201 CATALINA BL,NA,NA,N,0,0,A,346,B22S,5,1287J4,0,,,,,NA,6254338.501,1838849.875,1692954.052,198405.8753,NA,N,0,NA,NA,,NA,UW-WS-TRN-SLOC-S253,IF?0100000000000141314
251,335 SYS,TRUE,5507376,SLOC,SAMPLE LOCATION,W,,0,1,DR,NA,AS BUILT,Y,SD,CITY OF SAN DIEGO,F,D,WATER DISTRIBUTION,N,182,37.31,Y,?2?/?19?/?07? ?4?:?00? ?PM,,NA,NA,N,0,0,A,1,O03S,1,1210J1,14800,,STONEBRIDGE,PY,,NA,6329057.943,1917766.88,1767673.868,277322.8799,NA,Y,0,32518,5,D,NA,UW-WS-TRN-SLOC-S276,IF?0100000000000141255
259,132 SYS,TRUE,5558875,SLOC,SAMPLE LOCATION,W,,0,0.5,,NA,AS BUILT,Y,SD,CITY OF SAN DIEGO,F,,,N,0,0,N,,480 SOUTH MEADOWBROOK DR,NA,NA,N,0,0,A,346,N23S,4,1290H5,14644,,OLD CREEK,RD,,NA,6322826.053,1834571.204,1761441.947,194127.2041,NA,N,36.07,NA,NA,,NA,UW-WS-TRN-SLOC-S316,IF?0100000000000140536
