X,DistributionID,00distID,distID,address,lat,lon,day,proposed_day,proposed_region,site_type,required_flexible,comments
115,224,0224 SYS,224 SYS,10054 Avenida Magnifica,32.90801522,-117.083614,Wed,,,,,
173,1004 RWSYS,1004 RWSYS,1004 RWSYS,10200 Meanley Drive,32.909708,-117.104654,Monthly,,,recycled,,Changed to Monthly prev Thu; (Miramar storage tank); updated GPS 2018-08-28
116,225,0225 SYS,225 SYS,10314 Rue Chantemar,32.90512462,-117.0642145,Wed,,,,,
74,264,0264 SYS,264 SYS,10460 Viacha Drive,32.81022583,-117.0968538,Tue,Tue,central 2,,,
152,206,0206 SYS,206 SYS,1055 Catalina Blvd,32.72550697,-117.2447117,Wed,Mon,central 1,,required,
151,15,0015 SYS,15 SYS,1061 Catalina Blvd,32.72560097,-117.2446867,Deprecated,Mon,central 1,impound,required,"delete, deprecated to15A SYS"
153,15A,015A SYS,15A SYS,1061 Catalina Blvd,32.72560097,-117.2446867,Wed,Mon,central 1,,,
64,49A,0049A SYS,49A SYS,10620 John Jay Hopkins Dr.,32.89445747,-117.2403157,Tue,Tue,central 1,,required,
33,1,0001 SYS,1 SYS,10710 Scripps Lake Drive,32.912,-117.09903,Mon,Mon,central 1,plant,required,
94,1,0001 SYS,1 SYS,10710 Scripps Lake Drive,32.912,-117.09903,Tue,Tue,central 1,plant,required,
158,1,0001 SYS,1 SYS,10710 Scripps Lake Drive,32.912,-117.09903,Wed,Wed,central 1,plant,required,
219,1,0001 SYS,1 SYS,10710 Scripps Lake Drive,32.912,-117.09903,Thu,Thu,central 1,plant,required,
34,3,0003 SYS,3 SYS,10710 Scripps Lake Drive,32.912,-117.09903,Mon,Mon,central 1,plant,required,
95,3,0003 SYS,3 SYS,10710 Scripps Lake Drive,32.912,-117.09903,Tue,Tue,central 1,plant,required,
159,3,0003 SYS,3 SYS,10710 Scripps Lake Drive,32.912,-117.09903,Wed,Wed,central 1,plant,required,
220,3,0003 SYS,3 SYS,10710 Scripps Lake Drive,32.912,-117.09903,Thu,Thu,central 1,plant,required,
35,5,0005 SYS,5 SYS,10710 Scripps Lake Drive,32.912,-117.09903,Mon,Mon,central 1,plant,required,
96,5,0005 SYS,5 SYS,10710 Scripps Lake Drive,32.912,-117.09903,Tue,Tue,central 1,plant,required,
160,5,0005 SYS,5 SYS,10710 Scripps Lake Drive,32.912,-117.09903,Wed,Wed,central 1,plant,required,
221,5,0005 SYS,5 SYS,10710 Scripps Lake Drive,32.912,-117.09903,Thu,Thu,central 1,plant,required,
97,MIR SETTLED,00MIR SETTLED,MIR SETTLED,10710 Scripps Lake Drive,32.912,-117.09903,Tue,Tue,central 1,plant,required,
55,279,0279 SYS,279 SYS,10885 Cloverhurst Way,32.93173117,-117.2016121,Tue,,,stanchion,,
245,,0064 SYS,64 SYS,11168 Avenida Del Gato & Zapata,32.924245,-117.148113,Deprecated,,North,stanchion,,"New weekly site? From 2011 sampling plan, addede it to Monday for now"
177,185,0185 SYS,185 SYS,11198 Ivy Hill Drive,32.9358381,-117.0891402,Thu,,,,,
2,22,0022 SYS,22 SYS,11225 Spring Canyon Rd,32.92177,-117.06693,Mon,,North,impound,required,
119,22,0022 SYS,22 SYS,11225 Spring Canyon Road REPEAT OF LINE 2,32.92516607,-117.0877235,Duplicate,,,impound,,"delete, duplicate"
,,,TBD 4,11261 Carmel County Rd.,32.9372221,-117.2106582,Monthly,,,recycled,,
120,307,0307 SYS,307 SYS,11455 Eastridge Place,32.92681744,-117.0565047,Wed,,,,,
126,323,0323 SYS,323 SYS,11464 Stonecroft Terrace,32.92382773,-117.0419991,Wed,,,,,
36,238,0238 SYS,238 SYS,11496 Weatherhill Way,32.92741,-117.10033,Mon,,,impound,required,
6,313,0313 SYS,313 SYS,11602 Calle Paracho,33.00098,-117.07918,Mon,,North,stanchion,required,
118,331,0331 SYS,331 SYS,11705 Semillon Blvd,32.92247222,-117.076858,Wed,,,,,
56,339,0339 SYS,339 SYS,11911 Carmel Creek Road,32.93559751,-117.2279458,Monthly,,,stanchion,,changed from Tuesday
4,233,0233 SYS,233 SYS,12110 World Trade Dr,32.98315,-117.07369,Mon,,North,stanchion,,
179,184,0184 SYS,184 SYS,12170 Springhurst Drive,32.93982329,-117.0740784,Thu,,,,required,
176,294,0294 SYS,294 SYS,12195 Branicole Lane,32.94005343,-117.1159502,Thu,,,,,
186,277A,0277A SYS,277A SYS,12241 Camino del Sur,32.94195505,-117.1514531,Thu,,,,required,
187,177,0177 SYS,177 SYS,12350 Black Mountain Road,32.94050402,-117.1290755,Thu,,,,,
,,,TBD 1,12350 Canyonside Park Dr.,32.94158984,-117.1307332,Monthly,,,recycled,,
180,320,0320 SYS,320 SYS,12501 La Tortola,32.9453887,-117.1159966,Thu,,,,,
185,317,0317 SYS,317 SYS,12608 Spindletop Road,32.95104717,-117.136528,Thu,,,,,
156,332,0332 SYS,332 SYS,1277 West G. Street,32.71223865,-117.1744358,Wed,Mon,south,,,
191,245,0245 SYS,245 SYS,12935 Via Latina,32.93477955,-117.247779,Thu,Thu,central 1,,,
192,244,0244 SYS,244 SYS,13051 Portofino Drive,32.93705182,-117.243253,Thu,Thu,central 1,,,
59,179,0179 SYS,179 SYS,13075 Hartfield Avenue,32.95642392,-117.230207,Tue,,,stanchion,,
189,253,0253 SYS,253 SYS,13220 Caminito Mar Villa,32.94006144,-117.2567102,Monthly,,,,,changed from Thursday
16,333,0333 SYS,333 SYS,1329 Gertrude Street,32.77259,-117.20175,Mon,Mon,central 1,,,
214,306,0306 SYS,306 SYS,1332 Kenalan Drive,32.57267286,-117.0488322,Thu,Thu,south,,,
58,286,0286 SYS,286 SYS,13510 Sword Way,32.96287627,-117.215375,Tue,,,stanchion,,
3,13,0013 SYS,13 SYS,13564 Calavados Place @ Shoal Summit,32.96567,-117.07793,Mon,,North,impound,required,
1,316,0316 SYS,316 SYS,13705 Shoal Summit Drive,32.96578,-117.07626,Mon,,North,stanchion,,
63,340,0340 SYS,340 SYS,13880 Crest Way,32.95006321,-117.2556045,Tue,,,stanchion,,"Not in 2011 sampling plan, remove?"
13,234A,0234A SYS,234A SYS,14300 Cuca Street,32.97401,-117.09588,Mon,,North,,,
54,304,0304 SYS,304 SYS,14462 Garden Trail,32.98503285,-117.1640293,Tue,,,stanchion,required,
124,329,0329 SYS,329 SYS,14644 1/2 Old Creek Road,32.92555866,-117.0262377,Wed,,,,,
215,303A,0303A SYS,303A SYS,1469 Riviera Shores Street,32.571857,-117.037894,Monthly,Thu,south,,,changed from Thursday
,,,TBD 5,14784 Via Azul,32.99463706,-117.1603318,Monthly,,,recycled,,
14,292 B1,0292 SYS_B1,292 SYS_B1,14799 Black Mountain Road,32.98523,-117.12787,Mon,,North,impound,required,
15,292 B2,0292 SYS_B2,292 SYS_B2,14799 Black Mountain Road,32.98523,-117.12787,Mon,,North,impound,required,
12,19,0019 SYS,19 SYS,14800 Penasquitos Blvd @ End of Avenida Maria,32.98576,-117.0931,Mon,,North,impound,required,
122,335,0335 SYS,335 SYS,14800 Stonebridge Parkway,32.92461755,-117.0245306,Mon,,,impound,,changed from Wednesday
161,119,0119 SYS,119 SYS,1500 Wueste Road,32.640972,-116.934584,Wed,Wed,south,plant,required,
44,92,0092 SYS,92 SYS,1500 Wueste Road,32.60697,-116.93268,Mon,Mon,south,plant,required,
106,92,0092 SYS,92 SYS,1500 Wueste Road,32.60697,-116.93268,Tue,Tue,south,plant,required,
169,92,0092 SYS,92 SYS,1500 Wueste Road,32.60697,-116.93268,Wed,Wed,south,plant,required,
229,92,0092 SYS,92 SYS,1500 Wueste Road,32.60697,-116.93268,Thu,Thu,south,plant,required,
45,95,0095 SYS,95 SYS,1500 Wueste Road,32.60697,-116.93268,Mon,Mon,south,plant,required,
107,95,0095 SYS,95 SYS,1500 Wueste Road,32.60697,-116.93268,Tue,Tue,south,plant,required,
170,95,0095 SYS,95 SYS,1500 Wueste Road,32.60697,-116.93268,Wed,Wed,south,plant,required,
230,95,0095 SYS,95 SYS,1500 Wueste Road,32.60697,-116.93268,Thu,Thu,south,plant,required,
171,96 SYS_MID,0096 SYS,96 SYS,1500 Wueste Road,32.60697,-116.93268,Wed,Wed,south,plant,,"typo, changed from 98 SYS"
231,96 SYS_MID,0096 SYS,96 SYS,1500 Wueste Road,32.60697,-116.93268,Thu,Thu,south,plant,,"typo, changed from 99 SYS"
46,96 SYS_MID,0096 SYS,96 SYS,1500 Wueste Road,32.60697,-116.93268,Mon,Mon,south,plant,required,
108,96 SYS_MID,0097 SYS,97 SYS,1500 Wueste Road,32.60697,-116.93268,Tue,Tue,south,plant,required,
47,99 SYS MID,0099 SYS,99 SYS,1500 Wueste Road,32.60697,-116.93268,Mon,Mon,south,plant,required,
109,99 SYS MID,0099 SYS,99 SYS,1500 Wueste Road,32.60697,-116.93268,Tue,Tue,south,plant,required,
172,99 SYS MID,0099 SYS,99 SYS,1500 Wueste Road,32.60697,-116.93268,Wed,Wed,south,plant,required,
232,99 SYS MID,0099 SYS,99 SYS,1500 Wueste Road,32.60697,-116.93268,Thu,Thu,south,plant,required,
113,OT COMB FILTER,00OT COMB FILTER,OT COMB FILTER,1500 Wueste Road,32.60697,-116.93268,Tue,Tue,south,plant,required,
111,OT FILTER 1-8,00OT FILTER 1-8,OT FILTER 1-8,1500 Wueste Road,32.60697,-116.93268,Tue,Tue,south,plant,required,
112,OT FILTER 9-16,00OT FILTER 9-16,OT FILTER 9-16,1500 Wueste Road,32.60697,-116.93268,Tue,Tue,south,plant,required,
110,OT SETTLED,00OT SETTLED,OT SETTLED,1500 Wueste Road,32.60697,-116.93268,Tue,Tue,south,plant,required,
5,236,0236 SYS,236 SYS,15022 Avenida Venusto,32.99167,-117.06782,Mon,,North,stanchion,,
10,327,0327 SYS,327 SYS,15625 New Park Terrace,33.01916,-117.14542,Mon,,North,,,
132,257,0257 SYS,257 SYS,1565 Calle de Cinco,32.81905098,-117.2471137,Wed,Wed,central 2,,,
8,235,0235 SYS,235 SYS,15855 Turtleback Rd.,33.00532,-117.08775,Mon,,North,stanchion,,
,,,TBD 2,15895 Paseo Montenero,33.01676029,-117.1403412,Monthly,,,recycled,,
7,20,0020 SYS,20 SYS,16000 Avenida Venusto,33.00439,-117.07428,Mon,,North,impound,required,
9,21,0021 SYS,21 SYS,16061 Big Springs Way,33.00752,-117.084,Mon,,North,impound,required,
123,328,0328 SYS,328 SYS,16909 Stonebridge Parkway,32.92929,-117.003053,Wed,,,,,
235,,0239 SYS,239 SYS,1761 Petra Dr,,,Monthly,,,,,From 2011 sampling plan; need lat/lon
52,336,0336 SYS,336 SYS,17696 Montero Road,33.02543983,-117.0524632,Monthly,,,stanchion,,changed from Tuesday
157,135,0135 SYS,135 SYS,1782 Newton Avenue,32.70120113,-117.1477905,Wed,Mon,south,,,
51,237,0237 SYS,237 SYS,17910 Avenida Cordillera,33.04224095,-117.0516381,Tue,,,stanchion,,
209,256,0256 SYS,256 SYS,1808 Sea Star Lane,32.68548284,-117.0560914,Thu,Thu,south,,,
49,282,0282 SYS,282 SYS,18169 W. Bernardo Drive,33.04827313,-117.0736847,Deprecated,,,stanchion,,"Delete, Deprecated to 282A"
49,282A,0282A SYS,282A SYS,18169 West Bernardo Dr. Stantion at a community Park,33.04827313,-117.0736847,Tue,,,stanchion,,
200,341,0341 SYS,341 SYS,1840 Quivira Way,32.75853551,-117.2408162,Thu,Thu,central 2,,,
88,205,0205 SYS,205 SYS,1856 Manzana Way,32.68751715,-117.0233547,Tue,Tue,south,,required,
85,201,0201 SYS,201 SYS,1880 Smythe Avenue,32.56245372,-117.0493167,Tue,Tue,south,,required,
131,12S,0012S SYS,12S SYS,1975  Parkview Terrace,32.81712356,-117.2388494,Wed,Wed,central 2,impound,required,
130,12N,0012N SYS,12N SYS,1975 Parkview Terrace,32.81712356,-117.2388494,Wed,Wed,central 2,impound,required,
149,16,0016 SYS,16 SYS,200 Catalina Blvd,32.70777731,-117.2494152,Deprecated,Mon,central 1,impound,,"delete, deprecated to 16A SYS"
150,16A,0016A SYS,16A SYS,200 Catalina Blvd,32.70777731,-117.2494152,Wed,Mon,central 1,impound,required,
218,265,0265 SYS,265 SYS,2049 Haller Street,32.72693875,-117.1139596,Thu,Thu,central 2,,,
66,218,0218 SYS,218 SYS,2110 Via Casa Alta,32.83938439,-117.2511963,Tue,Tue,central 1,,required,
154,322,0322 SYS,322 SYS,2305 1/2 Historic Decatur Road,32.7341007,-117.2169687,Wed,Mon,central 1,,,
197,248A,0248A SYS,248A SYS,2395 Beryl Street,32.80847488,-117.228056,Thu,Thu,central 2,,,
17,53,0053 SYS,53 SYS,2433 Denver Street,32.7875,-117.20369,Mon,Mon,central 1,stanchion,,
21,275,0275 SYS,275 SYS,2531 Old Quarry Road,32.78661,-117.12888,Monthly,Mon,central 2,recycled,,Prev Mon
75,50A,050A SYS,50A SYS,2693 Melbourne Drive ,32.79425555,-117.1249723,Tue,Tue,central 2,,required,
144,114,0114 SYS,114 SYS,2720 Howard Avenue,32.75405455,-117.1348579,Wed,Mon,south,impound,required,
145,116,0116 SYS,116 SYS,2720 Howard Avenue,32.75405455,-117.1348579,Wed,Mon,south,impound,required,
210,204A,0204A SYS,204A SYS,2787 Alta View Drive,32.6760694,-117.0429163,Thu,Thu,south,,,
155,338,0338 SYS,338 SYS,2817 Wasp Way,32.72829735,-117.2224296,Wed,Mon,central 1,,,
211,342,0342 SYS,342 SYS,2883 Keen Drive,32.67063078,-117.0480215,Thu,Thu,south,,,
93,43,0043 SYS,43 SYS,300 Rosecrans Street,32.70833204,-117.2388945,Tue,Tue,central 2,,,
22,174,0174 SYS,174 SYS,3250 Camino Del Rio North,32.77696,-117.12551,Mon,Mon,central 2,stanchion,required,
91,136,0136 SYS,136 SYS,333 W. Harbor Dr. ,32.70867872,-117.1661376,Tue,Tue,central 2,stanchion,,Not in 2011 sampling plan
236,,0240 SYS,240 SYS,3387 Kearny Villa Lane,,,Monthly,,,,,From 2011 sampling plan; need lat/lon
194,222A,0222A SYS,222A SYS,3550 Dunhill Street,32.90353598,-117.2295003,Thu,Thu,central 1,,,
193,278,0278 SYS,278 SYS,3750 Torrey View Court,32.92183242,-117.2323364,Thu,Thu,central 1,,,
146,60,0060 SYS,60 SYS,3902 9th Avenue,32.74843173,-117.1563491,Wed,Mon,south,,,
90,259,0259 SYS,259 SYS,3945 Alameda Drive,32.74900114,-117.1838263,Tue,Tue,central 2,,required,
92,138A,0138A SYS,138A SYS,4202 N. Harbor Drive,32.72886046,-117.2103685,Tue,Tue,central 2,,required,
138,309,0309 SYS,309 SYS,4274 Campus Point,32.88772706,-117.2234073,Wed,Wed,central 1,,,
203,324,0324 SYS,324 SYS,4393 Redworks Driveway,32.703797,-117.101841,Monthly,Thu,south,,,changed from Thursday
233,,0213 SYS,213 SYS,4455 Murphy Canyon Rd; Sample Stanchion,,,Monthly,,,stanchion,,Changed to Monthly
23,209,0209 SYS,209 SYS,4605 Vandever Avenue,32.78762,-117.0956,Mon,Mon,central 2,,,
216,302,0302 SYS,302 SYS,4610 Pacific Riviera Way,32.57027258,-117.0352599,Thu,Thu,south,,,
72,214,0214 SYS,214 SYS,4711 Seda Drive,32.82698955,-117.0807863,Tue,Tue,central 2,,,
148,44,0044 SYS,44 SYS,4711 Voltaire Street,32.74893524,-117.2416157,Wed,Mon,central 1,,,
208,132,0132 SYS,132 SYS,480 S. Meadowbrook Drive,32.69786389,-117.0261162,Thu,Thu,south,,,
82,293,0293 SYS,293 SYS,4927 Oceanview Hills Parkway,32.58232165,-117.0257523,Deprecated,,,,,"delete, no longer sampled"
188,151A,0151A SYS,151A SYS,4929 Catoctin Drive,32.76761865,-117.060825,Thu,Thu,central 2,,,
87,305,0305 SYS,305 SYS,4948 Carbine Way,32.56464425,-117.0328986,Tue,Tue,south,,,
140,2009 RWSYS,2009 RWSYS,2009 RWSYS,4949 East Gate Mall Drive,32.88022,-117.199019,Monthly,Wed,central 1,recycled,,"Previously Wednesday, updated GPS 2018-08-28"
241,,0255 SYS,255 SYS,4949 Pacifica Dr; Sample Box,,,Monthly,,,,,From 2011 sampling plan; need lat/lon
68,55A,055A SYS,55A SYS,5183 Arvinels Avenue,32.83985866,-117.1751364,Tue,Tue,central 2,,required,
20,1005,1005 SYS,1005 SYS,5240 Convoy Street,32.84151,-117.15027,Monthly,Mon,central 1,,,Changed to Monthly
217,300,0300 SYS,300 SYS,5368 Topsail Drive,32.58857104,-117.0151129,Thu,Thu,south,,required,
129,315A,0315A SYS,315A SYS,5494 Soledad Road,32.81913994,-117.2413042,Wed,Wed,central 2,,,
198,252A,0252A SYS,252A SYS,5532 Pacifica Drive,32.82020798,-117.2333265,Thu,Thu,central 2,,,
37,81,0081 SYS,81 SYS,5540 Kiowa Drive,32.78025,-117.04656,Mon,Mon,south,plant,required,
98,81,0081 SYS,81 SYS,5540 Kiowa Drive,32.78025,-117.04656,Tue,Tue,south,plant,required,
162,81,0081 SYS,81 SYS,5540 Kiowa Drive,32.78025,-117.04656,Wed,Wed,south,plant,required,
222,81,0081 SYS,81 SYS,5540 Kiowa Drive,32.78025,-117.04656,Thu,Thu,south,plant,required,
38,82,0082 SYS,82 SYS,5540 Kiowa Drive,32.78053,-117.04553,Mon,Mon,south,plant,required,
99,82,0082 SYS,82 SYS,5540 Kiowa Drive,32.78053,-117.04553,Tue,Tue,south,plant,required,
163,82,0082 SYS,82 SYS,5540 Kiowa Drive,32.78053,-117.04553,Wed,Wed,south,plant,required,
223,82,0082 SYS,82 SYS,5540 Kiowa Drive,32.78053,-117.04553,Thu,Thu,south,plant,required,
39,85,0085 SYS,85 SYS,5540 Kiowa Drive,32.78053,-117.04553,Mon,Mon,south,plant,required,
100,85,0085 SYS,85 SYS,5540 Kiowa Drive,32.78053,-117.04553,Tue,Tue,south,plant,required,
164,85,0085 SYS,85 SYS,5540 Kiowa Drive,32.78053,-117.04553,Wed,Wed,south,plant,required,
224,85,0085 SYS,85 SYS,5540 Kiowa Drive,32.78053,-117.04553,Thu,Thu,south,plant,required,
40,87,0087 SYS,87 SYS,5540 Kiowa Drive,32.78053,-117.04553,Mon,Mon,south,plant,required,
101,87,0087 SYS,87 SYS,5540 Kiowa Drive,32.78053,-117.04553,Tue,Tue,south,plant,required,
165,87,0087 SYS,87 SYS,5540 Kiowa Drive,32.78053,-117.04553,Wed,Wed,south,plant,required,
225,87,0087 SYS,87 SYS,5540 Kiowa Drive,32.78053,-117.04553,Thu,Thu,south,plant,required,
41,88,0088 SYS,88 SYS,5540 Kiowa Drive,32.78053,-117.04553,Mon,Mon,south,plant,required,
102,88,0088 SYS,88 SYS,5540 Kiowa Drive,32.78053,-117.04553,Tue,Tue,south,plant,required,
166,88,0088 SYS,88 SYS,5540 Kiowa Drive,32.78053,-117.04553,Wed,Wed,south,plant,required,
226,88,0088 SYS,88 SYS,5540 Kiowa Drive,32.78053,-117.04553,Thu,Thu,south,plant,required,
42,90,0090 SYS,90 SYS,5540 Kiowa Drive,32.78016,-117.04094,Mon,Mon,south,plant,required,
104,90,0090 SYS,90 SYS,5540 Kiowa Drive,32.78016,-117.04094,Tue,Tue,south,plant,required,
167,90,0090 SYS,90 SYS,5540 Kiowa Drive,32.78016,-117.04094,Wed,Wed,south,plant,required,
227,90,0090 SYS,90 SYS,5540 Kiowa Drive,32.78016,-117.04094,Thu,Thu,south,plant,required,
43,91,0091 SYS,91 SYS,5540 Kiowa Drive,32.78016,-117.04094,Mon,Mon,south,plant,required,
105,91,0091 SYS,91 SYS,5540 Kiowa Drive,32.78016,-117.04094,Tue,Tue,south,plant,required,
168,91,0091 SYS,91 SYS,5540 Kiowa Drive,32.78016,-117.04094,Wed,Wed,south,plant,required,
228,91,0091 SYS,91 SYS,5540 Kiowa Drive,32.78016,-117.04094,Thu,Thu,south,plant,required,
103,ALV SETTLED,00ALV SETTLED,ALV SETTLED,5540 Kiowa Drive,32.78053,-117.04553,Tue,Tue,south,plant,required,
24,153,0153 SYS,153 SYS,5552 Gala Avenue,32.79987,-117.06992,Mon,Mon,central 2,,,
141,2002 RWSYS,2002 RWSYS,2002 RWSYS,5700 Erlanger Drive,32.847073,-117.196092,Monthly,Wed,central 1,recycled,,Changed from Wednesday; updated GPS 2018-08-28
134,216,0216 SYS,216 SYS,5790 Chelsea Ave,32.81750851,-117.2724174,Wed,Wed,central 2,,,
26,112,0112 SYS,112 SYS,5832 Rockhurst Court,32.78679,-117.06043,Mon,Mon,central 2,impound,required,
133,251,0251 SYS,251 SYS,5840 Ravenswood,32.81840757,-117.2637558,Wed,Wed,central 2,,required,
89,173,0173 SYS,173 SYS,5922 Rancho Hills Drive,32.67237202,-117.0613139,Tue,Tue,south,,required,
142,108,0108 SYS,108 SYS,6056 Hughs Street,32.74701736,-117.0665432,Wed,Mon,south,impound,required,
204,334,0334 SYS,334 SYS,6070 Division Street,32.69453904,-117.0672571,Thu,Thu,south,,,
70,78A,0078A SYS,78A SYS,6200 Calle Mariselda,32.83500791,-117.0971281,Tue,Tue,central 2,,required,
201,150,0150 SYS,150 SYS,62nd and Acorn Street,32.76055874,-117.0640953,Thu,Thu,central 2,,required,
240,,0249A SYS,249A SYS,6429 Glidden St; Sample Stanchion,,,Monthly,,,,,From 2011 sampling plan; need lat/lon
69,182,0182 SYS,182 SYS,6475 Antigua Blvd.,32.83687169,-117.0902109,Tue,Tue,central 2,,,
206,171,0171 SYS,171 SYS,6541 Broadway,32.715879,-117.0570789,Thu,Thu,south,,required,
28,210,0210 SYS,210 SYS,6619 Cibola Road (In front of Park),32.80677,-117.05438,Mon,Mon,central 2,,,
25,262,0262 SYS,262 SYS,6669 Linda Lane,32.78459,-117.05287,Mon,Mon,central 2,,,
29,281,0281 SYS,281 SYS,6831 Monte Verde Drive,32.81231,-117.04814,Mon,Mon,central 2,,required,
,,,TBD 3,6946 Soliterra Vista Pkwy.,32.96735833,-117.1720186,Monthly,,,recycled,,
76,211,0211 SYS,211 SYS,7225 Kighlefy St.,32.801826,-117.082352,Deprecated,Tue,central 1,,,"delete, deprecated to 211A"
234,,0211A SYS,211A SYS,7228 Wembley St,,,Monthly,,,,,From 2011 sampling plan; need lat/lon
31,242,0242 SYS,242 SYS,7260 Barker Way,32.81324,-117.01777,Mon,Mon,central 2,,required,
136,11,0011 SYS,11 SYS,7269 Encelia Drive,32.84059444,-117.2578694,Wed,Wed,central 2,impound,required,
196,2001 RWSYS,2001 RWSYS,2001 RWSYS,7474 Charmant Drive,32.866704,-117.228682,Monthly,Thu,central 1,recycled,,"Previously Thursday, updated GPS 2018-08-28"
195,250,0250 SYS,250 SYS,7474 Charmant Drive,32.86582325,-117.2287174,Thu,Thu,central 1,,,
238,,0246 SYS,246 SYS,7928 Wing Span Dr,,,Monthly,,,,,From 2011 sampling plan; need lat/lon
27,111,0111 SYS,111 SYS,7950 Wingspan Drive,32.80771,-117.02608,Mon,,,impound,required,
137,219,0219 SYS,219 SYS,8415 El Paseo Grande,32.85913904,-117.2550493,Wed,Wed,central 2,,,
48,223,0223 SYS,223 SYS,8441 New Salem Street,32.91573965,-117.1419274,Tue,Tue,central 1,stanchion,required,
242,,0258 SYS,258 SYS,8455 Westway Dr,,,Monthly,,,,,From 2011 sampling plan; need lat/lon
11,326,0326 SYS,326 SYS,8555 Run of the Knolls Drive,32.99057,-117.13619,Monthly,,North,,,changed from Monday
32,152A,0152A SYS,152A SYS,8571 Highwood Drive,32.80863,-117.01377,Mon,Mon,central 2,,,
79,243,0243 SYS,243 SYS,8709 Lake Athabaska Way,32.79900458,-117.0102274,Tue,Tue,central 1,,required,
78,110,0110 SYS,110 SYS,8711 Lake Ashmere Drive,32.799095,-117.010836,Tue,Tue,central 1,impound,,
239,,0247A SYS,247A SYS,9125 Rehco Rd; Sample Stanchion,,,Monthly,,,,,From 2011 sampling plan; need lat/lon
237,,0241SYS,241SYS,9440 Carroll Park Dr,,,Monthly,,,,,From 2011 sampling plan; need lat/lon
139,2000 RWSYS,2000 RWSYS,2000 RWSYS,9540/9550 Towne Center Drive,32.882404,-117.210053,Monthly,Wed,central 1,recycled,,"Previously Wednesday, updated GPS 2018-08-28"
243,,0268 SYS,268 SYS,9604 Babauta Rd,32.937967,-117.120859,Monthly,,,,,From 2011 sampling plan; need lat/lon
244,,0176 SYS,176 SYS,9896 Olson Dr,,,Monthly,,,,,From 2011 sampling plan; need lat/lon
114,63A,0063A SYS,63A SYS,9930 Avaiary Drive,32.90307218,-117.100989,Wed,,,,,
77,208A,0208A SYS,208A SYS,Across from 6236 Wenrich,32.789282,-117.068302,Tue,Tue,central 1,,,
80,155,0155 SYS,155 SYS,Adams Avenue & Marlborough Avenue,32.76324144,-117.1063045,Tue,Tue,south,,required,
178,1000 RWSYS,1000 RWSYS,1000 RWSYS,Angelique & Scripps Poway Parkway,32.93449942,-117.0729516,Monthly,,,recycled,,Prev Thur
212,299,0299 SYS,299 SYS,Avenida De Las Vistas & Vista San Rafael,32.5834489,-117.013809,Thu,Thu,south,,,
135,10,0010 SYS,10 SYS,Brodiaea Way & Encelia Drive,32.84198419,-117.2590626,Wed,Wed,central 2,impound,required,
202,144,0144 SYS,144 SYS,Brookline & Date,32.72274325,-117.0913802,Thu,Thu,central 2,,,
60,230,0230 SYS,230 SYS,Caminito Mar De Plata & Caminito Foraleza,32.98323604,-117.2461571,Tue,,,stanchion,,
57,229,0229 SYS,229 SYS,Carmel Park Drive & Del Mar Glen,32.94130151,-117.2293228,Tue,,,stanchion,required,
86,131,0131 SYS,131 SYS,E. Park Ave & San Ysidro Blvd,32.55226621,-117.0440961,Tue,Tue,south,,required,
65,48,0048 SYS,48 SYS,Eads Ave & Coast Blvd S,32.845981,-117.277844,Tue,Tue,central 1,,,
62,65,0065 SYS,65 SYS,El Amigo Road & Durango Drive,32.9503062,-117.2531234,Tue,,,stanchion,,
50,289,0289 SYS,289 SYS,Escala Drive & Camberwell Lane,33.04508613,-117.064166,Tue,,,stanchion,,
181,231,0231 SYS,231 SYS,Fairgrove Lane & Salmon River Road,32.95780921,-117.1214689,Thu,,,,,
199,321,0321 SYS,321 SYS,Felspar and Haines,32.80029268,-117.2429931,Thu,Thu,central 2,,,
174,343,0343 SYS,343 SYS,Flanders Drive & Flanders Point,32.90967294,-117.1776066,Thu,Thu,central 1,,,
182,288,0288 SYS,288 SYS,Greenberg Way & Ganso Corte,32.9690026,-117.1367253,Thu,,,,,
121,1006 RWSYS,1006 RWSYS,1006 RWSYS,Gregg Street & Flint Place,32.93683,-117.04039,Monthly,,,recycled,,"Prev Wed, Changed to Monthly; updated GPS 2018-08-28"
205,134A,0134A SYS,134A SYS,Herrick & 65th ,32.71143617,-117.0580531,Thu,Thu,south,,,
18,57,0057 SYS,57 SYS,Idlewild Way & Hidalgo Ave,32.83208,-117.22075,Mon,Mon,central 1,,,
81,140,0140 SYS,140 SYS,Imperial Avenue & 45th Street,32.70414847,-117.0979741,Tue,Tue,south,,required,
207,285,0285 SYS,285 SYS,Jamacha Road & 68th Street,32.7106196,-117.0509291,Thu,Thu,south,,,
73,59,0059 SYS,59 SYS,La Cuenta Drive & Tierrasanta Blvd,32.748825,-117.183794,Tue,Tue,central 2,,,
67,14,0014 SYS,14 SYS,La Jolla Scienic Drive & Via Casa Alta,32.838374,-117.248676,Tue,Tue,central 1,impound,required,
117,226,0226 SYS,226 SYS,Meadowdale Lane & Walnutdale Street,32.9071331,-117.0616105,Wed,,,,,
19,52,0052 SYS,52 SYS,Mt. Abernathy Av & Chateau Drive,32.82236,-117.17515,Mon,Mon,central 1,stanchion,,
83,284,0284 SYS,284 SYS,Ocean View Hills Parkway & Sea Drift Way,32.57711428,-117.0227615,Tue,Tue,south,,required,
125,325,0325 SYS,325 SYS,Old Creek Road & Whispering Ridge Road,32.9245699,-117.0319646,Wed,,,,,
213,200,0200 SYS,200 SYS,Otay Mesa Road & Beyer Blvd,32.55824083,-117.0407649,Thu,Thu,south,,,
183,68,0068 SYS,68 SYS,Oviedo Street and Black Mountain Road,32.9684022,-117.1291971,Thu,,,,,
71,77A,0077A SYS,77A SYS,Palabra Circle,32.824173,-117.079617,Tue,Tue,central 2,,,
84,128,0128 SYS,128 SYS,Palm Ave. & Firethorn Street,32.5837054,-117.040334,Tue,Tue,south,,,
53,67,0067 SYS,67 SYS,Pomerado Rd & Grandee Place,33.02665117,-117.0598959,Tue,,,stanchion,required,
184,270A,0270A SYS,270A SYS,Rancho Del Sol Way & Rancho Del Azaleas Way,32.96483672,-117.1785255,Tue,,,,,changed from Thursday
30,212,0212 SYS,212 SYS,Rondel Ct & Tuxedo Road at Public Park,32.80907,-117.046,Mon,Mon,central 2,,,
127,283,0283 SYS,283 SYS,Scripps Ranch Blvd & Spencerport,32.9240587,-117.0999236,Wed,,,,,
128,215,0215 SYS,215 SYS,Soledad Road & Los Altos Way,32.81104997,-117.2399736,Wed,Wed,central 2,,required,
147,148,0148 SYS,148 SYS,Upas & Richmond Street,32.7411289,-117.1511808,Wed,Mon,south,,,
61,261,0261 SYS,261 SYS,Via Campestre & Caminito Punta Arenas,32.98468868,-117.2440376,Tue,,,stanchion,required,
190,66,0066 SYS,66 SYS,Via Cortina & Via Aprilia,32.93433566,-117.2526659,Thu,Thu,central 1,,,
175,344,0344 SYS,344 SYS,Westview Parkway & Compass Point Drive North,32.93057521,-117.1221213,Thu,,,stanchion,,Not in 2011 sampling plan
143,269,0269 SYS,269 SYS,Windward & Statton Court,32.6935975,-117.0476476,Wed,Mon,south,impound,required,
