"ofn","sopNumber","section","group","revisionDate","author","oldName","newName","TNI","refMethod","StdLang"
"Chlorine Residual_DR100_IWL_SOP_052.7_TNI.docx",1,"IWCP",NA,"","","Chlorine Residual_DR100_IWL_SOP_052.7","IWCP-SOP-001_Chlorine-Residual-DR100","Y",NA,""
"Chlorine Residual_DR4000_IWL_SOP_063.2_TNI.docx",2,"IWCP",NA,"","","Chlorine Residual_DR4000_IWL_SOP_063.2","IWCP-SOP-002_Chlorine-Residual-DR4000","Y",NA,""
"COD_IWL_SOP_038.8_TNI.docx",3,"IWCP",NA,"","","COD_IWL_SOP_038.8","IWCP-SOP-003_COD","Y",NA,""
"Field Conductivity_IWL_SOP_021.8_TNI.docx",4,"IWCP",NA,"","","Field Conductivity_IWL_SOP_021.8","IWCP-SOP-004_Field-Conductivity","Y",NA,""
"Field pH_IWL_SOP_025.9_TNI.docx",5,"IWCP",NA,"","","Field pH_IWL_SOP_025.9","IWCP-SOP-005_Field-pH","Y",NA,""
"OG_IWCP-SOP-001.1_TNI.docx",6,"IWCP",NA,"","","OG_IWCP-SOP-001.1","IWCP-SOP-006_OG","Y",NA,""
"Settleable Solids_IWL_SOP_007.4_TNI.docx",7,"IWCP",NA,"","","Settleable Solids_IWL_SOP_007.4","IWCP-SOP-007_Settleable-Solids","Y",NA,""
"Total and Soluble Sulfides_IWL_SOP_031.4_TNI.docx",8,"IWCP",NA,"","","Total and Soluble Sulfides_IWL_SOP_031.4","IWCP-SOP-008_Total-and-Soluble-Sulfides","Y",NA,""
"Acid Washing for Molecular Analysis_2017 Updated_formatted.docx",9,"MM",NA,"","","Acid Washing for Molecular Analysis_2017 Updated","MM-SOP-001_Acid-Washing-for-Molecular-Analysis-2017-Updated","Y",NA,""
"Alcohol Hazwaste_formatted.docx",10,"MM",NA,"","","Alcohol Hazwaste","MM-SOP-002_Alcohol-Hazwaste","Y",NA,""
"Asst Lab Tech Duties_formatted.docx",11,"MM",NA,"","","Asst Lab Tech Duties","MM-SOP-003_Asst-Lab-Tech-Duties","Y",NA,""
"Autoclave_MF_formatted.docx",12,"MM",NA,"","","Autoclave_MF","MM-SOP-004_Autoclave-MF","Y",NA,""
"Avonboat_MF_formatted.docx",13,"MM",NA,"","","Avonboat_MF","MM-SOP-005_Avonboat-MF","Y",NA,""
"Azide Dextrose Broth 040417_MF_formatted.docx",14,"MM",NA,"","","Azide Dextrose Broth 040417_MF","MM-SOP-006_Azide-Dextrose-Broth-040417-MF","Y",NA,""
"Bacterial Overlimit Responses SEE MY ADDED EDITIONS ON RED JLT_formatted.docx",15,"MM",NA,"","","Bacterial Overlimit Responses SEE MY ADDED EDITIONS ON RED JLT","MM-SOP-007_Bacterial-Overlimit-Responses-SEE-MY-ADDED-EDITIONS-ON-RED-JLT","Y",NA,""
"Balance_formatted.docx",16,"MM",NA,"","","Balance","MM-SOP-008_Balance","Y",NA,""
"Battery Recycling_formatted.docx",17,"MM",NA,"","","Battery Recycling","MM-SOP-009_Battery-Recycling","Y",NA,""
"BE Aagar_formatted.docx",18,"MM",NA,"","","BE Aagar","MM-SOP-010_BE-Aagar","Y",NA,""
"Biological Waste Disposal_formatted.docx",19,"MM",NA,"","","Biological Waste Disposal","MM-SOP-011_Biological-Waste-Disposal","Y",NA,""
"Brain Heart Infusion Broth & Agar_formatted.docx",20,"MM",NA,"","","Brain Heart Infusion Broth & Agar","MM-SOP-012_Brain-Heart-Infusion-Broth-&-Agar","Y",NA,""
"Brilliant Green Bile Broth_formatted.docx",21,"MM",NA,"","","Brilliant Green Bile Broth","MM-SOP-013_Brilliant-Green-Bile-Broth","Y",NA,""
"Calcium Saline Buffer_formatted.docx",22,"MM",NA,"","","Calcium Saline Buffer","MM-SOP-014_Calcium-Saline-Buffer","Y",NA,""
"Calibration of Lab Thermometers_formatted.docx",23,"MM",NA,"","","Calibration of Lab Thermometers","MM-SOP-015_Calibration-of-Lab-Thermometers","Y",NA,""
"Chain of Custody_formatted.docx",24,"MM",NA,"","","Chain of Custody","MM-SOP-016_Chain-of-Custody","Y",NA,""
"Chlorine Colorimeter_formatted.docx",25,"MM",NA,"","","Chlorine Colorimeter","MM-SOP-017_Chlorine-Colorimeter","Y",NA,""
"Colilert-18_formatted.docx",26,"MM",NA,"","","Colilert-18","MM-SOP-018_Colilert-18","Y",NA,""
"Colilert_formatted.docx",27,"MM",NA,"","","Colilert","MM-SOP-019_Colilert","Y",NA,""
"Coliliphage Top Overlay_formatted.docx",28,"MM",NA,"","","Coliliphage Top Overlay","MM-SOP-020_Coliliphage-Top-Overlay","Y",NA,""
"Coliphage MF_formatted.docx",29,"MM",NA,"","","Coliphage MF","MM-SOP-021_Coliphage-MF","Y",NA,""
"Competency Training_formatted.docx",30,"MM",NA,"","","Competency Training","MM-SOP-022_Competency-Training","Y",NA,""
"Completed Test_formatted.docx",31,"MM",NA,"","","Completed Test","MM-SOP-023_Completed-Test","Y",NA,""
"Conductivity Meter_formatted.docx",32,"MM",NA,"","","Conductivity Meter","MM-SOP-024_Conductivity-Meter","Y",NA,""
"Control Culture Propagation_formatted.docx",33,"MM",NA,"","","Control Culture Propagation","MM-SOP-025_Control-Culture-Propagation","Y",NA,""
"Drinking & Source Water_ MF_formatted.docx",34,"MM",NA,"","","Drinking & Source Water_ MF","MM-SOP-026_Drinking-&-Source-Water-MF","Y",NA,""
"Drinking & Source Water_ MTF_formatted.docx",35,"MM",NA,"","","Drinking & Source Water_ MTF","MM-SOP-027_Drinking-&-Source-Water-MTF","Y",NA,""
"Drinking & Source Water_formatted.docx",36,"MM",NA,"","","Drinking & Source Water","MM-SOP-028_Drinking-&-Source-Water","Y",NA,""
"Drinking Water Colilert_formatted.docx",37,"MM",NA,"","","Drinking Water Colilert","MM-SOP-029_Drinking-Water-Colilert","Y",NA,""
"Drinking Water Exceedance Notification Procedure_formatted.docx",38,"MM",NA,"","","Drinking Water Exceedance Notification Procedure","MM-SOP-030_Drinking-Water-Exceedance-Notification-Procedure","Y",NA,""
"EC Broth_formatted.docx",39,"MM",NA,"","","EC Broth","MM-SOP-031_EC-Broth","Y",NA,""
"Enterolert-formatted.docx",40,"MM",NA,"","","Enterolert","MM-SOP-032_Enterolert","Y",NA,""
"Environmental Protection-formatted.docx",41,"MM",NA,"","","Environmental Protection","MM-SOP-033_Environmental-Protection","Y",NA,""
"Fluorometer-formatted.docx",42,"MM",NA,"","","Fluorometer","MM-SOP-034_Fluorometer","Y",NA,""
"Freezing Enterococcus Ioslates-formatted.docx",43,"MM",NA,"","","Freezing Enterococcus Ioslates","MM-SOP-035_Freezing-Enterococcus-Ioslates","Y",NA,""
"Glassware washer-formatted.docx",44,"MM",NA,"","","Glassware washer","MM-SOP-036_Glassware-washer","Y",NA,""
"Gram Staining-formatted.docx",45,"MM",NA,"","","Gram Staining","MM-SOP-037_Gram-Staining","Y",NA,""
"Heterotrophic Plate Count-formatted.docx",46,"MM",NA,"","","Heterotrophic Plate Count","MM-SOP-038_Heterotrophic-Plate-Count","Y",NA,""
"Hot Air Oven-formatted.docx",47,"MM",NA,"","","Hot Air Oven","MM-SOP-039_Hot-Air-Oven","Y",NA,""
"Incident Communication Log-formatted.docx",48,"MM",NA,"","","Incident Communication Log","MM-SOP-040_Incident-Communication-Log","Y",NA,""
"Inhibitory Test-formatted.docx",49,"MM",NA,"","","Inhibitory Test","MM-SOP-041_Inhibitory-Test","Y",NA,""
"ISO Document Control -formatted.docx",50,"MM",NA,"","","ISO Document Control ","MM-SOP-042_ISO-Document-Control-","Y",NA,""
"Lab Spill SOP-formatted.docx",51,"MM",NA,"","","Lab Spill SOP","MM-SOP-043_Lab-Spill-SOP","Y",NA,""
"Lab Tech Duties_formatted.docx",52,"MM",NA,"","","Lab Tech Duties","MM-SOP-044_Lab-Tech-Duties","Y",NA,""
"Laboratory Maintenance-formatted.docx",53,"MM",NA,"","","Laboratory Maintenance","MM-SOP-045_Laboratory-Maintenance","Y",NA,""
"Labware Cleaning-sterilizing-formatted.docx",54,"MM",NA,"","","Labware Cleaning-sterilizing","MM-SOP-046_Labware-Cleaning-sterilizing","Y",NA,""
"Lauryl Tryptose Broth-formatted.docx",55,"MM",NA,"","","Lauryl Tryptose Broth","MM-SOP-047_Lauryl-Tryptose-Broth","Y",NA,""
"Maint and Mon of Lab Inc, Wb, Ref-formatted.docx",56,"MM",NA,"","","Maint and Mon of Lab Inc, Wb, Ref","MM-SOP-048_Maint-and-Mon-of-Lab-Inc,-Wb,-Ref","Y",NA,""
"Measuring Streamflow-formatted.docx",57,"MM",NA,"","","Measuring Streamflow","MM-SOP-049_Measuring-Streamflow","Y",NA,""
"mEI Agar-formatted.docx",58,"MM",NA,"","","mEI Agar","MM-SOP-050_mEI-Agar","Y",NA,""
"Membrane Filtration For Entero-formatted.docx",59,"MM",NA,"","","Membrane Filtration For Entero","MM-SOP-051_Membrane-Filtration-For-Entero","Y",NA,""
"Membrane Filtration For Total Fecal-formatted.docx",60,"MM",NA,"","","Membrane Filtration For Total Fecal","MM-SOP-052_Membrane-Filtration-For-Total-Fecal","Y",NA,""
"mENDO Agar LES-formatted.docx",61,"MM",NA,"","","mENDO Agar LES","MM-SOP-053_mENDO-Agar-LES","Y",NA,""
"mFC Agar-formatted.docx",62,"MM",NA,"","","mFC Agar","MM-SOP-054_mFC-Agar","Y",NA,""
"Midge Prevention and Control Program-formatted.docx",63,"MM",NA,"","","Midge Prevention and Control Program","MM-SOP-055_Midge-Prevention-and-Control-Program","Y",NA,""
"MilliQ A10Grt1 WaterPuRSys1-formatted.docx",64,"MM",NA,"","","MilliQ A10Grt1 WaterPuRSys1","MM-SOP-056_MilliQ-A10Grt1-WaterPuRSys1","Y",NA,""
"MilliQ Water Blanks-formatted.docx",65,"MM",NA,"","","MilliQ Water Blanks","MM-SOP-057_MilliQ-Water-Blanks","Y",NA,""
"Miscelleous Reagents-formatted.docx",66,"MM",NA,"","","Miscelleous Reagents","MM-SOP-058_Miscelleous-Reagents","Y",NA,""
"MS5 multiprobe_Surveyor4-formatted.docx",67,"MM",NA,"","","MS5 multiprobe_Surveyor4","MM-SOP-059_MS5-multiprobe-Surveyor4","Y",NA,""
"MTF fecal-formatted.docx",68,"MM",NA,"","","MTF fecal","MM-SOP-060_MTF-fecal","Y",NA,""
"MTF total-formatted.docx",69,"MM",NA,"","","MTF total","MM-SOP-061_MTF-total","Y",NA,""
"Non-shoreline sampling-formatted.docx",70,"MM",NA,"","","Non-shoreline sampling","MM-SOP-062_Non-shoreline-sampling","Y",NA,""
"Nutrient Agar-formatted.docx",71,"MM",NA,"","","Nutrient Agar","MM-SOP-063_Nutrient-Agar","Y",NA,""
"Nutrient Broth-formatted.docx",72,"MM",NA,"","","Nutrient Broth","MM-SOP-064_Nutrient-Broth","Y",NA,""
"Nutrient Broth II-formatted.docx",73,"MM",NA,"","","Nutrient Broth II","MM-SOP-065_Nutrient-Broth-II","Y",NA,""
"Ocean Vessel Supply-formatted.docx",74,"MM",NA,"","","Ocean Vessel Supply","MM-SOP-066_Ocean-Vessel-Supply","Y",NA,""
"pH meter-formatted.docx",75,"MM",NA,"","","pH meter","MM-SOP-067_pH-meter","Y",NA,""
"Phosphate Buffered Water-formatted.docx",76,"MM",NA,"","","Phosphate Buffered Water","MM-SOP-068_Phosphate-Buffered-Water","Y",NA,""
"Phosphate Saline Buffered Water-formatted.docx",77,"MM",NA,"","","Phosphate Saline Buffered Water","MM-SOP-069_Phosphate-Saline-Buffered-Water","Y",NA,""
"Pipette Calibration -formatted.docx",78,"MM",NA,"","","Pipette Calibration ","MM-SOP-070_Pipette-Calibration-","Y",NA,""
"Plate Count Agar-formatted.docx",79,"MM",NA,"","","Plate Count Agar","MM-SOP-071_Plate-Count-Agar","Y",NA,""
"Preparation For Bacterial QC slants-formatted.docx",80,"MM",NA,"","","Preparation For Bacterial QC slants","MM-SOP-072_Preparation-For-Bacterial-QC-slants","Y",NA,""
"qPCR_Entero 1a-formatted.docx",81,"MM",NA,"","","qPCR_Entero 1a","MM-SOP-073_qPCR-Entero-1a","Y",NA,""
"qPCR_HF183_formatted.docx",82,"MM",NA,"","","qPCR_HF183","MM-SOP-074_qPCR-HF183","Y",NA,""
"Recycle-formatted.docx",83,"MM",NA,"","","Recycle","MM-SOP-075_Recycle","Y",NA,""
"Reporting Of Pesticide Use-formatted.docx",84,"MM",NA,"","","Reporting Of Pesticide Use","MM-SOP-076_Reporting-Of-Pesticide-Use","Y",NA,""
"RTV900-formatted.docx",85,"MM",NA,"","","RTV900","MM-SOP-077_RTV900","Y",NA,""
"Sewage Spill_formatted.docx",86,"MM",NA,"","","Sewage Spill","MM-SOP-078_Sewage-Spill","Y",NA,""
"Shoreline Sampling_formatted.docx",87,"MM",NA,"","","Shoreline Sampling","MM-SOP-079_Shoreline-Sampling","Y",NA,""
"Soil Prep for MF Filtration and Dry Weight_formatted.docx",88,"MM",NA,"","","Soil Prep for MF Filtration and Dry Weight","MM-SOP-080_Soil-Prep-for-MF-Filtration-and-Dry-Weight","Y",NA,""
"Soil Prep for PC Filtration_formatted.docx",89,"MM",NA,"","","Soil Prep for PC Filtration","MM-SOP-081_Soil-Prep-for-PC-Filtration","Y",NA,""
"SOP Management & Use_formatted.docx",90,"MM",NA,"","","SOP Management & Use","MM-SOP-082_SOP-Management-&-Use","Y",NA,""
"SPWRP Vector Control_formatted.docx",91,"MM",NA,"","","SPWRP Vector Control","MM-SOP-083_SPWRP-Vector-Control","Y",NA,""
"Sterilization of Wooden App Sticks_formatted.docx",92,"MM",NA,"","","Sterilization of Wooden App Sticks","MM-SOP-084_Sterilization-of-Wooden-App-Sticks","Y",NA,""
"Surf Zone Sampling_formatted.docx",93,"MM",NA,"","","Surf Zone Sampling","MM-SOP-085_Surf-Zone-Sampling","Y",NA,""
"Trypticase Soy Agar-formatted.docx",94,"MM",NA,"","","Trypticase Soy Agar","MM-SOP-086_Trypticase-Soy-Agar","Y",NA,""
"Trypticase Soy Broth_formatted.docx",95,"MM",NA,"","","Trypticase Soy Broth","MM-SOP-087_Trypticase-Soy-Broth","Y",NA,""
"UV sterilizer-formatted.docx",96,"MM",NA,"","","UV sterilizer","MM-SOP-088_UV-sterilizer","Y",NA,""
"Vitek 2 Compact Verification-formatted.docx",97,"MM",NA,"","","Vitek 2 Compact Verification","MM-SOP-089_Vitek-2-Compact-Verification","Y",NA,""
"Wastewater Sampling-formatted.docx",98,"MM",NA,"","","Wastewater Sampling","MM-SOP-090_Wastewater-Sampling","Y",NA,""
"Wheaton Unispense Media Dispenser-formatted.docx",99,"MM",NA,"","","Wheaton Unispense Media Dispenser","MM-SOP-091_Wheaton-Unispense-Media-Dispenser","Y",NA,""
"Wheaton Unispense PRO-formatted.docx",100,"MM",NA,"","","Wheaton Unispense PRO","MM-SOP-092_Wheaton-Unispense-PRO","Y",NA,""
"SOP_Benthic_Buffering Formaldehyde_formatted.docx",101,"MBOO",NA,"","","SOP_Benthic_Buffering Formaldehyde","MBOO-SOP-001_Benthic-Buffering-Formaldehyde","Y",NA,""
"SOP_Benthic_Cleaning Benthic Containers_formatted.docx",102,"MBOO",NA,"","","SOP_Benthic_Cleaning Benthic Containers","MBOO-SOP-002_Benthic-Cleaning-Benthic-Containers","Y",NA,""
"SOP_Benthic_Electronic Taxonomy Datasheets_formatted.docx",103,"MBOO",NA,"","","SOP_Benthic_Electronic Taxonomy Datasheets","MBOO-SOP-003_Benthic-Electronic-Taxonomy-Datasheets","Y",NA,""
"SOP_Benthic_Grunge Assessment_formatted.docx",104,"MBOO",NA,"","","SOP_Benthic_Grunge Assessment","MBOO-SOP-004_Benthic-Grunge-Assessment","Y",NA,""
"SOP_Benthic_Identification Infaunal Organisms_formatted.docx",105,"MBOO",NA,"","","SOP_Benthic_Identification Infaunal Organisms","MBOO-SOP-005_Benthic-Identification-Infaunal-Organisms","Y",NA,""
"SOP_Benthic_Labeling Infauna Vials_formatted.docx",106,"MBOO",NA,"","","SOP_Benthic_Labeling Infauna Vials","MBOO-SOP-006_Benthic-Labeling-Infauna-Vials","Y",NA,""
"SOP_Benthic_Mixing EtOH_formatted.docx",107,"MBOO",NA,"","","SOP_Benthic_Mixing EtOH","MBOO-SOP-007_Benthic-Mixing-EtOH","Y",NA,""
"SOP_Benthic_Re-sort Analysis_formatted.docx",108,"MBOO",NA,"","","SOP_Benthic_Re-sort Analysis","MBOO-SOP-008_Benthic-Re-sort-Analysis","Y",NA,""
"SOP_Benthic_Sample Check-In After Sorting_formatted.docx",109,"MBOO",NA,"","","SOP_Benthic_Sample Check-In After Sorting","MBOO-SOP-009_Benthic-Sample-Check-In-After-Sorting","Y",NA,""
"SOP_Benthic_Sample Check-in_formatted.docx",110,"MBOO",NA,"","","SOP_Benthic_Sample Check-in","MBOO-SOP-010_Benthic-Sample-Check-in","Y",NA,""
"SOP_Benthic_Sample Retrieval_formatted.docx",111,"MBOO",NA,"","","SOP_Benthic_Sample Retrieval","MBOO-SOP-011_Benthic-Sample-Retrieval","Y",NA,""
"SOP_Benthic_Sample Transfer_formatted.docx",112,"MBOO",NA,"","","SOP_Benthic_Sample Transfer","MBOO-SOP-012_Benthic-Sample-Transfer","Y",NA,""
"SOP_Benthic_Sample Transport Sorting_formatted.docx",113,"MBOO",NA,"","","SOP_Benthic_Sample Transport Sorting","MBOO-SOP-013_Benthic-Sample-Transport-Sorting","Y",NA,""
"SOP_Benthic_Sampling_formatted.docx",114,"MBOO",NA,"","","SOP_Benthic_Sampling","MBOO-SOP-014_Benthic-Sampling","Y",NA,""
"SOP_Benthic_Waste Formalin and Ethanol_formatted.docx",115,"MBOO",NA,"","","SOP_Benthic_Waste Formalin and Ethanol","MBOO-SOP-015_Benthic-Waste-Formalin-and-Ethanol","Y",NA,""
"SOP_ISO_Document_Control_formatted.docx",116,"MBOO",NA,"","","SOP_ISO_Document_Control","MBOO-SOP-016_ISO-Document-Control","Y",NA,""
"SOP_OcnOps_ADCP_formatted.docx",117,"MBOO",NA,"","","SOP_OcnOps_ADCP","MBOO-SOP-017_OcnOps-ADCP","Y",NA,""
"SOP_OcnOps_Benthics_formatted.docx",118,"MBOO",NA,"","","SOP_OcnOps_Benthics","MBOO-SOP-018_OcnOps-Benthics","Y",NA,""
"SOP_OcnOps_Fish Tissue_formatted.docx",119,"MBOO",NA,"","","SOP_OcnOps_Fish Tissue","MBOO-SOP-019_OcnOps-Fish-Tissue","Y",NA,""
"SOP_OcnOps_Kelp WQ_formatted.docx",120,"MBOO",NA,"","","SOP_OcnOps_Kelp WQ","MBOO-SOP-020_OcnOps-Kelp-WQ","Y",NA,""
"SOP_OcnOps_Mission_Manager_formatted.docx",121,"MBOO",NA,"","","SOP_OcnOps_Mission_Manager","MBOO-SOP-021_OcnOps-Mission-Manager","Y",NA,""
"SOP_OcnOps_Monitor III_formatted.docx",122,"MBOO",NA,"","","SOP_OcnOps_Monitor III","MBOO-SOP-022_OcnOps-Monitor-III","Y",NA,""
"SOP_OcnOps_Oceanus_formatted.docx",123,"MBOO",NA,"","","SOP_OcnOps_Oceanus","MBOO-SOP-023_OcnOps-Oceanus","Y",NA,""
"SOP_OcnOps_Quarterly WQ_formatted.docx",124,"MBOO",NA,"","","SOP_OcnOps_Quarterly WQ","MBOO-SOP-024_OcnOps-Quarterly-WQ","Y",NA,""
"SOP_OcnOps_Rig Fishing_formatted.docx",125,"MBOO",NA,"","","SOP_OcnOps_Rig Fishing","MBOO-SOP-025_OcnOps-Rig-Fishing","Y",NA,""
"SOP_OcnOps_Seabird CTD_formatted.docx",126,"MBOO",NA,"","","SOP_OcnOps_Seabird CTD","MBOO-SOP-026_OcnOps-Seabird-CTD","Y",NA,""
"SOP_OcnOps_Static Mooring Service_formatted.docx",127,"MBOO",NA,"","","SOP_OcnOps_Static Mooring Service","MBOO-SOP-027_OcnOps-Static-Mooring-Service","Y",NA,""
"SOP_OcnOps_Thermistor_formatted.docx",128,"MBOO",NA,"","","SOP_OcnOps_Thermistor","MBOO-SOP-028_OcnOps-Thermistor","Y",NA,""
"SOP_OcnOps_Trawls_formatted.docx",129,"MBOO",NA,"","","SOP_OcnOps_Trawls","MBOO-SOP-029_OcnOps-Trawls","Y",NA,""
"040.Stock Cultures-TX025-SOP-V3a-23Sept2017_formatted.docx",130,"TOX",NA,"","","Stock Cultures-TX025-SOP-V3a-23Sept2017","TOX-SOP-001_Stock-Cultures","Y",NA,""
"041.Artemia-TX049-SOP-V1b-14Aug2017_formatted.docx",131,"TOX",NA,"","","Artemia-TX049-SOP-V1b-14Aug2017","TOX-SOP-002_Artemia","Y",NA,""
"072.Alkalinity-TX020-SOP-V2b-1Nov2017_formatted.docx",132,"TOX",NA,"","","Alkalinity-TX020-SOP-V2b-1Nov2017","TOX-SOP-003_Alkalinity","Y",NA,""
"073.Hardness-TX021-SOP-V2b-1Nov2017_formatted.docx",133,"TOX",NA,"","","Hardness-TX021-SOP-V2b-1Nov2017","TOX-SOP-004_Hardness","Y",NA,""
"100.Giant Kelp-TX010-SOP-V3b-17Jan2018_formatted.docx",134,"TOX",NA,"","","Giant Kelp-TX010-SOP-V3b-17Jan2018","TOX-SOP-005_Giant-Kelp","Y",NA,""
"101.Abalone-TX001-SOP-V3b-17Jan2018_formatted.docx",135,"TOX",NA,"","","Abalone-TX001-SOP-V3b-17Jan2018","TOX-SOP-006_Abalone","Y",NA,""
"102.Topsmelt Chronic-TX014-SOP-V2c-17Jan2018_formatted.docx",136,"TOX",NA,"","","Topsmelt Chronic-TX014-SOP-V2c-17Jan2018","TOX-SOP-007_Topsmelt-Chronic","Y",NA,""
"103.Urchin Fertilization-TX017-SOP-V3b-12Jan2018_formatted.docx",137,"TOX",NA,"","","Urchin Fertilization-TX017-SOP-V3b-12Jan2018","TOX-SOP-008_Urchin-Fertilization","Y",NA,""
"104.Sand Dollar Sperm-TX007-SOP-V2a-13Mar2017_formatted.docx",138,"TOX",NA,"","","Sand Dollar Sperm-TX007-SOP-V2a-13Mar2017","TOX-SOP-009_Sand-Dollar-Sperm","Y",NA,""
"105.Urchin Development-TX018-SOP-V2a-13Mar2017_formatted.docx",139,"TOX",NA,"","","Urchin Development-TX018-SOP-V2a-13Mar2017","TOX-SOP-010_Urchin-Development","Y",NA,""
"106.Fathead Chronic-TX045-SOP-V2a-13Mar2017_formatted.docx",140,"TOX",NA,"","","Fathead Chronic-TX045-SOP-V2a-13Mar2017","TOX-SOP-011_Fathead-Chronic","Y",NA,""
"107.Sele Chronic-TX044-SOP-V2a-13Mar2017_formatted.docx",141,"TOX",NA,"","","Sele Chronic-TX044-SOP-V2a-13Mar2017","TOX-SOP-012_Sele-Chronic","Y",NA,""
"111.Mussel Embryo-TX042-SOP-V3d-4April2018_formatted.docx",142,"TOX",NA,"","","Mussel Embryo-TX042-SOP-V3d-4April2018","TOX-SOP-013_Mussel-Embryo","Y",NA,""
"200.Topsmelt Acute-TX015-SOP-V2a-10Mar2017_formatted.docx",143,"TOX",NA,"","","Topsmelt Acute-TX015-SOP-V2a-10Mar2017","TOX-SOP-014_Topsmelt-Acute","Y",NA,""
"201.Mysidopsis Acute-TX013-SOP-V2c-12Jan2018_formatted.docx",144,"TOX",NA,"","","Mysidopsis Acute-TX013-SOP-V2c-12Jan2018","TOX-SOP-015_Mysidopsis-Acute","Y",NA,""
"202.Fathead Acute Larval-TX009-SOP-V2a-10Mar2017_formatted.docx",145,"TOX",NA,"","","Fathead Acute Larval-TX009-SOP-V2a-10Mar2017","TOX-SOP-016_Fathead-Acute-Larval","Y",NA,""
"203.Fathead Acute 96 Juv-TX008-SOP-V2a-10Mar2017_formatted.docx",146,"TOX",NA,"","","Fathead Acute 96 Juv-TX008-SOP-V2a-10Mar2017","TOX-SOP-017_Fathead-Acute-96-Juv","Y",NA,""
"300.Amphipod Sediment-TX003-SOP-V4b-17Jan2018_formatted.docx",147,"TOX",NA,"","","Amphipod Sediment-TX003-SOP-V4b-17Jan2018","TOX-SOP-018_Amphipod-Sediment","Y",NA,""
"400.Microtox-TX012-SOP-V2a-13Mar2017_formatted.docx",148,"TOX",NA,"","","Microtox-TX012-SOP-V2a-13Mar2017","TOX-SOP-019_Microtox","Y",NA,""
"EPA218.6 Hexavalent Chromium 021314_formatted.docx",149,"WQCS",NA,"","","EPA218.6 Hexavalent Chromium 021314","WQCS-SOP-001_Hexavalent-Chromium-021314","Y","EPA 218.6",""
"EPA218.6 Hexavalent Chromium_formatted.docx",150,"WQCS",NA,"","","EPA218.6 Hexavalent Chromium","WQCS-SOP-002_Hexavalent-Chromium","Y","EPA 218.6",""
"MET-01-04 SM3111 FMAA_formatted.docx",151,"WQCS",NA,"","","MET-01-04 SM3111 FMAA","WQCS-SOP-003_FMAA","Y","SM3111",""
"MET-02-03 EPA 200.8 ICPMS_TNI_formatted.docx",152,"WQCS",NA,"","","MET-02-03 EPA 200.8 ICPMS_TNI","WQCS-SOP-004_ICPMS-TNI","Y","EPA 200.8",""
"MET-03-02 Metals Digestion - for merge_TNI.docx",153,"WQCS",NA,"","","MET-03-02 Metals Digestion - for merge","WQCS-SOP-005_Metals-Digestion-for-merge","Y",NA,""
"MET-10-03 SM2320B ALKALINITY_fomatted.docx",154,"WQCS",NA,"","","MET-10-03 SM2320B ALKALINITY","WQCS-SOP-006_ALKALINITY","Y","SM2320B",""
"MET-13-00 SM4500 pH_formatted.docx",155,"WQCS",NA,"","","MET-13-00 SM4500 pH","WQCS-SOP-007_pH","Y","SM4500",""
"MET0507_SM2540_SOLIDS_formatted.docx",156,"WQCS",NA,"","","MET0507_SM2540_SOLIDS","WQCS-SOP-008_SOLIDS","Y","SM2540",""
"MIC-01-01 Sterility testing_formatted.docx",157,"DWM",NA,"","","MIC-01-01 Sterility testing","DWM-SOP-001_Sterility-testing","Y",NA,""
"MIC-05-03 Colilert P_A_formatted.docx",158,"DWM",NA,"","","MIC-05-03 Colilert P_A","DWM-SOP-002_Colilert-P-A","Y",NA,""
"MIC-06-02 HPC_formatted.docx",159,"DWM",NA,"","","MIC-06-02 HPC","DWM-SOP-003_HPC","Y",NA,""
"MIC-08-01 MF-formatted.docx",160,"DWM",NA,"","","MIC-08-01 MF","DWM-SOP-004_MF","Y",NA,""
"MIC-09-01 Quality Control Cultures_formatted.docx",161,"DWM",NA,"","","MIC-09-01 Quality Control Cultures","DWM-SOP-005_Quality-Control-Cultures","Y",NA,""
"MIC-10-01 Micro Laboratory Practices & Safety_formatted.docx",162,"DWM",NA,"","","MIC-10-01 Micro Laboratory Practices & Safety","DWM-SOP-006_Micro-Laboratory-Practices-&-Safety","Y",NA,""
"MIC-11-02 MTF_formatted.docx",163,"DWM",NA,"","","MIC-11-02 MTF","DWM-SOP-007_MTF","Y",NA,""
"MIC-14-01 Microbiological Waste Disposal_formatted.docx",164,"DWM",NA,"","","MIC-14-01 Microbiological Waste Disposal","DWM-SOP-008_Microbiological-Waste-Disposal","Y",NA,""
"ORG-14-01 SM 6040 GEO_MIB_SPME 2016_TNI.docx",165,"WQCS","ORG","","","ORG-14-01 SM 6040 GEO_MIB_SPME 2016","WQCS-SOP-009_ORG-SM-6040-GEO-MIB-SPME-2016","Y",NA,""
"ORG-17-02 SRL524M TCP-formatted.docx",166,"WQCS","ORG","","","ORG-17-02 SRL524M TCP","WQCS-SOP-010_ORGTCP","Y","SRL524M",""
"ORG-18-02 SM5310B TOC V_formatted.docx",167,"WQCS","ORG","","","ORG-18-02 SM5310B TOC V","WQCS-SOP-011_ORG-TOC-V","Y","SM5310B",""
"PC-05-02 SM2510B Conductivity Manual_formatted.docx",168,"WQCS","PC","","","PC-05-02 SM2510B Conductivity Manual","WQCS-SOP-012_PCSM2510B-Conductivity-Manual","Y","SM2510",""
"PC-09-03 Mod SM 4500 Silica F [Skalar]_formatted.docx",169,"WQCS","PC","","","PC-09-03 Mod SM 4500 Silica F [Skalar]","WQCS-SOP-013_PCMod-SM-4500-Silica-F-[Skalar]","Y",NA,""
"PC-11-03 EPA180 1 Turbidity_formatted.docx",170,"WQCS","PC","","","PC-11-03 EPA180 1 Turbidity","WQCS-SOP-014_PCEPA180-1-Turbidity","Y","EPA 180 1",""
"PC-12-01 EPA300.1 BROMATE Marc 101011_formatted.docx",171,"WQCS","PC","","","PC-12-01 EPA300.1 BROMATE Marc 101011","WQCS-SOP-015_PCEPA300.1-BROMATE-Marc-101011","Y","EPA 300.1",""
"PC-12-01 EPA300.1 BROMATE_formatted.docx",172,"WQCS","PC","","","PC-12-01 EPA300.1 BROMATE","WQCS-SOP-016_PCEPA300.1-BROMATE","Y","EPA 300.1",""
"PC-13-06 EPA300A IC ANIONS-formatted.docx",173,"WQCS","PC","","","PC-13-06 EPA300A IC ANIONS","WQCS-SOP-017_PCEPA300A-IC-ANIONS","Y","EPA 300",""
"PC-13-06 EPA300A IC ANIONS_formatted.docx",174,"WQCS","PC","","","PC-13-06 EPA300A IC ANIONS","WQCS-SOP-018_PCEPA300A-IC-ANIONS","Y","EPA 300",""
"PC-16-00 EPA314 IC PERCHLORATE-formatted.docx",175,"WQCS","PC","","","PC-16-00 EPA314 IC PERCHLORATE","WQCS-SOP-019_PCEPA314-IC-PERCHLORATE","Y","EPA 314",""
"PC-22-00 EPA300.1 CHLORATE_CHLORITE-formatted.docx",176,"WQCS","PC","","","PC-22-00 EPA300.1 CHLORATE_CHLORITE","WQCS-SOP-020_PCEPA300.1-CHLORATE-CHLORITE","Y","EPA 300.1",""
"PC-23-00 Conductivity Hardness Alkalinity_formatted.docx",177,"WQCS","PC","","","PC-23-00 Conductivity Hardness Alkalinity","WQCS-SOP-021_PCConductivity-Hardness-Alkalinity","Y",NA,""
"PRP-03-01 Mettler Balance_formatted.docx",178,"DWM","PRP","","","PRP-03-01 Mettler Balance","DWM-SOP-009_PRPMettler-Balance","Y",NA,""
"PRP-03-01 MettlerBalance_formatted.docx",179,"DWM","PRP","","","PRP-03-01 MettlerBalance","DWM-SOP-010_PRPMettlerBalance","Y",NA,""
"PRP-16-01 Assigning Lot Numbers_formatted.docx",180,"DWM","PRP","","","PRP-16-01 Assigning Lot Numbers","DWM-SOP-011_PRPAssigning-Lot-Numbers","Y",NA,""
"PRP-24-02 Media QA Guidelines_formatted.docx",181,"DWM","PRP","","","PRP-24-02 Media QA Guidelines","DWM-SOP-012_PRPMedia-QA-Guidelines","Y",NA,""
"PRP-27-00 Microbiological Media Recipes and Quality Control_formatted.docx",182,"DWM","PRP","","","PRP-27-00 Microbiological Media Recipes and Quality Control","DWM-SOP-013_PRPMicrobiological-Media-Recipes-and-Quality-Control","Y",NA,""
"SAM0205_HACH_Chlorine_Colorimeter_TNI.docx",183,"DWM","SAM","","","SAM0205_HACH_Chlorine_Colorimeter","DWM-SOP-014_SAM-HACH-Chlorine-Colorimeter","Y",NA,""
"WQL-SOP-002 EPA 505 PESTICIDES_agilent_formatted.docx",184,"WQCS",NA,"","","WQCS-SOP-002 EPA 505 PESTICIDES_agilent","WQCS-SOP-022_PESTICIDES-agilent","Y","EPA 505",""
"WQL-SOP-003 EPA531.1 Carbamates.docx",185,"WQCS",NA,"","","WQCS-SOP-003 EPA531.1 Carbamates","WQCS-SOP-023_Carbamates","Y","EPA 531.1",""
"WQL-SOP-005 SRL524M TCP_FM update.docx",186,"WQCS",NA,"","","WQCS-SOP-005 SRL524M TCP_FM update","WQCS-SOP-024_TCP-FM-update","Y","SRL524M",""
"WQL-SOP-006 EPA 504.1 EDB_DBCP.docx",187,"WQCS",NA,"","","WQCS-SOP-006 EPA 504.1 EDB_DBCP","WQCS-SOP-025_EDB-DBCP","Y","EPA 504.1",""
"WQL-SOP-007 EPA 505 PESTICIDES_agilent-formatted.docx",188,"WQCS",NA,"","","WQCS-SOP-007 EPA 505 PESTICIDES_agilent","WQCS-SOP-026_PESTICIDES-agilent","Y","EPA 505",""
"WQL-SOP-008 EPA5252 SOC.docx",189,"WQCS",NA,"","","WQCS-SOP-008 EPA5252 SOC","WQCS-SOP-027_SOC","Y","EPA 5252",""
"WQL-SOP-009 EPA547 GLYPHOSATE.docx",190,"WQCS",NA,"","","WQCS-SOP-009 EPA547 GLYPHOSATE","WQCS-SOP-028_GLYPHOSATE","Y","EPA 547",""
"WQL-SOP-010 EPA 548.1 Endothall.docx",191,"WQCS",NA,"","","WQCS-SOP-010 EPA 548.1 Endothall","WQCS-SOP-029_Endothall","Y","EPA 548.1",""
"WQL-SOP-011 EPA5492 DIQUAT.docx",192,"WQCS",NA,"","","WQCS-SOP-011 EPA5492 DIQUAT","WQCS-SOP-030_DIQUAT","Y","EPA 5492",""
"WQL-SOP-012 EPA552.2 HAA5.docx",193,"WQCS",NA,"","","WQCS-SOP-012 EPA552.2 HAA5","WQCS-SOP-031_HAA5","Y","EPA 552.2",""
"WQL-SOP-013 EPA 555 Herbicides.docx",194,"WQCS",NA,"","","WQCS-SOP-013 EPA 555 Herbicides","WQCS-SOP-032_Herbicides","Y","EPA 555",""
"WQL-SOP-016 EPA200.8-formatted.docx",195,"WQCS",NA,"","","WQCS-SOP-016 EPA200.8","WQCS-SOP-033_EPA200.8","Y","EPA 200.8",""
"WQL-SOP-016 EPA200.8.docx",196,"WQCS",NA,"","","WQCS-SOP-016 EPA200.8","WQCS-SOP-034_EPA200.8","Y","EPA 200.8",""
"WQL-SOP-017 EPA300.1 Anions by IC.docx",197,"WQCS",NA,"","","WQCS-SOP-017 EPA300.1 Anions by IC","WQCS-SOP-035_Anions-by-IC","Y","EPA 300.1",""
"WQL-SOP-019 EPA Chlorate_Chlorite.docx",198,"WQCS",NA,"","","WQCS-SOP-019 EPA Chlorate_Chlorite","WQCS-SOP-036_Chlorate-Chlorite","Y","EPA ",""
"WQL-SOP-020 Chromium VI.docx",199,"WQCS",NA,"","","WQCS-SOP-020 Chromium VI","WQCS-SOP-037_Chromium-VI","Y",NA,""
"WQL-SOP-021 EPA 314.0 Perchlorate by IC.docx",200,"WQCS",NA,"","","WQCS-SOP-021 EPA 314.0 Perchlorate by IC","WQCS-SOP-038_Perchlorate-by-IC","Y","EPA 314.0",""
"WQL-SOP-022 Alk_Hardness_Cond.docx",201,"WQCS",NA,"","","WQCS-SOP-022 Alk_Hardness_Cond","WQCS-SOP-039_Alk-Hardness-Cond","Y",NA,""
"WQL-SOP-027 EPA 353.2 NH3_NO3_NO2.docx",202,"WQCS",NA,"","","WQCS-SOP-027 EPA 353.2 NH3_NO3_NO2","WQCS-SOP-040_NH3-NO3-NO2","Y","EPA 353.2",""
"WQL-SOP-029 Silica.docx",203,"WQCS",NA,"","","WQCS-SOP-029 Silica","WQCS-SOP-041_Silica","Y",NA,""
"WQL-SOP-031 SM5310B TOC_DOC.docx",204,"WQCS",NA,"","","WQCS-SOP-031 SM5310B TOC_DOC","WQCS-SOP-042_TOC-DOC","Y","SM5310B",""
"WQL-SOP-034 EPA180.1 Turbidity.docx",205,"WQCS",NA,"","","WQCS-SOP-034 EPA180.1 Turbidity","WQCS-SOP-043_Turbidity","Y","EPA 180.1",""
"WQL-SOP-035 SM5910B UV254.docx",206,"WQCS",NA,"","","WQCS-SOP-035 SM5910B UV254","WQCS-SOP-044_UV254","Y","SM5910B",""
"WQL-SOP-043 HACH_PPA_SL1000.docx",207,"WQCS",NA,"","","WQCS-SOP-043 HACH_PPA_SL1000","WQCS-SOP-045_HACH-PPA-SL1000","Y",NA,""
"WQL-SOP-045 MF.docx",208,"WQCS",NA,"","","WQCS-SOP-045 MF","WQCS-SOP-046_MF","Y",NA,""
"WQL-SOP-046 SM9223B_ColilertColilert18.docx",209,"WQCS",NA,"","","WQCS-SOP-046 SM9223B_ColilertColilert18","WQCS-SOP-047_SM9223B-ColilertColilert18","Y","SM9223B",""
"WQL-SOP-047 SM9215B_HPC.docx",210,"WQCS",NA,"","","WQCS-SOP-047 SM9215B_HPC","WQCS-SOP-048_SM9215B-HPC","Y","SM9215B",""
"WQL-SOP-048 MTF.docx",211,"WQCS",NA,"","","WQCS-SOP-048 MTF","WQCS-SOP-049_MTF","Y",NA,""
"WQL-SOP-050 Waste Neutralization_TNI.docx",212,"WQCS",NA,"","","WQCS-SOP-050 Waste Neutralization","WQCS-SOP-050_Waste-Neutralization","Y",NA,""
"WQL-SOP-051 Hazardous Waste Daily Collections_TNI.docx",213,"WQCS",NA,"","","WQCS-SOP-051 Hazardous Waste Daily Collections","WQCS-SOP-051_Hazardous-Waste-Daily-Collections","Y",NA,""
"WQL-SOP-052 Hazardous Waste Storage and Removal_TNI.docx",214,"WQCS",NA,"","","WQCS-SOP-052 Hazardous Waste Storage and Removal","WQCS-SOP-052_Hazardous-Waste-Storage-and-Removal","Y",NA,""
"608_WW_TNI.docx",215,"ECS",NA,"","","608_WW","ECS-SOP-001_608-WW","Y",NA,""
"8081a_8082_SLDG_TNI.docx",216,"ECS",NA,"","","8081a_8082_SLDG","ECS-SOP-002_8081a-8082-SLDG","Y",NA,""
"8260B_SLDS_TNI.docx",217,"ECS",NA,"","","8260B_SLDS","ECS-SOP-003_8260B-SLDS","Y",NA,""
"8260B_WW_TNI.docx",218,"ECS",NA,"","","8260B_WW","ECS-SOP-004_8260B-WW","Y",NA,""
"ADJ_NA_WW_TNI.docx",219,"ECS",NA,"","","ADJ_NA_WW","ECS-SOP-005_ADJ-WW","Y",NA,""
"ALKALINITY_VOLACID_SLDG_TNI.docx",220,"ECS",NA,"","","ALKALINITY_VOLACID_SLDG","ECS-SOP-006_ALKALINITY-VOLACID-SLDG","Y",NA,""
"Alkalinity_WW_TNI.docx",221,"ECS",NA,"","","Alkalinity_WW","ECS-SOP-007_Alkalinity-WW","Y",NA,""
"ANION_ICCD_SLDG_TNI.docx",222,"ECS",NA,"","","ANION_ICCD_SLDG","ECS-SOP-008_ANION-ICCD-SLDG","Y",NA,""
"ANION_ICCD_WW_TNI.docx",223,"ECS",NA,"","","ANION_ICCD_WW","ECS-SOP-009_ANION-ICCD-WW","Y",NA,""
"ARSENIC AND SELENIUM IN SLUDGE BY HYDRIDE METHODS 7062 AND 7742_TNI.docx",224,"ECS",NA,"","","ARSENIC AND SELENIUM IN SLUDGE BY HYDRIDE METHODS 7062 AND 7742","ECS-SOP-010_ARSENIC-AND-SELENIUM-IN-SLUDGE-BY-HYDRIDE-METHODS-7062-AND-7742","Y",NA,""
"BN_PHEN_GRIT_DSLDG_TNI.docx",225,"ECS",NA,"","","BN_PHEN_GRIT_DSLDG","ECS-SOP-011_BN-PHEN-GRIT-DSLDG","Y",NA,""
"BN_PHENOLS_WW_TNI.docx",226,"ECS",NA,"","","BN_PHENOLS_WW","ECS-SOP-012_BN-PHENOLS-WW","Y",NA,""
"BN_SED_TNI.docx",227,"ECS",NA,"","","BN_SED","ECS-SOP-013_BN-SED","Y",NA,""
"BOD_WW_SED_SLDS rev April2018_TNI.docx",228,"ECS",NA,"","","BOD_WW_SED_SLDS rev April2018","ECS-SOP-014_BOD-WW-SED-SLDS-rev-April2018","Y",NA,""
"CATS_ICP2_WW_TNI.docx",229,"ECS",NA,"","","CATS_ICP2_WW","ECS-SOP-015_CATS-ICP2-WW","Y",NA,""
"CBOD_SOL_WW_TNI.docx",230,"ECS",NA,"","","CBOD_SOL_WW","ECS-SOP-016_CBOD-SOL-WW","Y",NA,""
"CHLORIDE_TIT_TNI.docx",231,"ECS",NA,"","","CHLORIDE_TIT","ECS-SOP-017_CHLORIDE-TIT","Y",NA,""
"Chlorinated Pesticides and PCBs in Fish in process_TNI.docx",232,"ECS",NA,"","","Chlorinated Pesticides and PCBs in Fish in process","ECS-SOP-018_Chlorinated-Pesticides-and-PCBs-in-Fish-in-process","Y",NA,""
"CHLORINE_TNI.docx",233,"ECS",NA,"","","CHLORINE","ECS-SOP-019_CHLORINE","Y",NA,""
"COD_WW_rev April2018_Done_TNI.docx",234,"ECS",NA,"","","COD_WW_rev April2018_Done","ECS-SOP-020_COD-WW-rev-April2018-Done","Y",NA,""
"COND_WW rev April2018_No Change_TNI.docx",235,"ECS",NA,"","","COND_WW rev April2018_No Change","ECS-SOP-021_COND-WW-rev-April2018-No-Change","Y",NA,""
"CPEST_8081A_SED_in process_TNI.docx",236,"ECS",NA,"","","CPEST_8081A_SED_in process","ECS-SOP-022_CPEST-8081A-SED-in-process","Y",NA,""
"CPEST_8081A_SED_TNI.docx",237,"ECS",NA,"","","CPEST_8081A_SED","ECS-SOP-023_CPEST-8081A-SED","Y",NA,""
"CYAN_REL_T_SLDG_TNI.docx",238,"ECS",NA,"","","CYAN_REL_T_SLDG","ECS-SOP-024_CYAN-REL-T-SLDG","Y",NA,""
"CYAN_TOTAL_WW_TNI.docx",239,"ECS",NA,"","","CYAN_TOTAL_WW","ECS-SOP-025_CYAN-TOTAL-WW","Y",NA,""
"CYAN_VIS_SLDG_TNI.docx",240,"ECS",NA,"","","CYAN_VIS_SLDG","ECS-SOP-026_CYAN-VIS-SLDG","Y",NA,""
"CYAN_VIS_WA_TNI.docx",241,"ECS",NA,"","","CYAN_VIS_WA","ECS-SOP-027_CYAN-VIS-WA","Y",NA,""
"CYAN_VIS_WW_TNI.docx",242,"ECS",NA,"","","CYAN_VIS_WW","ECS-SOP-028_CYAN-VIS-WW","Y",NA,""
"DeterminationoftheMDL_reformatted.docx",243,"ECS",NA,"","","DeterminationoftheMDL_reformatted","ECS-SOP-029_DeterminationoftheMDL-reformatted","Y",NA,""
"FLASH POINT_2018_TNI.docx",244,"ECS",NA,"","","FLASH POINT_2018","ECS-SOP-030_FLASH-POINT-2018","Y",NA,""
"FLOATABLES_WW_TNI.docx",245,"ECS",NA,"","","FLOATABLES_WW","ECS-SOP-031_FLOATABLES-WW","Y",NA,""
"GSIZ_SED_TNI.docx",246,"ECS",NA,"","","GSIZ_SED","ECS-SOP-032_GSIZ-SED","Y",NA,""
"GSIZ_SV_SED_TNI.docx",247,"ECS",NA,"","","GSIZ_SV_SED","ECS-SOP-033_GSIZ-SV-SED","Y",NA,""
"HARD_CALC_WW_TNI.docx",248,"ECS",NA,"","","HARD_CALC_WW","ECS-SOP-034_HARD-CALC-WW","Y",NA,""
"HARDNESS_TIT_WW_TNI.docx",249,"ECS",NA,"","","HARDNESS_TIT_WW","ECS-SOP-035_HARDNESS-TIT-WW","Y",NA,""
"IDOC_TNI.docx",250,"ECS",NA,"","","IDOC","ECS-SOP-036_IDOC","Y",NA,""
"LIPIDS_FISH_TNI.docx",251,"ECS",NA,"","","LIPIDS_FISH","ECS-SOP-037_LIPIDS-FISH","Y",NA,""
"MBAS_AuditRev_1805_SER_TNI.docx",252,"ECS",NA,"","","MBAS_AuditRev_1805_SER","ECS-SOP-038_MBAS-AuditRev-1805-SER","Y",NA,""
"METS_7473_SED_TNI.docx",253,"ECS",NA,"","","METS_7473_SED","ECS-SOP-039_METS-7473-SED","Y",NA,""
"METS_7473_SLDG_TNI.docx",254,"ECS",NA,"","","METS_7473_SLDG","ECS-SOP-040_METS-7473-SLDG","Y",NA,""
"METS_7473_TIS_TNI.docx",255,"ECS",NA,"","","METS_7473_TIS","ECS-SOP-041_METS-7473-TIS","Y",NA,""
"METS_CVAA_SLDG_TNI.docx",256,"ECS",NA,"","","METS_CVAA_SLDG","ECS-SOP-042_METS-CVAA-SLDG","Y",NA,""
"METS_CVAF_1631E_TNI.docx",257,"ECS",NA,"","","METS_CVAF_1631E","ECS-SOP-043_METS-CVAF-1631E","Y",NA,""
"METS_CVAF_245.7_TNI.docx",258,"ECS",NA,"","","METS_CVAF_245.7","ECS-SOP-044_METS-CVAF-245.7","Y",NA,""
"METS_HYDR_SED_TNI.docx",259,"ECS",NA,"","","METS_HYDR_SED","ECS-SOP-045_METS-HYDR-SED","Y",NA,""
"METS_HYDR_SLDG_TNI.docx",260,"ECS",NA,"","","METS_HYDR_SLDG","ECS-SOP-046_METS-HYDR-SLDG","Y",NA,""
"METS_HYDR_TIS_TNI.docx",261,"ECS",NA,"","","METS_HYDR_TIS","ECS-SOP-047_METS-HYDR-TIS","Y",NA,""
"METS_HYDR_WWx_TNI.docx",262,"ECS",NA,"","","METS_HYDR_WWx","ECS-SOP-048_METS-HYDR-WWx","Y",NA,""
"METS_ICP2_AWPD_TNI.docx",263,"ECS",NA,"","","METS_ICP2_AWPD","ECS-SOP-049_METS-ICP2-AWPD","Y",NA,""
"METS_ICP2_DIS_TNI.docx",264,"ECS",NA,"","","METS_ICP2_DIS","ECS-SOP-050_METS-ICP2-DIS","Y",NA,""
"METS_ICP2_SED SV in review_TNI.docx",265,"ECS",NA,"","","METS_ICP2_SED SV in review","ECS-SOP-051_METS-ICP2-SED-SV-in-review","Y",NA,""
"METS_ICP2_TIS_TNI.docx",266,"ECS",NA,"","","METS_ICP2_TIS","ECS-SOP-052_METS-ICP2-TIS","Y",NA,""
"METS_ICP2_WW_TNI.docx",267,"ECS",NA,"","","METS_ICP2_WW","ECS-SOP-053_METS-ICP2-WW","Y",NA,""
"METS_TDAA_SED_TNI.docx",268,"ECS",NA,"","","METS_TDAA_SED","ECS-SOP-054_METS-TDAA-SED","Y",NA,""
"METS_TDAA_TIS_TNI.docx",269,"ECS",NA,"","","METS_TDAA_TIS","ECS-SOP-055_METS-TDAA-TIS","Y",NA,""
"MICRO_FILAMENT rev April2018_TNI.docx",270,"ECS",NA,"","","MICRO_FILAMENT rev April2018","ECS-SOP-056_MICRO-FILAMENT-rev-April2018","Y",NA,""
"MICRO_FLOC_rev April2018_TNI.docx",271,"ECS",NA,"","","MICRO_FLOC_rev April2018","ECS-SOP-057_MICRO-FLOC-rev-April2018","Y",NA,""
"MICRO_ORG_rev April2018_TNI.docx",272,"ECS","ORG","","","MICRO_ORG_rev April2018","ECS-SOP-058_ORG-MICRO-ORG-rev-April2018","Y",NA,""
"MICRO_SET rev April2018_TNI.docx",273,"ECS",NA,"","","MICRO_SET rev April2018","ECS-SOP-059_MICRO-SET-rev-April2018","Y",NA,""
"MOISTURE rev April 2018_TNI.docx",274,"ECS",NA,"","","MOISTURE rev April 2018","ECS-SOP-060_MOISTURE-rev-April-2018","Y",NA,""
"NH3_N_TIT_SLDG_TNI.docx",275,"ECS",NA,"","","NH3_N_TIT_SLDG","ECS-SOP-061_NH3-N-TIT-SLDG","Y",NA,""
"NH3_N_TIT_WW_revApril2018_TNI.docx",276,"ECS",NA,"","","NH3_N_TIT_WW_revApril2018","ECS-SOP-062_NH3-N-TIT-WW-revApril2018","Y",NA,""
"NO2_N_SLDG_TNI.docx",277,"ECS",NA,"","","NO2_N_SLDG","ECS-SOP-063_NO2-N-SLDG","Y",NA,""
"NO2_N_WW_TNI.docx",278,"ECS",NA,"","","NO2_N_WW","ECS-SOP-064_NO2-N-WW","Y",NA,""
"NO2_NO3_N_WW_rev April2018_TNI.docx",279,"ECS",NA,"","","NO2_NO3_N_WW_rev April2018","ECS-SOP-065_NO2-NO3-N-WW-rev-April2018","Y",NA,""
"O_G_HEM_SPE_TNI.docx",280,"ECS",NA,"","","O_G_HEM_SPE","ECS-SOP-066_O-G-HEM-SPE","Y",NA,""
"O_G_HEM_TNI.docx",281,"ECS",NA,"","","O_G_HEM","ECS-SOP-067_O-G-HEM","Y",NA,""
"Ophos in Sludge_In Process_TNI.docx",282,"ECS",NA,"","","Ophos in Sludge_In Process","ECS-SOP-068_Ophos-in-Sludge-In-Process","Y",NA,""
"OPHOS_FISH_TISSUE_TNI.docx",283,"ECS",NA,"","","OPHOS_FISH_TISSUE","ECS-SOP-069_OPHOS-FISH-TISSUE","Y",NA,""
"OPHOS_SED_TNI.docx",284,"ECS",NA,"","","OPHOS_SED","ECS-SOP-070_OPHOS-SED","Y",NA,""
"OPHOS_WW_In Process_TNI.docx",285,"ECS",NA,"","","OPHOS_WW_In Process","ECS-SOP-071_OPHOS-WW-In-Process","Y",NA,""
"OTin in WW_eth_TNI.docx",286,"ECS",NA,"","","OTin in WW_eth","ECS-SOP-072_OTin-in-WW-eth","Y",NA,""
"PAH_FISH_TISSUE_TNI.docx",287,"ECS",NA,"","","PAH_FISH_TISSUE","ECS-SOP-073_PAH-FISH-TISSUE","Y",NA,""
"PAINTFILTER_TNI.docx",288,"ECS",NA,"","","PAINTFILTER","ECS-SOP-074_PAINTFILTER","Y",NA,""
"PERCENT_NA_WW_TNI.docx",289,"ECS",NA,"","","PERCENT_NA_WW","ECS-SOP-075_PERCENT-WW","Y",NA,""
"PH_LIQUIDS_TNI.docx",290,"ECS",NA,"","","PH_LIQUIDS","ECS-SOP-076_PH-LIQUIDS","Y",NA,""
"pH_SOLIDS_TNI.docx",291,"ECS",NA,"","","pH_SOLIDS","ECS-SOP-077_pH-SOLIDS","Y",NA,""
"PHOS_ORTHO_WW_rev April2018_TNI.docx",292,"ECS",NA,"","","PHOS_ORTHO_WW_rev April2018","ECS-SOP-078_PHOS-ORTHO-WW-rev-April2018","Y",NA,""
"PHOS_TOT_WWApril2018_TNI.docx",293,"ECS",NA,"","","PHOS_TOT_WWApril2018","ECS-SOP-079_PHOS-TOT-WWApril2018","Y",NA,""
"PURGED_WW_TNI.docx",294,"ECS",NA,"","","PURGED_WW","ECS-SOP-080_PURGED-WW","Y",NA,""
"RESIDUA_NA_CARB_TNI.docx",295,"ECS",NA,"","","RESIDUA_NA_CARB","ECS-SOP-081_RESIDUA-CARB","Y",NA,""
"SETSLDS rev April2018_TNI.docx",296,"ECS",NA,"","","SETSLDS rev April2018","ECS-SOP-082_SETSLDS-rev-April2018","Y",NA,""
"SPEC_GRAV_DSLDG_TNI.docx",297,"ECS",NA,"","","SPEC_GRAV_DSLDG","ECS-SOP-083_SPEC-GRAV-DSLDG","Y",NA,""
"SPEC_GRAV_WW_TNI.docx",298,"ECS",NA,"","","SPEC_GRAV_WW","ECS-SOP-084_SPEC-GRAV-WW","Y",NA,""
"SULF_CN_IC_SED_TNI.docx",299,"ECS",NA,"","","SULF_CN_IC_SED","ECS-SOP-085_SULF-CN-IC-SED","Y",NA,""
"SULF_REL_T_SLDG_TNI.docx",300,"ECS",NA,"","","SULF_REL_T_SLDG","ECS-SOP-086_SULF-REL-T-SLDG","Y",NA,""
"SULF_TOT_T_SLDG_TNI.docx",301,"ECS",NA,"","","SULF_TOT_T_SLDG","ECS-SOP-087_SULF-TOT-T-SLDG","Y",NA,""
"SULF_TOT_T_WW_TNI.docx",302,"ECS",NA,"","","SULF_TOT_T_WW","ECS-SOP-088_SULF-TOT-T-WW","Y",NA,""
"SULFUR_TNI.docx",303,"ECS",NA,"","","SULFUR","ECS-SOP-089_SULFUR","Y",NA,""
"SVI_WW_rev April2018_TNI.docx",304,"ECS",NA,"","","SVI_WW_rev April2018","ECS-SOP-090_SVI-WW-rev-April2018","Y",NA,""
"TBT in Sludge_TNI.docx",305,"ECS",NA,"","","TBT in Sludge","ECS-SOP-091_TBT-in-Sludge","Y",NA,""
"TBT_MUSSEL_TNI.docx",306,"ECS",NA,"","","TBT_MUSSEL","ECS-SOP-092_TBT-MUSSEL","Y",NA,""
"TBT_SED_TNI.docx",307,"ECS",NA,"","","TBT_SED","ECS-SOP-093_TBT-SED","Y",NA,""
"TDS_WW rev April2018_TNI.docx",308,"ECS",NA,"","","TDS_WW rev April2018","ECS-SOP-094_TDS-WW-rev-April2018","Y",NA,""
"TEMPERATURE_TNI.docx",309,"ECS",NA,"","","TEMPERATURE","ECS-SOP-095_TEMPERATURE","Y",NA,""
"TKN_TIT_SLDG_TNI.docx",310,"ECS",NA,"","","TKN_TIT_SLDG","ECS-SOP-096_TKN-TIT-SLDG","Y",NA,""
"TKN_TIT_WW_TNI.docx",311,"ECS",NA,"","","TKN_TIT_WW","ECS-SOP-097_TKN-TIT-WW","Y",NA,""
"TN_DSLDG_TNI.docx",312,"ECS",NA,"","","TN_DSLDG","ECS-SOP-098_TN-DSLDG","Y",NA,""
"TOC_N _ SED_TNI.docx",313,"ECS",NA,"","","TOC_N _ SED","ECS-SOP-099_TOC-N-SED","Y",NA,""
"TOT_PHOS_SLDG_TNI.docx",314,"ECS",NA,"","","TOT_PHOS_SLDG","ECS-SOP-100_TOT-PHOS-SLDG","Y",NA,""
"TPH_D_TNI.docx",315,"ECS",NA,"","","TPH_D","ECS-SOP-101_TPH-D","Y",NA,""
"TPH_G_TNI.docx",316,"ECS",NA,"","","TPH_G","ECS-SOP-102_TPH-G","Y",NA,""
"TS_FD_GRAV_TIS_TNI.docx",317,"ECS",NA,"","","TS_FD_GRAV_TIS","ECS-SOP-103_TS-FD-GRAV-TIS","Y",NA,""
"TS_VS_SLDG rev April2018_TNI.docx",318,"ECS",NA,"","","TS_VS_SLDG rev April2018","ECS-SOP-104_TS-VS-SLDG-rev-April2018","Y",NA,""
"TS_VS_WW_TNI.docx",319,"ECS",NA,"","","TS_VS_WW","ECS-SOP-105_TS-VS-WW","Y",NA,""
"TSS_VSS_TNI.docx",320,"ECS",NA,"","","TSS_VSS","ECS-SOP-106_TSS-VSS","Y",NA,""
"TURBIDITY rev April2018_TNI.docx",321,"ECS",NA,"","","TURBIDITY rev April2018","ECS-SOP-107_TURBIDITY-rev-April2018","Y",NA,""
